code,name,market,category,riskLevel,personality,profit1,profit1_reason,profit1_source,profit2,profit2_reason,profit2_source,profit3,profit3_reason,profit3_source,key1,key1_reason,key1_source,key2,key2_reason,key2_source,key3,key3_reason,key3_source,risk1,risk1_reason,risk1_source,risk2,risk2_reason,risk2_source,risk3,risk3_reason,risk3_source,reminder
TSE,加權指數,加權指數,,,,,,,,,,,,,,,,,,,,,,,,,,,,,,,
OTC,櫃買指數,櫃買指數,,,,,,,,,,,,,,,,,,,,,,,,,,,,,,,
TSE11,水泥,上市水泥,,,,,,,,,,,,,,,,,,,,,,,,,,,,,,,
1110,東泥,上市水泥,,,盤踞「南台灣市場」的水泥商，近年因土地資產開發受到關注,南台灣預拌混凝土,,,水泥產銷,,,資產活化（高雄廠區開發）,,,南台灣科學園區建廠進度,,,高雄土地重劃進度,,,爐石粉行情,,,傳統水泥產線老舊,,,工安事故風險,,,地方政府開發政策更迭,,,投資亮點在於南台灣半導體建廠熱潮帶動的混凝土需求及土地價值
1109,信大,上市水泥,,,營運版圖集中在「江蘇南京與台灣東部」的利基型業者,南京信大水泥獲利,,,台灣東部水泥銷售,,,資產租賃,,,長三角地區水泥價格,,,中國華東基建熱度,,,石灰石礦源穩定性,,,中國房市景氣下行,,,兩岸關係影響營運,,,南京環保限產令,,,獲利波動與南京市場高度掛鉤，需密切關注中國華東區的水泥行情
1108,幸福,上市水泥,,,區域型水泥供應商，獲利高度依賴「北台灣公共工程與基建」,水泥銷售,,,預拌混凝土,,,廢棄物處理代工,,,北部公共工程案量,,,貨物稅補助政策,,,煤炭進口成本,,,規模經濟較小抗風險力弱,,,環保罰單風險,,,煤價暴漲,,,典型的內需小型股，觀察重點在於政府大型交通建設的發包時程
1104,環泥,上市水泥,,,專注於台灣內需，憑藉「預拌混凝土與石膏板」穩紮穩打的在地商,預拌混凝土,,,石膏板（市佔第一）,,,利奇電子的感測器（子公司）,,,台灣房建與半導體建廠進度,,,石膏板市佔率,,,原材料（砂石）成本,,,台灣營建業缺工導致進度延後,,,房市政策打房,,,原材料運輸成本上升,,,它是純度極高的「台灣內需建材股」，受中國房市拖累極小
1103,嘉泥,上市水泥,,,放棄二線水泥競爭，轉身投入「高端旅宿與資產開發」的轉型者,沖繩飯店經營（Hotel Collective）,,,租賃收入,,,台泥股利收入,,,沖繩旅遊住房率,,,資產重估增值,,,持有台泥股票的價值,,,旅遊業受匯率或天災影響,,,本業水泥營收持續萎縮,,,新飯店開發進度延宕,,,它是披著水泥皮的觀光資產股，對旅遊業景氣極度敏感
1102,亞泥,上市水泥,,,獲利穩健，兩岸佈局精悍且深耕電力事業的「模範生」,中國與台灣水泥業務,,,遠東新及裕民之轉投資,,,嘉惠電力（天然氣發電）,,,轉投資事業貢獻,,,中國基建需求,,,股利發放率,,,採礦權爭議（環境政治風險）,,,中國市場產能過剩,,,天然氣價格波動,,,它是集團旗下的金雞母，適合偏好高殖利率與穩定收益的投資者
1101,台泥,上市水泥,,,從傳統水泥龍頭蛻變為「全球綠能與儲能的布局者」,兩岸水泥產銷,,,海外（歐洲/非洲）合資利潤,,,能源事業（儲能/電池）,,,煤價走勢,,,碳費徵收標準,,,土耳其及葡萄牙廠投資收益,,,中國房地產低迷,,,高額轉型投資導致的短期現金流壓力,,,全球碳稅政策,,,看台泥已不能只看水泥，要看它綠能轉型的長期賠率
TSE12,食品,上市食品,,,,,,,,,,,,,,,,,,,,,,,,,,,,,,,
3054,立萬利,上市食品,,,從電子零件轉型為「生技食品與通路代理」的複合企業,生技營養食品,,,產品代理銷售,,,電子元件(殘餘業務),,,生技產品開發案進度,,,代理品牌續約狀況,,,集團資源整合效果,,,品牌知名度不足,,,轉型陣痛期波動,,,法規審核風險,,,轉型過程長，營運波動大，需關注其新產品在市場的接受度
1737,臺鹽,上市食品,I012010,,由公營轉民營，擁有「鹽,水,,,生技」三位一體的特許防禦商,,,鹽產品(民生與工業用),,,包裝水(海洋鹼性離子水),,,美容化妝品與生技品,,,包裝水市佔率,,,海廢/核處理水輿情,,,綠能發電投資進度,,,鹽產品進口競爭,,,產品線老化
1702,南僑,上市食品,J000310|I012010|I012020,,橫跨「烘焙油脂與急凍熟麵」的兩岸與泰國餐飲軍火商,烘焙用油脂,,,急凍熟麵與米果(泰國),,,餐飲服務(點水樓),,,棕櫚油原料報價,,,泰國外銷訂單量,,,烘焙業展店熱潮,,,棕櫚油出口稅率,,,匯率大幅波動,,,中國烘焙市場疲軟,,,近期泰國廠擴產與外銷是其主要的成長來源
1256,鮮活果汁-KY,上市食品,I012020,,深耕中國手搖飲產業供應鏈的「濃縮果汁大王」,果汁/果漿/果粉,,,口感顆粒產品,,,特調產品研發,,,中國手搖飲店開張數,,,水果原材料產季價格,,,主要客戶(如蜜雪冰城)動態,,,中國市場內捲競爭,,,供應商直採威脅,,,人民幣匯率風險,,,它是手搖飲的背後軍火商，與中國手搖飲景氣完全同步
1236,宏亞,上市食品,I012020,,擁有「七七乳加與禮坊」品牌，深受年節效應影響的甜點商,休閒食品(七七系列),,,禮坊(喜餅/年禮),,,巧克力共和國(觀光觀光工廠),,,可可豆國際報價,,,結婚對數與節慶時點,,,巧克力產品創新,,,少子化影響喜餅市場,,,可可豆價格暴漲,,,健康減糖風潮,,,第四季與第一季是其傳統旺季，獲利季節性極強
1235,興泰,上市食品,,,營運規模較小,近年頻繁涉入「轉投資與資產運作」的水產飼料廠,,,水產/禽畜飼料,,,轉投資股票獲利,,,不動產租賃,,,證券投資損益,,,水產養殖業景氣,,,資產開發效益,,,業外獲利佔比過大,,,流動性較低(冷門股),,,本業萎縮
1234,黑松,上市食品,I012020,,坐擁台北市精華土地且擁有「碳酸飲品第一品牌」的資產大亨,黑松沙士等飲品銷售,,,58度金門高粱代理,,,土地租賃收入(微風廣場),,,金門高粱代理量,,,夏季氣溫(冷飲銷量),,,資產重估與開發,,,含糖稅政策推動,,,代理權被收回風險,,,通路商上架費提升,,,獲利穩健且具備強大的資產價值底蘊
1233,天仁,上市食品,I012020,,結合「茶葉貿易與連鎖餐飲」的傳統茶文化推手,茶葉產品銷售,,,喫茶趣餐飲收入,,,喫茶趣ToGo手搖飲,,,國內觀光消費力,,,茶葉進口成本,,,百貨通路人流量,,,手搖飲市場過度競爭,,,年輕族群消費偏好改變,,,店租成本上升,,,受惠內需餐飲復甦，但需關注手搖飲品牌的數位轉型
1232,大統益,上市食品,,,獲利極其穩定,長年配息優渥的「大豆壓榨王者」,,,黃豆粉(飼料用),,,精製大豆油(美食家),,,散裝大宗物資,,,黃豆期貨與匯率,,,壓榨毛利率,,,台灣餐飲業市況,,,國際黃豆供需失衡,,,匯率大幅波動風險,,,單一市場過於飽和
1231,聯華食,上市食品,,,結合「休閒零食與便利商店鮮食」雙引擎的龍頭商,休閒食品(萬歲牌/可樂果),,,超商鮮食代工(7-11),,,健康生醫系列,,,超商展店與鮮食銷量,,,堅果/原料成本,,,新廠產能開出進度,,,食安風險導致停工,,,勞動力短缺影響鮮食,,,休閒食品市場飽和,,,鮮食代工與超商高度綁定，是極具競爭力的民生剛需
1229,聯華,上市食品,,,轉型為「控股公司」且持有工業氣體金雞母的穩健型企業,聯華林德(工業氣體),,,麵粉與義大利麵銷售,,,聯強等轉投資收益,,,半導體對工業氣體需求,,,小麥成本走勢,,,轉投資獲利貢獻,,,科技業景氣寒冬,,,小麥進口價格波動,,,食品本業利潤單薄,,,與其說是食品股，不如說是披著食品皮的「半導體氣體與通路股」
1227,佳格,上市食品,,,擁有強大品牌忠誠度的「健康營養與食用油領導者」,桂格燕麥/營養品,,,得意的一天食用油,,,中國業務(佳格中國),,,高齡化社會營養需求,,,中國市場獲利恢復力,,,健康食品認證數量,,,中國市場競爭劇烈,,,燕麥原料成本,,,廣告行銷支出過高,,,受惠高齡化紅利，但中國區的虧損縮減是近期關鍵
1225,福懋油,上市食品,,,專精於「大豆壓榨與沙拉油」的油脂專業廠,沙拉油銷售,,,黃豆粉銷售,,,麵粉與穀物經營,,,黃豆壓榨利差,,,黃豆進口到岸成本,,,餐飲業用油需求,,,大宗物資價格劇烈變動,,,經營權潛在變動,,,下游獲利遭壓縮,,,股本小
1220,台榮,上市食品,,,專攻「澱粉與糖漿加工」的食品工業原料商,玉米澱粉,,,果糖/糖漿系列,,,飼料與水產產品,,,玉米進口價格,,,下游飲料商需求,,,替代糖類競爭,,,玉米期貨劇烈波動,,,食糖稅政策趨勢,,,環保排污處理費,,,獲利波動受國際糧價高度牽動，屬於典型的上游供應商
1219,福壽,上市食品,,,深耕農牧循環經濟且擁有「全台市佔第一寵物糧」的老牌廠,飼料與肉品加工,,,油脂與肥料事業,,,寵物食品銷售,,,寵物市場年增率,,,大宗物資採購價格,,,電商通路佈局,,,氣候影響農產供給,,,原料進口稅率變動,,,畜牧業景氣寒冬,,,寵物經濟是其隱形的成長引擎，可留意此部分的營收占比
1218,泰山,上市食品,,,經歷經營權風波後，重整步調回歸「油脂與飲品本業」的傳統大廠」,泰山油脂系列,,,八寶粥/仙草蜜銷售,,,全家處分後的資金利用,,,油脂原料價格,,,新團隊營運方針,,,股東權益變動,,,經營權爭議殘留,,,失去全家金雞母後的獲利缺口,,,品牌老化,,,現階段重心在於失去全家股權後如何尋求新的獲利引擎
1217,愛之味,上市食品,,,擅長品牌行銷與健康趨勢產品的「罐頭與植物奶商」,甜罐頭與休閒食品,,,燕麥奶/植物奶系列,,,純濃燕麥代工,,,燕麥產品市佔率,,,中元普渡等季節買氣,,,原材料燕麥價格,,,含糖飲料標籤政策,,,原物料運輸成本,,,健康食品競爭加劇,,,品牌印象深，燕麥奶已成為其最重要的成長曲線
1216,統一,上市食品,,,統治台灣民生消費鏈的「零售與食品巨擘」,統一超商(7-11)貢獻,,,食品與飲料銷售,,,統一中控(中國業務),,,集團合併營收年增率,,,統一超獲利貢獻,,,全球供應鏈成本,,,中國消費力下滑,,,零售通路飽和,,,電商競爭威脅,,,它是台灣版的「可口可樂+沃爾瑪」，適合長期存股的防禦型核心
1215,卜蜂,上市食品,,,經營效率極高的「台灣肉品加工與飼料領航者」,飼料生產,,,鮮肉/加工肉製品,,,蛋雞養殖,,,泰國母集團資源整合,,,豬肉/雞肉市場價格,,,自動化廠房產能,,,口蹄疫/禽流感,,,飼料原料漲價,,,環保法規限制,,,管理層能力極佳，是食品股中長期配息最穩定的標的之一
1213,大飲,上市食品,,,受限於單一明星產品且財務體質不穩的「蘋果西打製造商」,蘋果西打銷售,,,其他飲料代工,,,資產收益,,,產品食安檢驗合格率,,,銀行借款償還狀況,,,通路恢復上架率,,,財務結構亮紅燈,,,單一產品依賴過重,,,停工停產風險,,,投機成分極高，需慎防下市與經營權不穩之風險
1210,大成,上市食品,,,貫穿飼料到餐桌的「兩岸農牧垂直整合龍頭」,肉雞/雞蛋生產加工,,,飼料銷售,,,餐飲事業(勝博殿等),,,黃豆/玉米期貨價,,,雞肉行情波動,,,中國市場獲利佔比,,,禽流感疫情風險,,,黃豆進口成本,,,中國轉投資虧損,,,獲利與黃豆玉米息息相關，屬於抗通膨的首選標的
1203,味王,上市食品,,,資產雄厚且稱霸東南亞速食麵市場的「老牌調味專家」,王子麵與速食麵銷售,,,泰國/越南轉投資利潤,,,土地資產開發租賃,,,東南亞匯率變動,,,資產開發進度,,,味精/醬油市佔率,,,本業產品老化,,,海外市場通膨壓力,,,原物料成本上升,,,典型的資產股與東南亞收成股，獲利平穩但缺乏爆發力
1201,味全,上市食品,,,歷經風波後聚焦冷藏通路與中國市場的「乳品大廠」,每日C/林鳳營冷藏飲品,,,中國轉投資事業,,,方便食品銷售,,,生乳收購成本,,,中國冷藏鏈佈局進度,,,品牌好感度修復,,,原物料價格波動,,,食安事件歷史陰影,,,中國在地品牌競爭,,,營運重心已移往中國，需關注對岸冷藏飲品增長動能
TSE13,塑膠,上市塑膠,,,,,,,,,,,,,,,,,,,,,,,,,,,,,,,
4306,炎洲,上市塑膠,,,膠帶與包材股，工業循環延伸,工業膠帶,,,包裝材料,,,海外市場,,,工業需求,,,毛利率,,,原料成本,,,需求衰退,,,原料上漲,,,匯率波動,,,屬中小型循環股
1341,富林-KY,上市塑膠,,,塑膠成品外銷股,塑膠板材,,,外銷訂單,,,客製產品,,,出口比例,,,毛利率,,,原料價格,,,景氣衰退,,,價格競爭,,,匯率風險,,,出口循環導向
1340,勝悅-KY,上市塑膠,,,鞋材塑膠材料股,鞋材產品,,,品牌客戶訂單,,,功能性材料,,,鞋業景氣,,,毛利率,,,接單能見度,,,品牌砍單,,,原料上漲,,,需求放緩,,,連動鞋業循環
1337,再生-KY,上市塑膠,,,再生塑膠概念股,再生塑膠粒,,,環保材料,,,外銷市場,,,塑膠價格,,,毛利率,,,環保政策,,,原料波動,,,需求衰退,,,政策改變,,,環保與原料雙題材
1326,台化,上市塑膠,I013010,,石化龍頭，價差循環核心,PTA銷售,,,塑化產品,,,化纖材料,,,油價,,,產品價差,,,產能利用率,,,油價下跌,,,中國產能過剩,,,需求衰退,,,典型石化循環股
1325,恆大,上市塑膠,,,醫療與塑膠雙主軸,醫療耗材,,,塑膠製品,,,外銷,,,醫療需求,,,毛利率,,,出口比重,,,疫情降溫,,,價格競爭,,,需求回落,,,題材波動大
1324,地球,上市塑膠,,,PVC建材循環股,塑膠建材,,,PVC產品,,,內銷市場,,,房市景氣,,,PVC價差,,,毛利率,,,房市降溫,,,原料波動,,,需求下降,,,房市連動型
1323,永裕,上市塑膠,,,醫療塑膠包材股,醫療容器,,,化妝品包材,,,食品包材,,,醫療需求,,,毛利率,,,新產品滲透,,,需求減弱,,,價格競爭,,,原料上漲,,,偏穩定型
1321,大洋,上市塑膠,,,塑膠建材循環股,建材產品,,,PVC材料,,,內需市場,,,建築景氣,,,原料價格,,,毛利率,,,房市下滑,,,價差壓縮,,,需求衰退,,,內需循環股
1315,達新,上市塑膠,,,塑膠加工中小型股,塑膠製品,,,工業材料,,,外銷訂單,,,出口比例,,,毛利率,,,原料成本,,,需求衰退,,,原料上漲,,,匯率風險,,,小型價差股
1314,中石化,上市塑膠,,,石化中游高循環股,ABS銷售,,,苯乙烯,,,塑化產品,,,油價,,,ABS價差,,,產能利用率,,,油價波動,,,中國競爭,,,需求下降,,,高循環價差股
1313,聯成,上市塑膠,,,PVC與塑化材料股,PVC產品,,,塑化原料,,,外銷市場,,,PVC價差,,,油價,,,毛利率,,,價差壓縮,,,需求下滑,,,中國產能過剩,,,典型價差操作股
1312,國喬,上市塑膠,,,ABS與塑膠原料循環股,ABS銷售,,,塑膠粒,,,出口市場,,,ABS價差,,,油價,,,毛利率,,,中國競爭,,,油價下跌,,,需求疲弱,,,高度景氣循環
1310,台苯,上市塑膠,,,苯乙烯價差股,苯乙烯銷售,,,化工原料,,,出口,,,苯乙烯價差,,,油價,,,產能利用率,,,價差縮小,,,需求衰退,,,中國競爭,,,完全看價差
1309,台達化,上市塑膠,,,ABS與PS循環股,ABS產品,,,PS產品,,,外銷市場,,,ABS價差,,,油價,,,毛利率,,,中國競爭,,,價差壓縮,,,需求衰退,,,景氣循環明顯
1308,亞聚,上市塑膠,,,PE材料循環股,PE銷售,,,塑膠粒,,,外銷,,,PE價差,,,油價,,,產能利用率,,,油價波動,,,需求下降,,,中國競爭,,,價差決定獲利
1307,三芳,上市塑膠,,,合成皮材料股,合成皮革,,,鞋材,,,外銷,,,鞋業景氣,,,毛利率,,,出口比重,,,品牌砍單,,,需求下降,,,原料波動,,,連動鞋業循環
1305,華夏,上市塑膠,,,PVC與建材循環股,PVC產品,,,建材,,,出口市場,,,PVC價差,,,油價,,,毛利率,,,價差壓縮,,,需求衰退,,,中國產能過剩,,,高循環石化股
1304,台聚,上市塑膠,,,PE與塑膠原料股,PE銷售,,,塑膠粒,,,出口,,,PE價差,,,油價,,,產能利用率,,,價差縮小,,,需求疲弱,,,油價波動,,,典型價差股
1303,南亞,上市塑膠,,,石化與電子材料雙主軸,塑化產品,,,電子材料,,,化纖材料,,,油價,,,產品價差,,,電子需求,,,油價波動,,,需求衰退,,,中國競爭,,,雙循環結構股
1301,台塑,上市塑膠,,,石化龍頭，原料循環核心,塑化產品,,,原料銷售,,,出口市場,,,油價,,,產品價差,,,產能利用率,,,油價下跌,,,需求衰退,,,中國競爭,,,大型石化循環股
TSE14,紡織纖維,上市紡織纖維,,,,,,,,,,,,,,,,,,,,,,,,,,,,,,,
4440,宜新實業,上市紡織纖維,,,彈性紗魔術師,彈性包覆紗,,,環保回收紗,,,車用紡織品,,,Nike/Adidas下單量,,,環保紗佔比,,,毛利率維持率,,,單一客戶佔比過高,,,匯率波動(出口導向),,,原料價格(PTA/EG),,,專攻高毛利的「彈性包覆紗」，獲利能力通常優於傳統紡紗廠。
4439,冠星-KY,上市紡織纖維,I014040,,專攻「運動品牌棉質針織布」的利基型大廠,棉質針織布,,,功能性面料,,,成衣事業佈局,,,Adidas訂單占比,,,柬埔寨廠生產效率,,,棉花報價變動,,,單一客戶依賴度高,,,新廠稼動率不如預期,,,KY股特有的稅務監管,,,與國際運動品牌掛鉤深，需注意棉花成本轉嫁能力
4438,廣越,上市紡織纖維,I014030,,全球頂級羽絨服飾代工天王，獲利隨季節「高度波動」,羽絨外套代工,,,針織成衣,,,運動服外銷,,,冬季冷熱(影響去化),,,羽絨原料收購成本,,,品牌客戶(TNF/Adidas)訂單,,,暖冬導致庫存堆積,,,鴨毛/鵝毛價格波動,,,季節性淡旺季極其明顯,,,典型的季節性股票，第二
4426,利勤,上市紡織纖維,I014040,,立體織物王,3D立體織物(鞋面),,,運動護具,,,特殊貼合布,,,Nike採購佔比,,,奧運/世足題材,,,高階機台折舊攤提,,,單一客戶(Nike)依賴度極高,,,越南產能利用率,,,同業低價搶單,,,全世界運動鞋面布料的關鍵供應商，股價與Nike財報高度連動。
4414,如興,上市紡織纖維,I014030,,牛仔褲爭議巨人,牛仔褲代工(Levi's),,,成衣製造,,,零售通路,,,借款負債比率,,,大股東持股變化,,,會計師查核意見,,,財務誠信與訴訟風險,,,併購玖地集團後的整合黑洞,,,流動性枯竭,,,全球最大牛仔褲代工廠之一，但財務與經營權爭議不斷，投機風險極高。
1477,聚陽,上市紡織纖維,,,生產彈性極高的「快時尚與運動服飾代工領袖」,快時尚成衣(Fast Fashion),,,運動休閒服飾,,,機能性產品,,,美系大客戶訂單占比,,,東南亞產能分散率,,,每季毛利率走勢,,,快時尚品牌退燒,,,海運物流延遲,,,極端氣候影響換季節奏,,,經營層掌握趨勢極快，獲利彈性優於多數同業
1476,儒鴻,上市紡織纖維,I014040,,全球機能服飾的「研發代工之王」，高毛利的指標性股王,高機能針織布,,,成衣代工(OEM/ODM),,,創新材料研發,,,品牌客戶(Nike/Lululemon)庫存,,,研發費用占營收比,,,印尼新廠產能開出,,,終端運動品牌競爭力下降,,,人才流失至競爭對手,,,匯率大幅波動影響外銷,,,看儒鴻等於看全球機能服飾的景氣風向球
1475,業旺,上市紡織纖維,,,轉型染整新兵,染整加工,,,數位印花,,,工業用布,,,新經營團隊(吉美建設)動向,,,染整加工費,,,環保法規遵循成本,,,染整業高耗能/高水費,,,主要客戶轉單,,,環保罰款風險,,,原本是傳統染整，近期因經營層變動與轉型題材受到關注。
1474,弘裕,上市紡織纖維,I014040,,工業用布龍頭,工業用布(箱包/帳篷),,,醫療用紡織品,,,家飾裝潢布,,,主要客戶(VF集團)訂單,,,醫療標案取得率,,,九江廠產能,,,原油價格(影響化纖成本),,,中國內需消費疲弱,,,匯率波動,,,台灣最大的工業用布廠，不只是做衣服，醫療與軍用帳篷也是強項。
1473,台南,上市紡織纖維,,,成衣代工老將,成衣OEM/ODM(Gap/Macy's),,,自有品牌(Fila代理權已分拆),,,東南亞產能,,,美國服飾庫存去化速度,,,成衣加工單價(ASP),,,越南/柬埔寨工資成本,,,快時尚需求放緩,,,品牌客戶砍單,,,匯率風險,,,老牌成衣代工廠，獲利穩定但爆發力不足，觀察美國零售數據。
1470,大統新創,上市紡織纖維,,,機能布料精品店,戶外機能布料,,,特殊染整,,,平織布,,,戶外運動品牌(Decathlon)訂單,,,少量多樣接單能力,,,染整技術門檻,,,品牌客戶庫存調整,,,高階技術人員流失,,,匯率波動,,,走「小而美」路線，專精高單價、難做的機能布種，毛利相對穩定。
1468,昶和,上市紡織纖維,,,利基型加工廠,紡織品加工,,,布料買賣,,,特定用途布料,,,下游客戶開工率,,,加工費率,,,主要原料價格,,,市場關注度低(流動性差),,,產業競爭激烈,,,原料轉嫁不易,,,股性冷門，主要做中間加工與買賣，缺乏強力品牌題材。
1467,南緯,上市紡織纖維,,,智慧衣先行者,成衣代工,,,金屬纖維(智慧衣),,,供應鏈管理服務,,,北美客戶訂單,,,智慧衣專案進度,,,越南/史瓦帝尼產能,,,新技術商用化延遲,,,成衣毛利壓縮,,,運費成本上升,,,題材很好(智慧衣、金屬纖維)，但獲利尚未能從題材中大幅兌現。
1466,聚隆,上市紡織纖維,,,嫘縈絲專家,嫘縈絲(Rayon),,,不織布(面膜/衛材),,,Lyocell環保纖維,,,木漿原料價格,,,藥妝通路需求(面膜),,,新產品(Acepora)滲透率,,,木漿成本暴漲無法轉嫁,,,同業削價競爭,,,匯率波動,,,台灣少數專精於「纖維素纖維」(非石化)的廠商，與美容醫療產業連動。
1465,偉全,上市紡織纖維,,,緹花布貿易商,緹花布,,,短纖布,,,紡織品貿易,,,歐美家居市場景氣,,,庫存周轉天數,,,貿易利差,,,設計流行趨勢改變,,,庫存跌價損失,,,運費高漲侵蝕獲利,,,以貿易和設計導向為主，對於歐美家居裝飾市場的敏感度高。
1464,得力,上市紡織纖維,,,UA的最佳隊友,長纖機能布,,,平織布,,,運動服飾代工,,,Under Armour股價/財報,,,越南廠產能利用率,,,Adidas訂單成長率,,,主要客戶(UA)營運逆風,,,越南勞工成本上升,,,匯率波動,,,高度依賴Under Armour，當UA重返榮耀時，它是最直接受惠者。
1463,強盛,上市紡織纖維,,,資產型染整廠,保溫棉/染整加工,,,都更案(台大OPUS ONE),,,成衣代工,,,台北市資產開發進度,,,染整加工量,,,每股淨值,,,本業獲利邊緣化,,,資產認列完畢後的空窗期,,,染整環保成本,,,本業染整平平，市場主要看它在台北市精華區的都更案與資產價值。
1460,宏遠,上市紡織纖維,,,創新機能布廠,長纖/短纖機能布,,,加工紗,,,戶外/瑜珈品牌(Lululemon/Nike),,,主要客戶庫存去化,,,高階產品ASP,,,永續布料佔比,,,全球品牌砍單,,,高資本支出折舊壓力,,,匯率波動,,,遠東集團旗下，研發能力強(曾做蔡英文戰袍)，但股本大，獲利易被折舊稀釋。
1459,聯發,上市紡織纖維,,,聚酯研發實驗室,聚酯加工絲,,,機能性纖維,,,特殊規格紗,,,原料(PTA/EG)價差,,,下游織布廠需求,,,利基型產品比重,,,大宗規格價格戰,,,中國產能傾銷,,,原料價格劇烈波動,,,專注於聚酯纖維的差異化研發，但受限於產業結構，爆發力較溫吞。
1457,宜進,上市紡織纖維,,,地產控股紡織,聚酯加工絲,,,商用不動產租金,,,土地開發利益,,,租金收益率,,,加工絲利差,,,轉投資收益(光明絲織),,,本業紡織獲利微薄,,,房市景氣反轉,,,升息增加利息負擔,,,這是一家披著紡織皮的「資產控股公司」，買它是為了它的收租與資產重估。
1455,集盛,上市紡織纖維,,,尼龍粒大戶,尼龍粒(CPL下游),,,加工絲,,,工程塑膠,,,原料CPL價格走勢,,,中國尼龍產能開出狀況,,,加工絲盤價,,,原料CPL暴跌導致庫存損失,,,中國同業殺價,,,下游需求急凍,,,處於石化原料與紡織的中間，獲利極度依賴CPL(己內醯胺)的價格利差，景氣循環股。
1454,台富,上市紡織纖維,,,彈性包覆老手,彈性包覆紗,,,空氣締捲紗,,,特多龍絲,,,下游織布/毛衣需求,,,原料價格轉嫁力,,,產能稼動率,,,產品替代性高,,,市場競爭激烈,,,匯率影響出口,,,老牌加工絲廠，獲利穩定但缺乏新題材，股性偏向牛皮。
1452,宏益,上市紡織纖維,,,加工絲精品店,聚酯加工絲(假撚),,,複合紗,,,高階機能紗,,,加工絲與原料價差,,,高階複合紗佔比,,,毛利率(優於同業),,,一般規格品價格崩跌,,,電價調漲(高耗電),,,勞工短缺,,,堅持不做大宗規格，專攻高毛利「複合加工絲」，是加工絲族群中的獲利資優生。
1451,年興,上市紡織纖維,,,牛仔縮減王,牛仔布,,,成衣代工,,,休閒褲,,,賴索托/墨西哥廠營運狀況,,,棉花價格,,,主要客戶(Levi's)訂單,,,缺工導致關廠(現已縮減產能),,,運費與關稅成本,,,匯率波動,,,曾經的牛仔褲代工王，近年因缺工與成本問題大舉關廠縮編，處於轉型陣痛期。
1449,佳和,上市紡織纖維,,,車用紡織新星,車用內裝布,,,羊毛混紡布,,,機能性織物,,,特斯拉(Tesla)交車量,,,車用布認證進度,,,羊毛原料價格,,,單一車廠砍單風險,,,新台幣匯率,,,原物料成本上升,,,從傳統羊毛布轉型成功，切入特斯拉供應鏈是最大亮點。
1447,力鵬,上市紡織纖維,,,尼龍世界工廠,尼龍粒,,,尼龍絲,,,平織布,,,CPL原料報價,,,中國尼龍產能競爭,,,全球紡織景氣,,,營收大但毛利極低,,,原料跌價庫存損失,,,中國反傾銷調查,,,營收規模驚人但獲利微薄，股價常隨油價與CPL報價波動，屬景氣循環股。
1446,宏和,上市紡織纖維,,,板橋大地主,營建收入(板橋建案),,,平織布(成衣/工業),,,布料加工,,,板橋建案交屋入帳進度,,,成衣市場庫存,,,資產重估價值,,,建案認列完畢後的空窗期,,,本業紡織虧損,,,房市政策打壓,,,本業紡織幾乎被忽略，股價完全取決於板橋帝國廣場等建案的入帳時程。
1445,大宇,上市紡織纖維,,,合成皮老兵,PU合成皮,,,天然皮革加工,,,紡織品貿易,,,國際原油價格,,,鞋類/傢俱市場需求,,,環保法規(PU製程),,,環保意識抬頭(真皮替代),,,原料成本高漲,,,匯率波動,,,主要做合成皮，與鞋業和傢俱業景氣相關，近年受環保趨勢影響大。
1444,力麗,上市紡織纖維,,,聚酯綠能雙刀,聚酯加工絲/瓶粒,,,蘋果傳輸線編織材,,,綠能(風電/水資源),,,蘋果(Apple)新品發表,,,風電事業獲利貢獻,,,瓶用酯粒報價,,,中國聚酯產能過剩,,,綠能投資回收期長,,,電價成本上升,,,除了是蘋果供應鏈(編織線)，龐大的綠能與水資源投資是長線保護傘。
1441,大東,上市紡織纖維,I099030,,台中資產股,紡紗(轉型中),,,資產開發(台中市區),,,一般紗/混紡紗,,,台中土地開發進度,,,棉花期貨價格,,,本業轉型成效,,,本業長期虧損,,,資產開發延宕,,,紡紗產業外移,,,紡紗本業已無競爭力，股價漲跌全看台中土地資產的開發題材。
1440,南紡,上市紡織纖維,I099030,,南台灣紡織霸主，結合「聚酯化纖與購物中心」的複合體,化纖與紗線銷售,,,南紡購物中心收益,,,土地資產活化,,,棉花與聚酯利差,,,百貨公司營收年增,,,越南廠產能利用率,,,棉價暴起暴落,,,零售業景氣波動,,,中國低價產品競爭,,,資產價值極高，本業受全球棉價與服飾景氣牽動
1434,福懋,上市紡織纖維,,,台塑集團成員，全球戶外服飾機能布的「隱形巨頭」,機能布與簾子布,,,油品連鎖經營,,,台塑相關轉投資,,,戶外品牌拉貨動能,,,油價對油品的價差,,,越南產能佈局,,,環保法規成本提升,,,原物料波動受制台塑,,,海外產線工安,,,獲利穩定，兼具機能布成長性與油品防禦性
1423,利華,上市紡織纖維,,,羊毛加工廠,羊毛條,,,防縮羊毛,,,毛紡織品,,,國際羊毛拍賣價格,,,冬季服飾需求,,,匯率(澳幣/台幣),,,羊毛價格暴跌,,,暖冬導致需求減少,,,庫存去化困難,,,台灣碩果僅存的羊毛廠，獲利高度依賴羊毛原料價格與氣候(冷冬/暖冬)。
1419,新紡,上市紡織纖維,I099030,,坐擁士林精華土地，地產開發價值遠大於紡織本業,機能布料代工,,,士林廠房租賃,,,營建與土地開發,,,士林地產開發進度,,,高毛利產品佔比,,,資產重估利益,,,政策性限建風險,,,紡織單價下滑,,,升息影響房地產評價,,,名副其實的土地概念股，資產價值是股價支撐
1418,東華,上市紡織纖維,,,亞克力纖維獨苗,亞克力棉(Acrylic),,,亞克力毛條,,,碳纖維前驅體(少量),,,原料AN價格,,,冬季衣物需求,,,毛利率變化,,,原料AN價格波動劇烈,,,替代纖維競爭,,,單一產品風險,,,台灣唯一的亞克力棉廠，產品具獨佔性但市場規模受限，股性冷僻。
1417,嘉裕,上市紡織纖維,,,從西服品牌代理成功轉型為「國軍服裝與餐飲」供應商,國軍服裝代工,,,自有品牌與代理,,,餐飲事業,,,國軍採購合約,,,庫存去化速度,,,餐飲門店獲利,,,標案結束後空窗期,,,成衣市場競爭劇烈,,,品牌老化,,,近期獲利轉機點在於國軍合約帶來的穩定營收
1414,東和,上市紡織纖維,,,歷史悠久,規模小但資產紮實的長纖維業者,,,長纖維紡紗,,,布料銷售,,,資產租賃,,,小麥/棉花等原料,,,國內成衣需求,,,設備更新進度,,,成交量稀少(流動性),,,產品替代風險,,,電費成本上升
1413,宏洲,上市紡織纖維,,,宜進的小衛星,聚酯長纖,,,加工絲,,,盤元,,,母公司(宜進)策略,,,加工絲盤價,,,產能利用率,,,財務結構較弱,,,產品缺乏差異化,,,景氣波動風險,,,宜進集團成員，產品與母公司雷同，通常跟著集團作帳行情連動。
1410,南染,上市紡織纖維,,,轉型不動產租賃，獲利結構單一且極其穩定的「收租公」,染整代工,,,土地及廠房租賃,,,倉儲物流收益,,,租賃稼動率,,,資產開發時程,,,紡織本業毛利率,,,本業持續萎縮,,,土地稅率調整,,,單一租客合約風險,,,適合追求穩定現金流而非股價增長的存股族
1409,新纖,上市紡織纖維,,,專精於瓶用酯粒與工程塑膠，切入電動車供應鏈,瓶用酯粒(PET),,,工程塑膠,,,光電薄膜與化纖,,,夏季飲料需求(酯粒),,,車用材料認證,,,與比利時化學廠合作,,,原料PTA/EG成本,,,中國同業擴產壓力,,,終端消費市場疲軟,,,轉型高附加價值材料為其估值上修的重點
1402,遠東新,上市紡織纖維,,,全球聚酯回收領航者，橫跨電信與土地開發的綜合巨擘,聚酯與化纖產品,,,遠傳電信等轉投資,,,土地開發與租賃,,,rPET(回收聚酯)產能,,,遠傳獲利貢獻,,,資產重估價值,,,國際油價大幅波動,,,化纖產能過剩,,,匯率變動損失,,,它是披著紡織皮的綜合控股與資產股
TSE15,電機機械,上市電機機械,,,,,,,,,,,,,,,,,,,,,,,,,,,,,,,
8996,高力,上市電機機械,J001110,,散熱與能源設備股，AI與綠能雙題材,熱交換器,,,散熱模組,,,能源設備,,,AI訂單,,,毛利率,,,能源需求,,,訂單延遲,,,原料上漲,,,景氣修正,,,題材驅動型循環股
8374,羅昇,上市電機機械,I023600,,自動化零組件通路商,自動化元件銷售,,,代理品牌,,,系統整合,,,製造業景氣,,,庫存水位,,,毛利率,,,景氣衰退,,,庫存壓力,,,價格競爭,,,連動製造景氣
8222,寶一,上市電機機械,J001450,,航太零件加工股,航太零件,,,OEM代工,,,外銷訂單,,,航太產能,,,接單能見度,,,毛利率,,,航太需求下滑,,,客戶集中,,,景氣衰退,,,航太景氣循環股
6606,建德工業,上市電機機械,,,工具機小型循環股,工具機銷售,,,加工服務,,,外銷,,,工具機接單,,,出口比例,,,毛利率,,,製造業衰退,,,匯率波動,,,價格競爭,,,典型工具機循環
5288,豐祥-KY,上市電機機械,,,汽車與機車零件股,機車零件,,,汽車零件,,,外銷市場,,,汽車銷量,,,毛利率,,,接單能見度,,,車市下滑,,,原料上漲,,,匯率風險,,,車市循環股
4583,台灣精銳,上市電機機械,J001500|I015041,,精密減速機龍頭,減速機銷售,,,機器人零件,,,自動化設備,,,自動化需求,,,毛利率,,,產能利用率,,,設備投資下滑,,,競爭加劇,,,原料成本,,,自動化成長股
4576,大銀微系統,上市電機機械,J001500|I015041,,線性滑軌與自動化元件,線性滑軌,,,自動化模組,,,海外市場,,,自動化景氣,,,毛利率,,,出口比例,,,景氣修正,,,價格競爭,,,匯率風險,,,中度循環股
4572,駐龍,上市電機機械,J001450,,航太機械加工股,航太零件,,,精密加工,,,外銷訂單,,,航太接單,,,毛利率,,,產能利用率,,,航太需求減弱,,,客戶集中,,,景氣衰退,,,航太循環波動大
4571,鈞興-KY,上市電機機械,J001500|I015041,,齒輪與傳動零件股,齒輪製造,,,傳動系統,,,外銷市場,,,汽車需求,,,毛利率,,,接單能見度,,,車市衰退,,,價格競爭,,,原料波動,,,傳動零件循環股
4566,時碩工業,上市電機機械,I022020,,汽車精密零件股,汽車零件,,,航太零件,,,外銷市場,,,車市景氣,,,毛利率,,,出口比例,,,車市下滑,,,景氣衰退,,,匯率波動,,,汽車循環股
4564,元翎,上市電機機械,,,氣動元件循環股,氣動工具,,,氣動零件,,,外銷,,,工業需求,,,毛利率,,,出口比例,,,製造業衰退,,,價格競爭,,,匯率波動,,,工業循環股
4562,穎漢,上市電機機械,,,工具機循環股,工具機銷售,,,客製設備,,,外銷,,,工具機訂單,,,毛利率,,,產能利用率,,,景氣衰退,,,價格競爭,,,匯率風險,,,典型工具機循環
4560,強信-KY,上市電機機械,,,傳動零件外銷股,傳動零件,,,汽車應用,,,外銷市場,,,汽車需求,,,毛利率,,,出口比例,,,車市衰退,,,價格競爭,,,匯率波動,,,車用循環股
4555,氣立,上市電機機械,,,氣動元件龍頭,氣動元件,,,自動化設備,,,外銷,,,自動化景氣,,,毛利率,,,出口比例,,,景氣修正,,,價格競爭,,,匯率風險,,,自動化循環股
4552,力達-KY,上市電機機械,,,傳動元件股,傳動設備,,,外銷訂單,,,工業應用,,,工業需求,,,毛利率,,,接單能見度,,,景氣衰退,,,原料上漲,,,匯率風險,,,工業循環股
4540,全球傳動,上市電機機械,J001500,,線性滑軌與滾珠螺桿,滾珠螺桿,,,滑軌產品,,,外銷市場,,,自動化需求,,,毛利率,,,產能利用率,,,設備投資下降,,,價格競爭,,,匯率波動,,,自動化循環
4532,瑞智,上市電機機械,,,壓縮機龍頭,冷凍壓縮機,,,家電應用,,,外銷市場,,,家電需求,,,毛利率,,,出口比例,,,需求下降,,,價格競爭,,,原料成本,,,家電循環股
4526,東台,上市電機機械,,,工具機代表股,工具機銷售,,,自動化設備,,,外銷,,,工具機訂單,,,毛利率,,,產能利用率,,,景氣衰退,,,價格競爭,,,匯率波動,,,高循環工具機股
3167,大量,上市電機機械,,,PCB與自動化設備股,設備銷售,,,客製系統,,,外銷,,,電子設備需求,,,毛利率,,,接單能見度,,,電子景氣修正,,,價格競爭,,,客戶集中,,,電子設備循環
2371,大同,上市電機機械,I099030,,電力與重電雙主軸,重電設備,,,電纜產品,,,能源工程,,,電網投資,,,毛利率,,,接單金額,,,公共工程延遲,,,成本上升,,,景氣修正,,,電力題材股
2049,上銀,上市電機機械,,,線性滑軌全球龍頭,滑軌銷售,,,機器人零件,,,外銷市場,,,自動化需求,,,毛利率,,,產能利用率,,,設備投資下滑,,,中國競爭,,,匯率波動,,,自動化核心股
1597,直得,上市電機機械,,,微型滑軌高成長股,微型滑軌,,,自動化應用,,,外銷,,,半導體設備需求,,,毛利率,,,接單能見度,,,景氣修正,,,競爭加劇,,,匯率風險,,,半導體設備延伸股
1590,亞德客-KY,上市電機機械,,,氣動元件龍頭，高毛利,氣動元件,,,自動化設備,,,外銷市場,,,自動化景氣,,,毛利率,,,中國需求,,,中國景氣放緩,,,價格競爭,,,匯率波動,,,自動化成長龍頭
1589,永冠-KY,上市電機機械,,,鑄件外銷股,鑄件銷售,,,風電應用,,,外銷市場,,,風電需求,,,毛利率,,,出口比例,,,風電投資下滑,,,原料上漲,,,匯率風險,,,風電循環股
1583,程泰,上市電機機械,,,工具機龍頭之一,工具機銷售,,,外銷訂單,,,客製設備,,,接單能見度,,,毛利率,,,產能利用率,,,景氣修正,,,價格競爭,,,匯率波動,,,工具機循環代表股
1560,中砂,上市電機機械,,,半導體耗材龍頭,鑽石碟,,,再生晶圓,,,半導體耗材,,,半導體產能,,,毛利率,,,接單能見度,,,半導體修正,,,競爭加劇,,,景氣下滑,,,半導體延伸股
1558,伸興,上市電機機械,,,縫紉機龍頭,縫紉機,,,家用設備,,,外銷市場,,,消費需求,,,毛利率,,,出口比例,,,消費衰退,,,價格競爭,,,匯率波動,,,消費循環股
1541,錩泰,上市電機機械,,,園藝與電動工具,園藝工具,,,電動工具,,,外銷市場,,,消費需求,,,毛利率,,,出口比例,,,需求下滑,,,價格競爭,,,匯率風險,,,消費循環股
1540,喬福,上市電機機械,,,工具機小型股,工具機銷售,,,加工設備,,,外銷,,,工具機接單,,,毛利率,,,產能利用率,,,景氣衰退,,,價格競爭,,,匯率波動,,,高循環小型股
1539,巨庭,上市電機機械,,,汽車零件股,汽車零件,,,外銷市場,,,工業應用,,,汽車銷量,,,毛利率,,,出口比例,,,車市衰退,,,價格競爭,,,匯率風險,,,汽車循環股
1538,正峰,上市電機機械,,,金屬加工小型股,金屬加工,,,外銷訂單,,,工業應用,,,工業需求,,,毛利率,,,出口比例,,,景氣修正,,,價格競爭,,,匯率風險,,,小型循環股
1537,廣隆,上市電機機械,,,鉛酸電池龍頭,鉛酸電池,,,儲能應用,,,外銷市場,,,電池需求,,,毛利率,,,出口比例,,,原料上漲,,,需求下降,,,價格競爭,,,能源循環股
1535,中宇,上市電機機械,,,工程與設備整合商,工程承攬,,,設備製造,,,維修服務,,,工程接單,,,毛利率,,,在手訂單,,,工程延遲,,,成本超支,,,景氣修正,,,工程景氣股
1532,勤美,上市電機機械,I099030,,鑄造與建材雙主軸,鑄件銷售,,,建材,,,外銷市場,,,工業需求,,,毛利率,,,出口比例,,,景氣衰退,,,原料上漲,,,需求下降,,,工業循環股
1531,高林股,上市電機機械,,,工業與消費雙業務,工業產品,,,零售通路,,,外銷,,,工業需求,,,毛利率,,,通路銷售,,,需求衰退,,,價格競爭,,,景氣修正,,,雙循環小型股
1530,亞崴,上市電機機械,,,工具機高階設備股,高階工具機,,,自動化設備,,,外銷,,,工具機訂單,,,毛利率,,,產能利用率,,,景氣修正,,,價格競爭,,,匯率波動,,,高循環工具機股
1529,樂事綠能,上市電機機械,,,儲能與綠能設備股,儲能設備,,,太陽能系統,,,工程承攬,,,綠能政策,,,接單能見度,,,毛利率,,,政策變動,,,工程延遲,,,景氣修正,,,政策題材股
1528,恩德,上市電機機械,,,木工機械股,木工機械,,,外銷訂單,,,加工設備,,,工具機需求,,,毛利率,,,出口比例,,,景氣衰退,,,價格競爭,,,匯率風險,,,小型循環股
1527,鑽全,上市電機機械,,,汽車零件與工具機,汽車零件,,,工具機零件,,,外銷市場,,,車市需求,,,毛利率,,,出口比例,,,車市衰退,,,景氣修正,,,匯率波動,,,車市循環股
1526,日馳,上市電機機械,,,自行車零件股,自行車零件,,,外銷市場,,,品牌客戶,,,自行車需求,,,毛利率,,,出口比例,,,需求下降,,,價格競爭,,,匯率風險,,,自行車循環股
1519,華城,上市電機機械,,,重電與變壓器龍頭,變壓器,,,電網設備,,,外銷市場,,,電網投資,,,毛利率,,,接單金額,,,公共工程延遲,,,成本上升,,,景氣修正,,,電力題材核心股
1517,利奇,上市電機機械,,,電動工具零件股,電動工具零件,,,外銷市場,,,工業應用,,,工具機需求,,,毛利率,,,出口比例,,,需求下降,,,價格競爭,,,匯率風險,,,工業循環股
1515,力山,上市電機機械,,,健身器材龍頭,健身器材,,,外銷市場,,,品牌代工,,,消費需求,,,毛利率,,,出口比例,,,消費疲弱,,,價格競爭,,,匯率風險,,,消費循環股
1514,亞力,上市電機機械,,,重電設備股,配電設備,,,變壓器,,,工程承攬,,,電網投資,,,毛利率,,,接單金額,,,工程延遲,,,成本上升,,,景氣修正,,,電力題材股
1513,中興電,上市電機機械,,,電力工程龍頭,電力工程,,,變電設備,,,維修服務,,,電網投資,,,在手訂單,,,毛利率,,,工程延遲,,,政策變動,,,成本上升,,,電力建設核心股
1506,正道,上市電機機械,,,金屬加工小型股,金屬加工,,,外銷市場,,,工業應用,,,工業需求,,,毛利率,,,出口比例,,,景氣衰退,,,價格競爭,,,匯率風險,,,小型循環股
1504,東元,上市電機機械,I099030,,馬達與電機龍頭,馬達銷售,,,電機設備,,,外銷市場,,,製造業景氣,,,毛利率,,,出口比例,,,景氣修正,,,價格競爭,,,匯率波動,,,電機龍頭循環股
1503,士電,上市電機機械,I099030,,配電與重電設備股,配電設備,,,變壓器,,,外銷市場,,,電網投資,,,毛利率,,,接單金額,,,工程延遲,,,成本上升,,,政策風險,,,電力題材股
TSE16,電器電纜,上市電器電纜,,,,,,,,,,,,,,,,,,,,,,,,,,,,,,,
5283,禾聯碩,上市電器電纜,I015040,,深諳台灣通路習性，以「高CP值與多樣化」致勝的家電王,空調產品(主要獲利),,,液晶顯示器,,,生活小家電,,,房地產交屋潮,,,節能家電補助,,,自有品牌市佔率,,,房市政策降溫,,,關鍵零組件(面板)價格,,,售後維修成本上升,,,毛利率在同業中表現優異，與新建案市場高度掛鉤
4930,燦星網,上市電器電纜,,,電商轉型中的零售通路整合者,線上旅遊與電商平台營收,,,品牌代理與商品銷售毛利,,,通路整合帶來的規模經濟,,,電商營收成長率,,,毛利率變化,,,現金流與存貨週轉率,,,旅遊景氣循環波動,,,電商競爭激烈壓縮利潤,,,轉型不如預期,,,關注轉型成果與現金流品質，而非短期營收數字
1626,艾美特-KY,上市電器電纜,,,受限於氣候的「靠天吃飯」商，專精於風扇與電暖器,電風扇銷售,,,電暖器銷售,,,其他小家電與代工,,,極端氣候(夏熱冬冷),,,中國內需消費力,,,原材料(塑料/銅)報價,,,氣候不如預期(暖冬/涼夏),,,中國品牌劇烈內捲,,,匯率轉換損失,,,業績隨季節劇烈跳動，需關注中國電商通路佈局
1618,合機,上市電器電纜,,,穩健型基礎建設電纜供應商,電力電纜銷售收入,,,公共工程與標案訂單,,,原料價格波動帶來的庫存利差,,,在手訂單能見度,,,銅價走勢,,,毛利率與產能利用率,,,原物料價格劇烈波動,,,工程標案延遲,,,景氣循環導致需求下滑,,,銅價方向與訂單能見度是判斷股價循環位置的核心
1617,榮星,上市電器電纜,,,區域型電線電纜製造商,電線電纜產品銷售,,,客製化工程訂單,,,長期合作客戶穩定需求,,,營收年增率,,,毛利率穩定度,,,負債比率,,,市場規模有限,,,價格競爭壓力,,,原料成本轉嫁能力不足,,,重視財務結構安全邊際，避免只看短期題材
1616,億泰,上市電器電纜,,,循環型電纜股，受基建與能源需求帶動,電力與通信電纜銷售,,,大型公共工程訂單,,,能源轉型相關需求,,,接單金額與能見度,,,銅鋁價格趨勢,,,營業利益率,,,公共工程政策變動,,,原料價格大幅波動,,,產能擴張過快導致庫存壓力,,,屬於景氣循環股，買點比公司本身更重要
1615,大山,上市電器電纜,,,營運規模雖小但深耕區域建案，財務體質健康的電纜商,各類電力電纜,,,通信線纜,,,銅線銷售,,,中南部房市熱度,,,銅價避險效果,,,公共工程得標率,,,成交量低流動性不足,,,市場集中度過高,,,原物料採購集中度,,,典型的小而美，獲利與配息相對大廠意外地穩健
1614,三洋電,上市電器電纜,I099030,,以台灣自有品牌「SANLUX」立足，獲利穩定的傳產家電商,冷氣與洗冰家電,,,家電維修保固服務,,,資產租賃與開發,,,泰山廠資產開發進度,,,國內消費力道,,,季節性氣候變化,,,日系品牌價格戰,,,進口原物料成本,,,開發審核流程延宕,,,泰山廠開發案是市場長期關注的巨大潛在價值
1612,宏泰,上市電器電纜,,,獲利體質改善，聚焦高壓電纜與銅箔基板的穩健廠商,電力電纜與電線,,,銅箔基板(CCL),,,材料貿易,,,電子業去庫存進度,,,低煙無毒電纜訂單,,,台電合約執行率,,,CCL產品競爭激烈,,,銅價暴跌損失,,,營運周轉天數過長,,,近期處分非核心事業，轉向聚焦高利潤線纜，現金流轉強
1611,中電,上市電器電纜,,,專注於「東亞照明」品牌且持有精華區地段的老牌資產股,照明設備銷售(LED),,,土地租賃收入,,,資產處分收益,,,LED滲透率與更新潮,,,資產開發利益,,,通路通路掌握度,,,LED價格競爭微利化,,,品牌老化風險,,,不動產政策變動,,,照明本業穩定，投資價值多來自於土地活化題材
1609,大亞,上市電器電纜,,,領先佈局太陽能,儲能與能源創新的電纜業綠能尖兵,,,電力電纜銷售,,,綠能發電收益(太陽能),,,漆包線與電子零件,,,太陽能案場掛網進度,,,銅價趨勢,,,半導體擴廠電纜需求,,,綠能政策變動風險,,,原物料成本上漲,,,儲能事業回收期長
1608,華榮,上市電器電纜,,,專精於中高壓電纜並擁有多家轉投資的高含銅量廠商,裸銅線與漆包線,,,電力電纜(高壓線纜),,,轉投資收益,,,LME銅價水位,,,再生能源電網佈局,,,電子業對漆包線需求,,,銅價劇烈波動避險成本,,,下游建案需求疲弱,,,市場流動性風險,,,獲利與銅價高度正相關，屬典型大宗物資關聯標的
1605,華新,上市電器電纜,,,轉型為全球不鏽鋼,鎳生鐵與電力線纜的資源領導者,,,不鏽鋼與資源事業,,,電力線纜與電線,,,商貿與地產開發,,,國際鎳價走勢,,,印尼鎳礦與冰鎳產量,,,台電電網更新訂單,,,鎳價波動劇烈導致跌價損失,,,中國房市拖累不鏽鋼需求,,,能源成本上升
1604,聲寶,上市電器電纜,,,積極活化土地資產並朝向橘色經濟(高齡化)發展的家電大廠,家電產品(冷氣/冰箱/電視),,,土地資產租賃與開發,,,轉投資(東源物流等),,,夏季氣溫(影響冷氣銷量),,,龜山/板橋舊廠活化進度,,,家電汰舊換新補助,,,家電市場品牌競爭劇烈,,,匯率影響進口成本,,,少子化影響長線家電量能,,,本業穩健，主要看點在於龐大土地資產的開發價值
1603,華電,上市電器電纜,,,深耕國營事業電力線纜與鋁門窗的穩健老牌商,電力電纜(台電標案),,,鋁門窗與帷幕牆,,,資產開發與租賃,,,台電強韌電網計畫,,,房地產建案動工量,,,國際鋁/銅報價,,,原材料成本劇烈波動,,,標案競爭毛利受壓,,,內需市場飽和,,,典型的標案與營建關聯股，受惠電網更新長線趨勢
TSE18,玻璃陶瓷,上市玻璃陶瓷,,,,,,,,,,,,,,,,,,,,,,,,,,,,,,,
1817,凱撒衛,上市玻璃陶瓷,,,衛浴品牌龍頭，內需建築循環股,衛浴設備銷售,,,建案配套訂單,,,零售通路銷售,,,房市景氣,,,毛利率,,,在手建案數,,,房市降溫,,,原物料上漲,,,建商砍單,,,連動房市景氣，偏內需循環
1810,和成,上市玻璃陶瓷,,,衛浴與陶瓷老牌廠商，穩定型建材股,衛浴產品,,,磁磚與陶瓷,,,海外市場,,,建築完工量,,,毛利率,,,出口比例,,,房市衰退,,,價格競爭,,,原料成本上升,,,內需與外銷雙循環
1809,中釉,上市玻璃陶瓷,,,陶瓷釉料專業廠，價差型材料股,釉料銷售,,,陶瓷原料,,,外銷訂單,,,原料價格,,,毛利率,,,出口占比,,,原料波動,,,需求下降,,,中國競爭,,,原料價差決定獲利
1806,冠軍,上市玻璃陶瓷,,,磁磚龍頭，建築景氣循環股,磁磚銷售,,,建案訂單,,,外銷市場,,,房市景氣,,,銷售量,,,毛利率,,,房市下滑,,,庫存壓力,,,價格競爭,,,高度連動建築循環
1802,台玻,上市玻璃陶瓷,,,平板玻璃龍頭，景氣循環放大器,平板玻璃,,,電子玻璃,,,外銷市場,,,玻璃價格,,,產能利用率,,,油氣成本,,,景氣衰退,,,能源成本上升,,,中國產能過剩,,,典型原料與景氣循環股
TSE19,造紙,上市造紙,,,,,,,,,,,,,,,,,,,,,,,,,,,,,,,
6790,永豐實,上市造紙,,,民生消費剛需王者，掌握「五月花,橘子工坊」的品牌強權,,,家用紙品(衛生紙等),,,潔品(洗衣精/清潔劑),,,代工與海外銷售,,,漿價與運費成本,,,品牌市佔率,,,終端通路議價能力,,,原料漿價暴漲,,,同業價格促銷戰,,,消費力下降改買低價品
1909,榮成,上市造紙,,,高度聚焦中國市場的工紙大廠，營運具強烈「低買高賣」色彩,中國工紙與紙箱,,,台灣工紙銷售,,,環保資源回收,,,中國房市與消費景氣,,,廢紙進口許可與成本,,,人民幣匯率,,,中國內需恢復不如預期,,,同業低價競爭,,,高負債比率壓力,,,它是景氣循環的放大器，中國景氣回溫時彈性極大
1907,永豐餘,上市造紙,,,從造紙進化為「投控架構」的民生與生技產業孵化器,工紙與紙箱事業,,,轉投資(元太,,,永豐實等),,,生技與特殊材料,,,元太(E-ink)權益法收益,,,子公司掛牌進度,,,全球包裝市場需求,,,控股公司折價問題,,,中國工紙市場競爭,,,轉投資獲利波動
1906,寶隆,上市造紙,,,營運模式單一，主要作為榮成紙箱貿易窗口的關聯公司,工業用紙貿易,,,投資收益(持有榮成),,,倉儲與物流服務,,,榮成股價與配息,,,兩岸工紙需求,,,代理訂單量,,,過度依賴單一集團,,,貿易毛利單薄,,,股價流動性較低,,,與榮成的連動性高，適合做為榮成的補充性觀察指標
1905,華紙,上市造紙,,,受惠「非塑政策」轉型且坐擁廣大林地的碳匯潛力股,文化用紙與特殊紙,,,紙漿銷售,,,非塑餐具/材料,,,國際紙漿價格,,,兩岸碳權交易制度,,,非塑產品滲透率,,,紙漿價格劇烈波動,,,數位化導致紙張需求下滑,,,高能源成本壓力,,,獲利波動大，但具備極強的「碳中和」與「碳匯」題材
1904,正隆,上市造紙,,,專注於綠色包裝與循環經濟的台灣工紙龍頭,工業用紙(紙箱),,,家用紙(春風),,,海外(越南)廠獲利,,,國際廢紙報價,,,台灣與越南電子業出口量,,,碳權資產價值,,,廢紙原料成本漲價,,,越南電力供給不穩,,,紙箱需求與景氣連動強,,,它是紙箱界的資優生，與全球貿易景氣高度掛鉤
1903,士紙,上市造紙,I099030,,本業萎縮但土地價值連城的「士林大地主」,土地租賃收入,,,濕紙巾/保養品銷售,,,資產開發利益,,,士林廠開發進度,,,資產重估增值,,,消費品毛利率,,,本業長期虧損,,,開發案審核延宕,,,成交量極低,,,這是一支土地開發股，不要用造紙業的邏輯來看它
TSE20,鋼鐵,上市鋼鐵,,,,,,,,,,,,,,,,,,,,,,,,,,,,,,,
9958,世紀鋼,上市鋼鐵,J000880|J001000|I020050,,離岸風電水下基礎龍頭，從傳統鋼構華麗轉型,風電Jacket/Monopile,,,傳統鋼骨結構,,,維護與安裝服務,,,風場完工認列進度,,,生產良率與學習曲線,,,再生能源政策,,,工程認列延後,,,罰款風險(若進度延誤),,,外國競爭對手切入,,,它走的是政策工程邏輯，非傳統鋼價邏輯，波動極大
5538,東明-KY,上市鋼鐵,J000350|I020010,,通路螺絲王,不鏽鋼緊固件(螺絲螺帽),,,通路批發(中國內需),,,庫存價差交易,,,鎳價走勢,,,中國基礎建設預算,,,庫存周轉率,,,鎳價崩跌導致庫存跌價,,,中國經濟通縮,,,反傾銷稅壁壘,,,這是一家賺「通路管理財」更甚於製造的公司，對鎳價敏感度極高。
5007,三星,上市鋼鐵,J001320|I020040,,全球最大螺帽製造商，具備規模經濟與高度自動化優勢,車用螺帽,,,工業螺帽,,,模具與機件,,,全球汽車銷量,,,鋼鐵線材原料價,,,台幣匯率(外銷導向),,,汽車產業景氣反轉,,,匯兌損失,,,勞動力供應風險,,,獲利穩健的隱形冠軍，與全球車市高度同步
3004,豐達科,上市鋼鐵,J000170|J001320|I020040,,打入全球航太引擎供應鏈，具高技術門檻的精密扣件商,航太引擎扣件,,,車用高強度螺栓,,,精密機加工件,,,波音/空巴交機數據,,,航太認證取得進度,,,鎳基超合金成本,,,航太訂單認列延後,,,飛安事故導致機型停產,,,研發投入過高,,,其價值來自航太認證的護城河，非一般傳統鋼鐵評價
2211,長榮鋼,上市鋼鐵,J001000|I020050,,跨足「環保廢棄物處理」的鋼結構大廠，獲利結構扎實,鋼結構(超高層大樓),,,廢棄物處理(欣榮/榮鼎),,,特許售電收入,,,超高層建築開工量,,,廢棄物處理量,,,電費售價,,,鋼構毛利受成本壓縮,,,環保廠停工歲修,,,營造人力短缺,,,環保事業是它的獲利墊腳石，讓它比一般鋼鐵股更抗跌
2069,運錩,上市鋼鐵,J000350|I020010,,精密雙引擎,寧波廠精密不鏽鋼(高毛利),,,台灣廠裁剪加工(穩健),,,3C/車用飾條材料,,,寧波廠產能利用率,,,高階精密產品佔比,,,兩岸不鏽鋼價差,,,紅色供應鏈價格戰,,,匯率波動(人民幣/台幣),,,原料成本轉嫁困難,,,獲利爆發力看寧波廠的精密冷軋，台灣廠僅是防守基底。
2038,海光,上市鋼鐵,J001000,,南部鋼筋堡壘,鋼筋銷售(建築/土木),,,鋼胚半成品,,,南部公共工程標案,,,廢鋼與鋼筋價差,,,南部營建開工率,,,公共工程預算執行率,,,營建缺工導致出貨遞延,,,電費調漲(電爐廠耗電),,,房市政策打壓,,,與南部科學園區及高雄房市連動性最強的鋼筋廠。
2034,允強,上市鋼鐵,,,全球不鏽鋼管領先者，具備強大海外廠規避關稅能力,國際不鏽鋼管貿易,,,不鏽鋼捲/板加工,,,土耳其廠產能貢獻,,,土耳其及歐美貿易壁壘,,,美元匯率走勢,,,海運運費報價,,,區域政治不穩,,,反傾銷稅重課,,,全球經濟衰退需求減,,,外銷布局深，是避開區域關稅限制的標竿廠商
2033,佳大,上市鋼鐵,,,鋼線專門家,預力鋼絞線(橋樑/工程),,,一般鋼線,,,鍍鋅鋼線,,,公共工程發包量,,,盤元原料成本,,,利基型產品比重,,,日均成交量低(流動性差),,,原料價格轉嫁遞延,,,國內公共建設停滯,,,股性冷門，適合在其切入特定大型基建案時關注，不宜短線進出。
2032,新鋼,上市鋼鐵,,,不鏽鋼裁剪站,不鏽鋼板裁剪加工,,,表面處理(鏡面/砂面),,,不鏽鋼買賣貿易,,,國際鎳價LME指數,,,國內不鏽鋼內需,,,庫存價值重估,,,低附加價值(純代工),,,同業削價競爭,,,庫存跌價損失,,,主要賺取加工費與庫存機會財，獲利薄且隨鋼價波動大。
2031,新光鋼,上市鋼鐵,,,全台最大鋼板剪裁服務商，積極切入風電供應鏈,鋼板通路與加工,,,離岸風電水下基礎,,,綠能發電收益,,,低價庫存規模,,,風電案場建置進度,,,公共工程訂單,,,鋼價劇烈下跌跌價損,,,風電工期延宕,,,負債比率較高,,,它是低價庫存的操作高手，也是最純的風電鋼鐵概念股
2030,彰源,上市鋼鐵,,,業績受國際鎳價高度牽動的利基型不鏽鋼管材商,不鏽鋼管銷售,,,不鏽鋼板加工,,,海外分支機構收益,,,LME鎳價走勢,,,印尼鎳礦出口政策,,,全球製造業PMI,,,鎳價跌價損失,,,中國低價鋼傾銷,,,外銷匯率風險,,,它是鎳價的影子，投資前必須掌握鎳價大趨勢
2029,盛餘,上市鋼鐵,,,鍍面資優生,鍍鋅鋼捲,,,烤漆鋼捲,,,專案工程(科技廠房),,,熱軋與鍍面鋼品價差,,,母公司(日商淀川)技術支援,,,現金殖利率,,,中國低價鍍面鋼傾銷,,,家電/營建需求放緩,,,鋅/鋁原料價格劇烈波動,,,日系血統，技術與品質優於同業，通常是穩定的配息定存股。
2028,威致,上市鋼鐵,,,電爐全能手,鋼筋(建築用),,,特殊鋼棒(機械/車用),,,醫療/航太級特殊鋼,,,特殊鋼產品毛利率,,,南科廠房擴建需求,,,電爐煉鋼成本(電費/廢鋼),,,電價大幅調漲,,,機械產業出口衰退,,,碳費徵收壓力,,,少數能從普通鋼筋跨足到高毛利特殊鋼(甚至醫療鋼)的電爐廠。
2027,大成鋼,上市鋼鐵,,,美國不鏽鋼與鋁材的通路霸主，獲利看美國臉色,美國不鏽鋼通路,,,鋁捲板銷售,,,工業扣件,,,美國鋁價與不鏽鋼價,,,美國基建法案進度,,,美元匯率,,,美國反傾銷政策變動,,,高庫存跌價損失,,,美國景氣衰退,,,這不是台灣鋼鐵股，這是掛著台股代號的美國通路股
2025,千興,上市鋼鐵,,,不鏽鋼轉機股,冷軋不鏽鋼板,,,庫存買賣價差,,,閒置資產(土地),,,不鏽鋼價格波動,,,產能利用率(常有停工紀錄),,,資產活化消息,,,無預警停工/勞資糾紛,,,財務結構不穩,,,長期虧損/全額交割風險,,,本業營運不穩，股價通常隨資產題材或鋼價暴漲而動，投機性高。
2024,志聯,上市鋼鐵,,,棒線加工廠,鋼棒(機械零件),,,鋼線盤元,,,代工處理費,,,機械業出口訂單,,,盤元原料取得成本,,,產品良率與加工深度,,,成交量低迷,,,下游機械業景氣循環,,,上游原料供給吃緊,,,依附在機械產業鏈的中游加工廠，景氣與工具機出口高度相關。
2023,燁輝,上市鋼鐵,,,鍍面巨人,鍍鋅/烤漆鋼捲(建材/家電),,,太陽能支架(綠能),,,中國廠營運收益,,,太陽能案場裝機量,,,中國鋼市供需價差,,,歐美鋼鐵配額/關稅,,,反傾銷稅干擾,,,中國房市泡沫化,,,鋅鋁鎂等合金成本,,,除了傳統鍍面鋼，現在是「太陽能支架」概念股的領頭羊。
2022,聚亨,上市鋼鐵,,,泰國緊固件王,盤元/線材,,,螺絲/螺栓,,,泰國子公司(Tycoons)獲利,,,泰銖匯率走勢,,,東協基礎建設需求,,,歐美扣件庫存去化,,,泰國對美出口反傾銷調查,,,原料價格波動過大,,,高負債比率,,,母以子貴，獲利核心在泰國廠，需密切關注泰國廠的營運與關稅動態。
2020,美亞,上市鋼鐵,,,鋼管老將,碳鋼鋼管(結構/配管),,,不鏽鋼管,,,資產開發(土地),,,公共工程與建案需求,,,熱軋鋼捲成本價差,,,資產題材發酵進度,,,標準管毛利微薄,,,營建業景氣反轉,,,原料成本轉嫁不易,,,本業平穩無趣，股價爆發力通常來自龐大的土地資產開發題材。
2017,官田鋼,上市鋼鐵,,,線材觀光雙棲,盤元/鐵絲(螺絲上游),,,螺絲加工,,,觀光飯店/餐飲事業,,,盤元盤價走勢,,,螺絲產業外銷數據,,,轉投資事業獲利貢獻,,,螺絲產業去庫存停滯,,,不務正業導致資源分散,,,環保法規限制擴產,,,不僅是鋼鐵廠，也是台南的大地主與飯店經營者，資產色彩濃厚。
2015,豐興,上市鋼鐵,,,管理精實的電爐大廠，長年配息優渥的存股族最愛,鋼筋,,,型鋼,,,條鋼(扣件用),,,每週公告盤價,,,國內公共工程進度,,,毛利率穩定度,,,內需房市反轉,,,廢鋼進口成本,,,成交量相對較低,,,它是鋼鐵界的定存股，觀察其每週盤價即可掌握短期趨勢
2014,中鴻,上市鋼鐵,,,典型的「利差型」鋼廠，業績隨中鋼盤價劇烈波動,熱軋鋼捲,,,冷軋鋼捲,,,鋼管產品,,,熱軋/冷軋價差,,,中鋼原料供貨價,,,外銷訂單量,,,原料成本與售價脫鉤,,,中國低價鋼材傾銷,,,匯率大幅變動,,,股價彈性比中鋼大，是鋼鐵景氣向上時的攻擊型標的
2013,中鋼構,上市鋼鐵,,,摩天大樓骨架,鋼結構工程(超高樓),,,半導體廠房建設,,,離岸風電水下基礎,,,台積電/科技廠資本支出,,,風電國產化政策進度,,,鋼構吊裝量,,,缺工導致工程延宕,,,鋼價暴漲(固定總價合約風險),,,公共工程預算凍結,,,台積電建廠與離岸風電的直接受惠者，但毛利易受缺工與鋼價侵蝕。
2012,春雨,上市鋼鐵,,,扣件傳奇,車用/軌道扣件(高毛利),,,建築螺絲,,,印尼/美國廠營運,,,全球汽車銷量,,,美國房市與基建數據,,,鎳/鋼價成本轉嫁能力,,,匯率升值(出口導向),,,關稅壁壘(反傾銷),,,歐美經濟衰退,,,台灣扣件龍頭，正積極轉型高附加價值(車用、軌道)，脫離秤斤論兩的紅海。
2010,春源,上市鋼鐵,,,多元鋼鐵服務,營建鋼板/鋼構,,,車用沖壓件(Toyota供應鏈),,,特殊鋼買賣,,,國內汽車銷售量,,,營建開工樓地板面積,,,鋼價庫存利益,,,汽車產業供應鏈調整,,,貿易部門毛利過低,,,房市景氣下行,,,業務極度分散(車用、營建、機械)，雖無爆發力但抗跌性強，是防禦型標的。
2009,第一銅,上市鋼鐵,,,單純且敏感的「銅價」連動股，電子業的上游,黃銅片與青銅片,,,磷青銅片,,,各類銅合金,,,LME銅價水位,,,電子業去庫存速度,,,車用電子需求,,,銅價暴跌,,,美元轉強壓制銅價,,,產品替代風險,,,看銅價做第一銅，是這檔股票唯一的致勝金律
2008,高興昌,上市鋼鐵,,,資產型鋼管廠,API石油鋼管,,,鍍鋅鋼管,,,土地資產開發,,,高雄亞灣區開發進度,,,國際油價(影響油管需求),,,政府水利/管線標案,,,本業獲利能力長期低迷,,,資產開發時程延宕,,,匯率波動,,,買這檔主要是在買「高雄土地資產」的重估價值，本業鋼管僅是配角。
2007,燁興,上市鋼鐵,,,電爐盤元廠,不鏽鋼盤元,,,碳鋼盤元,,,快削鋼,,,廢鋼/鎳價成本,,,義聯集團資源整合,,,下游客戶(螺絲廠)需求,,,高負債比(集團特性),,,電費調漲壓力,,,螺絲產業景氣寒冬,,,義聯集團成員，營運受集團策略影響大，與螺絲產業景氣榮枯與共。
2006,東和鋼鐵,上市鋼鐵,,,台灣電爐鋼龍頭，獲利穩健且具備極強的營建關聯性,鋼筋(營建用),,,H型鋼(廠房用),,,廢鋼貿易,,,廢鋼收購價格,,,國內建築執照核發數,,,台商回流建廠需求,,,電費成本上漲,,,打房政策影響建案,,,廢鋼供應短缺,,,內需建材股的首選，獲利穩定性遠高於外銷為主的鋼廠
2002,中鋼,上市鋼鐵,,,台灣鋼鐵產業的定海神針，盈虧牽動整體傳產氣息,鋼板與熱軋鋼捲,,,中龍/中鴻等轉投資,,,材料貿易與綠能事業,,,中鋼盤價走勢,,,鐵礦砂成本,,,中國鋼鐵減產政策,,,國際煤鐵報價暴漲,,,全球需求疲軟,,,碳費徵收壓力,,,它是產業風向球，盤價開高通常預示鋼鐵股集體行情
TSE21,橡膠,上市橡膠,,,,,,,,,,,,,,,,,,,,,,,,,,,,,,,
6582,申豐,上市橡膠,,,高毛利合成橡膠利基型製造商,丁腈橡膠（NBR）銷售,,,醫療與手套產業需求,,,產品差異化帶來的毛利優勢,,,NBR報價走勢,,,毛利率變化,,,產能利用率,,,手套產業景氣反轉,,,原料丁二烯價格波動,,,產能過剩導致價格下滑,,,屬於報價循環股，需觀察產品價差而非只看營收
2114,鑫永銓,上市橡膠,,,傳動帶與工業用橡膠製品專家,傳動帶產品銷售,,,工業設備耗材需求,,,外銷市場訂單,,,外銷比重,,,毛利率穩定度,,,營收成長率,,,景氣循環影響設備投資,,,匯率波動,,,低價競爭壓力,,,關注全球製造業景氣循環變化
2109,華豐,上市橡膠,,,中國市場導向輪胎廠,汽機車輪胎銷售,,,中國內需市場,,,OEM代工訂單,,,中國車市銷量,,,毛利率,,,負債比率,,,中國市場競爭激烈,,,價格戰,,,匯率與貿易政策風險,,,高度依賴單一市場，需評估區域風險
2108,南帝,上市橡膠,,,全球NBR乳膠龍頭供應商,NBR乳膠銷售,,,醫療手套需求,,,高市佔率帶來規模優勢,,,NBR乳膠報價,,,營業利益率,,,庫存水位,,,手套庫存調整,,,報價急跌,,,原料成本上升,,,需觀察產業庫存週期，避免追高報價高峰
2107,厚生,上市橡膠,I099030,,資產型橡膠老廠,橡膠製品銷售,,,不動產資產價值,,,轉投資收益,,,資產重估題材,,,營業外收入,,,本業獲利能力,,,本業競爭力不足,,,資產處分不如預期,,,低成長性,,,評價核心在資產價值而非本業成長
2106,建大,上市橡膠,,,全球布局的輪胎製造商,自行車與機車輪胎,,,汽車替換胎市場,,,海外產能布局,,,全球替換胎需求,,,毛利率,,,產能利用率,,,原料價格波動,,,歐美需求下滑,,,庫存壓力,,,屬成熟產業，關鍵在成本控制能力
2105,正新,上市橡膠,,,台灣輪胎龍頭品牌廠,自有品牌輪胎銷售,,,全球替換胎市場,,,規模經濟壓低成本,,,品牌市佔率,,,營業利益率,,,原料成本佔比,,,原物料成本上升,,,中國市場競爭,,,匯率波動,,,龍頭優勢在規模，但成長性有限
2104,國際中橡,上市橡膠,,,碳黑與特用化學材料供應商,碳黑銷售,,,特用化學材料,,,海外據點營運,,,碳黑報價,,,原油價格,,,營業利益率,,,油價波動,,,輪胎產業需求減弱,,,環保政策成本上升,,,需同步觀察油價與輪胎景氣循環
2103,台橡,上市橡膠,,,合成橡膠上游原料供應商,合成橡膠銷售,,,特用橡膠產品,,,中國市場需求,,,丁二烯價格,,,價差表現,,,產能利用率,,,上游原料劇烈波動,,,中國需求疲弱,,,報價下跌循環,,,本質為化工循環股，需抓價差轉折點
2102,泰豐,上市橡膠,I099030,,轉型中的資產與輪胎雙軌公司,輪胎銷售,,,土地資產價值,,,轉型處分利益,,,資產活化進度,,,營業外收入,,,本業毛利率,,,本業競爭力不足,,,資產處分延遲,,,財務壓力,,,評價偏資產題材，需注意一次性收益風險
2101,南港,上市橡膠,I099030,,老牌輪胎廠兼具資產題材,輪胎銷售,,,土地開發利益,,,轉投資收益,,,土地開發進度,,,營業利益率,,,負債結構,,,房市景氣反轉,,,本業獲利不穩,,,一次性收益依賴度高,,,需區分本業價值與資產價值來源
TSE22,汽車,上市汽車,,,,,,,,,,,,,,,,,,,,,,,,,,,,,,,
6605,帝寶,上市汽車,J000170,,AM車燈燈王,AM頭燈/尾燈(全球市佔第一),,,車燈模具開發,,,改裝車燈市場,,,北美State Farm認證數,,,海運運價指數,,,匯率(台幣/美元),,,反托拉斯法訴訟風險,,,專利侵權糾紛,,,運費飆漲侵蝕獲利,,,全球AM車燈霸主，只要美國人還在開車撞車，它的獲利就源源不絕。
6288,聯嘉,上市汽車,J000170|I023060,,特斯拉的光源,LED車燈模組,,,特斯拉/GM尾燈訂單,,,節能號誌燈,,,特斯拉交車量,,,密西根廠良率,,,LED滲透率,,,美國廠勞工成本過高,,,單一客戶佔比高,,,新車款認證延遲,,,跟著特斯拉吃肉的車燈模組廠，但美國廠的生產效率是獲利殺手。
4581,光隆精密-KY,上市汽車,,,商用車心臟,商用車引擎零件,,,廢氣再循環系統(EGR),,,風力發電零件,,,北美卡車銷售量,,,最大客戶(Cummins)展望,,,原物料(生鐵/廢鋼),,,環保法規趨嚴,,,全球物流放緩,,,匯率波動,,,專做這種「又大又重」的商用車零件，競爭者少，獲利穩健如牛。
4569,六方科-KY,上市汽車,,,精密加工百寶箱,車用精密零件,,,醫療器材零件,,,光通訊/工業應用,,,泰國廠產能利用率,,,新應用(無人機/AI)佔比,,,毛利率變化,,,產品線過雜缺乏聚焦,,,匯率(泰銖/美金),,,單一客戶砍單,,,雖然歸類在汽車，其實是精密加工廠，醫療與工業應用才是提升毛利的關鍵。
4557,永新-KY,上市汽車,I022020,,煞車系統專家,AM煞車分泵/總泵,,,卡鉗,,,電動車煞車片,,,北美AM市場需求,,,比亞迪(BYD)訂單滲透率,,,庫存周轉天數,,,海運運費高漲,,,電動車煞車系統改變,,,匯率波動,,,北美煞車AM龍頭，近年積極切入比亞迪供應鏈，試圖抓住電動車商機。
4551,智伸科,上市汽車,J001240|I022020,,雙引擎驅動,ABS/ESC煞車閥,,,醫療手術器械,,,硬碟/電子零件,,,汽車銷量(中國/歐美),,,醫療產品認證進度,,,新廠折舊攤提,,,燃油車銷量下滑,,,醫療客戶庫存調整,,,中國車市殺價競爭,,,汽車與醫療雙腳走路，當車市不好時，醫療業務是重要的防禦護城河。
3346,麗清,上市汽車,,,中國車燈之眼,LED車燈模組(中國OEM),,,頭燈控制器,,,小米汽車/電動車訂單,,,中國車市銷量,,,電動車LED滲透率,,,觀音廠稼動率,,,中國車廠價格戰,,,應收帳款回收天期,,,庫存跌價損失,,,高度依賴中國車市，小米汽車與電動車新勢力的訂單是最大看點。
2497,怡利電,上市汽車,,,虛擬座艙魔術師,抬頭顯示器(HUD),,,車載影音導航,,,ADAS駕駛輔助,,,中國電動車HUD搭載率,,,3D AR-HUD出貨量,,,東南亞車市需求,,,新技術研發燒錢,,,中國車市殺價紅海,,,晶片短缺/漲價,,,HUD技術領先，但戰場在最血腥的中國電動車市場，毛利極易受壓縮。
2258,鴻華先進-創,上市汽車,,,電動車代工平台,Model C (Luxgen n7)銷售,,,電動巴士(Model T),,,技術授權費,,,納智捷n7交車數,,,海外客戶(美/東南亞)簽約,,,CDMS商業模式成效,,,單一客戶(納智捷)依賴,,,現金流消耗速度,,,規模經濟尚未達成,,,鴻海電動車夢想的載體，目前營收全看n7臉色，急需海外第二個客戶。
2254,巨鎧精密-創,上市汽車,I022020,,奢華改裝燈匠,改裝車燈(Coplus),,,水箱護罩,,,發光飾件,,,新產品開發速度,,,美國改裝市場買氣,,,專利訴訟勝率,,,市場規模小(利基型),,,高單價產品受景氣影響,,,流動性風險(創櫃),,,不做大眾市場，專攻「不想跟別人一樣」的改裝玩家，毛利高但量少。
2250,IKKA-KY,上市汽車,I022020,,豐田的小螺絲,電子手煞車(EPB)零件,,,電裝系統齒輪,,,TOTO免治馬桶零件,,,豐田(Toyota)全球銷量,,,名古屋廠營運,,,日圓匯率走勢,,,日本汽車供應鏈斷鏈,,,豐田生產計畫下修,,,原料成本上升,,,流著日本血液的豐田Tier 2供應商，豐田好它就好，日圓貶值對它有利。
2247,汎德永業,上市汽車,,,豪華車銷售王,BMW新車銷售,,,Porsche新車銷售,,,原廠維修保養服務,,,豪華車到港掛牌數,,,維修保養收入佔比,,,主力車款改款週期,,,原廠配額不足,,,豪車買氣受股市影響,,,缺工影響維修量能,,,台灣最有錢人的生意，維修保養的「售後服務」才是真正的獲利金雞母。
2243,宏旭-KY,上市汽車,I022020,,車殼模具匠,汽車板金模具,,,檢具,,,中國車廠訂單,,,中國車市新車開發數,,,模具驗收進度,,,應收帳款週轉率,,,中國車廠倒閉壞帳,,,同業低價搶單,,,現金流緊張,,,高度依賴中國自主品牌車廠的開發案，風險極高，近年營運頗為掙扎。
2241,艾姆勒,上市汽車,I022020,,電動車散熱芯,電動車逆變器散熱模組,,,ADAS散熱,,,水冷散熱板,,,IGBT散熱需求,,,大客戶(Tier 1)認證,,,銅價成本,,,電動車銷量不如預期,,,新技術替代風險,,,良率提升緩慢,,,技術很高端(粉末冶金散熱)，但獲利一直不穩定，典型的「叫好不叫座」。
2239,英利-KY,上市汽車,I022020,,福斯的鈑金手,車身結構件(沖壓/熱壓),,,電池殼體,,,儀表板支架,,,一汽大眾產銷量,,,Volvo/電動車訂單佔比,,,鋼材價格,,,中國燃油車市佔下滑,,,電動車價格戰擠壓毛利,,,人民幣匯率波動,,,中國福斯(VW)的核心供應商，成也大眾敗也大眾，正痛苦轉型電動車零件。
2236,百達-KY,上市汽車,I022020,,沖壓機器人雙刀,汽機車沖壓設備,,,汽車零組件(排氣/門鎖),,,服務型機器人,,,比亞迪(BYD)訂單,,,機器人租賃收入,,,設備出貨驗收,,,中國車市波動,,,新業務推廣不如預期,,,匯率風險,,,除了做汽車沖壓，還有「保全機器人」題材，是比亞迪供應鏈的一員。
2233,宇隆,上市汽車,I022020,,精密金屬全能,汽車噴油嘴零件(Bosch),,,自行車零件(Fox),,,醫療器材,,,Bosch訂單展望,,,自行車庫存去化,,,氫燃料電池零件進度,,,燃油車長期衰退風險,,,大客戶砍價壓力,,,原料成本波動,,,精密加工的資優生，雖然燃油車噴油嘴是金牛，但自行車與醫療才是成長動力。
2231,為升,上市汽車,,,感測器專利王,胎壓偵測器(TPMS),,,雷達感測器,,,開關感測器,,,TPMS全球滲透率,,,專利訴訟判決,,,ADAS滲透率,,,專利訴訟費用高昂,,,匯率波動,,,新競爭者進入TPMS市場,,,過去靠TPMS專利賺翻，現在靠雷達與ADAS，但常陷於耗時的國際官司。
2228,劍麟,上市汽車,I022020,,安全帶守護者,安全帶預縮器零件,,,氣囊充氣殼體,,,方向盤轉向系統,,,全球新車銷售量,,,波蘭廠產能利用率,,,平均單車安全配備產值,,,原物料價格上漲,,,單一客戶(Autoliv)依賴,,,匯率變動,,,做的是「被動安全」零件，不管油車電車都要裝安全帶與氣囊，業績穩健。
2227,裕日車,上市汽車,,,日產的投資者,Nissan/Infiniti銷售,,,中國轉投資收益(東風日產),,,汽車零件銷售,,,東風日產獲利狀況,,,國產車市佔率,,,新車款(X-Trail)銷量,,,中國車市內捲嚴重,,,本業銷售低迷,,,匯率風險(日圓/人民幣),,,本業賣車賺辛苦錢，主要獲利來源是「中國東風日產」的業外投資收益。
2207,和泰車,上市汽車,,,台灣車市霸主,Toyota/Lexus銷售,,,汽車金融(和潤),,,產險與租賃,,,台灣新車掛牌數,,,Lexus豪車佔比,,,轉投資獲利(和潤/和泰產),,,防疫險理賠餘波(已過),,,原廠缺車/漲價,,,匯率(日圓),,,台灣車王，擁有最強的銷售通路與周邊生態系(保險、金融、yoxi)，獲利能力驚人。
2206,三陽工業,上市汽車,I099030,,二輪之王,SYM機車銷售,,,Hyundai汽車代理,,,資產開發(內湖),,,機車市佔率(冠軍),,,現代汽車銷量,,,房地產處分利益,,,機車市場飽和,,,促銷戰侵蝕毛利,,,原物料成本,,,靠著高階機車奪回市佔第一，加上現代汽車熱賣與資產題材，是近年車股黑馬。
2204,中華,上市汽車,,,商用車霸主,MG品牌銷售,,,商用貨卡(Veryca),,,三菱汽車,,,MG車系掛牌數,,,輕型商用車市佔,,,國產化自製率政策,,,MG自製率政策限制,,,商用車競品(Toyota Town Ace),,,電動車轉型壓力,,,靠MG品牌翻身，但受限於政府「自製率」新政，未來MG的銷量是最大變數。
2201,裕隆,上市汽車,I099030,,台灣汽車母艦,納智捷(n7)品牌,,,日產汽車製造,,,裕隆城租金收入,,,納智捷n7交車量,,,新店裕隆城人流,,,轉投資(裕融/中華)貢獻,,,自主品牌燒錢風險,,,電動車研發成本,,,防疫險虧損(已過),,,現在是「房東」(裕隆城)加上「代工廠」(n7)，終於擺脫過去自主品牌的鉅額虧損泥淖。
2115,六暉-KY,上市汽車,I022020,,氣門嘴世界冠軍,輪胎氣門嘴(腳踏車/汽車),,,TPMS氣門嘴,,,金屬加工,,,全球輪胎產量,,,TPMS滲透率,,,銅/橡膠原料價格,,,原物料價格劇烈波動,,,電動車對輪胎磨損快(利多?),,,匯率風險,,,不起眼的小零件(氣門嘴)，卻做到世界第一，獲利極度穩定，適合存股。
1587,吉茂,上市汽車,I022020,,水箱散熱專家,AM汽車水箱,,,電動車散熱,,,冷凝器,,,墨西哥廠產能進度,,,鋁價走勢,,,北美AM市場需求,,,墨西哥廠良率/成本,,,運費高漲,,,匯率波動,,,主攻AM水箱，墨西哥設廠是為了就近供應北美，但初期成本是個負擔。
1568,倉佑,上市汽車,I022020,,變速箱加工廠,自動變速箱零件,,,重型卡車零件,,,電動車減速箱,,,北美車市銷售,,,電動車零件佔比,,,原物料成本,,,電動車不需要傳統變速箱,,,主要客戶砍單,,,匯率風險,,,受電動車趨勢衝擊最大(因為電動車少了很多變速箱零件)，正努力轉型。
1536,和大,上市汽車,I022020,,特斯拉減速齒輪,電動車減速齒輪箱,,,燃油車傳動軸,,,AI機器人關節,,,特斯拉交車量,,,美國廠建廠成本,,,新客戶(BorgWarner)訂單,,,美國廠成本失控,,,電動車市場殺價,,,機器人題材泡沫,,,特斯拉的核心供應商，但近期受累於美國設廠的高昂成本與電動車市況趨緩。
1533,車王電,上市汽車,,,電巴與工具機,車用電子零件,,,電動巴士(華德動能),,,氣動工具,,,電動巴士交車量,,,美國子公司營收,,,政府公車電動化預算,,,電動巴士標案延宕,,,轉投資虧損,,,市場競爭激烈,,,本業車電平平，夢想全在子公司「華德動能」的電動巴士上。
1525,江申,上市汽車,,,貨卡車架大王,貨車車架,,,電動巴士車架,,,轉投資中國(廣州恩梯恩),,,國內物流車需求,,,轉投資收益(中國),,,鋼材價格,,,中國轉投資獲利衰退,,,商用車景氣循環,,,電巴推廣速度慢,,,本業做車架很穩，但過往龐大的業外收益(中國轉投資)正隨著中國車市內捲而縮水。
1524,耿鼎,上市汽車,,,板金件老牌,AM汽車板金(葉子板/引擎蓋),,,模具開發,,,檢具,,,北美State Farm認證數,,,新台幣匯率,,,鋼材成本,,,反傾銷稅調查,,,海運運費,,,匯率波動,,,老牌AM板金廠，受惠美國保險公司擴大使用AM件，近年獲利大爆發。
1522,堤維西,上市汽車,,,AM車燈二哥,AM頭燈/尾燈,,,OEM車燈(主要在中國),,,改裝車燈,,,State Farm認證進度,,,底特律廠量產狀況,,,海運運費,,,美國產險政策變動,,,中國OEM業務虧損,,,運費侵蝕獲利,,,與帝寶並列，積極在底特律設廠直接供應美國車廠，是其差異化策略。
1521,大億,上市汽車,,,OEM車燈龍頭,OEM車燈(國內車廠/外銷),,,模具,,,航太零件,,,台灣新車產量,,,日圓匯率(技術母廠),,,主要客戶(Mazda)外銷量,,,日圓升值增加成本,,,國產車市佔萎縮,,,轉投資虧損,,,主要做原廠(OEM)生意，雖然穩定但缺乏AM市場的暴利，受國產車市況影響大。
1512,瑞利,上市汽車,,,板金件苦主,汽車板金OEM,,,模具,,,飛機零件,,,主要客戶(納智捷/中華)銷量,,,財務結構改善進度,,,新車款訂單,,,長期虧損/財務危機,,,產能利用率低,,,資金周轉困難,,,曾經的板金大廠，因過度依賴特定客戶且轉型不順，近年財務狀況嚴峻。
1339,昭輝,上市汽車,,,保桿塑膠王,AM塑膠保桿,,,水箱護罩,,,電鍍飾件,,,北美AM市場需求,,,State Farm認證數,,,塑膠原料(PP/ABS)價格,,,海運缺櫃/運費,,,反傾銷調查,,,匯率波動,,,專攻AM塑膠件(保桿)，與板金廠一樣，是這波美國保險政策紅利的直接受益者。
1338,廣華-KY,上市汽車,,,內飾轉印大師,汽車內飾件(水轉印/塗裝),,,面板飾條,,,光飾件,,,中國日系車廠銷量,,,比亞迪/電動車訂單,,,人民幣匯率,,,中國車市價格戰,,,日系客戶市佔崩跌,,,人工成本上升,,,主戰場在中國，且高度依賴日系車(Toyota/Honda/Nissan)，深受中國車市「油轉電」與價格戰之苦。
1319,東陽,上市汽車,,,全球保桿大王,AM塑膠件(保桿/水箱罩),,,OEM內裝儀表,,,板金件,,,State Farm擴大採用AM件,,,海運運價指數,,,模具開發數量,,,美國保險公司政策轉向,,,運費飆漲,,,匯率風險,,,全球最大的AM塑膠件廠，擁有最強的模具開發能力與CAPA認證數，是AM族群的領頭羊。
TSE25,建材營造,上市建材營造,,,,,,,,,,,,,,,,,,,,,,,,,,,,,,,
9946,三發地產,上市建材營造,,,高雄代銷轉建商,住宅建案銷售,,,商辦租賃,,,音樂展演(金革),,,建案完工入帳,,,高雄房市買氣,,,土地庫存,,,南部房市過熱修正,,,餘屋去化速度,,,政策打房,,,從代銷起家轉型建商，擅長高雄與台南市場，推案節奏靈活。
9906,欣巴巴,上市建材營造,J000810,,南部透天王轉大樓,住宅大樓銷售,,,透天別墅,,,土地開發,,,高雄/台南建案進度,,,預售屋銷售率,,,營建成本,,,南部房價漲幅收斂,,,缺工延後交屋,,,升息影響買氣,,,深耕南台灣，近年從透天轉攻高樓層住宅，受惠南部科技園區題材。
6177,達麗,上市建材營造,,,全台獵地手,住宅建案(北中南),,,美國商場收租,,,捷運聯開案,,,全台推案量,,,美國資產收益,,,股利配發率,,,推案戰線過長,,,營建成本高漲,,,打房政策衝擊,,,推案遍及全台主要都會區，並有美國商場穩定收益，股性活潑。
5546,永固-KY,上市建材營造,,,重慶混凝土王,預拌混凝土(中國),,,水泥製品,,,環保建材,,,重慶基建進度,,,應收帳款回收天數,,,水泥價格,,,中國房市泡沫,,,基建撥款延宕,,,壞帳風險,,,主要市場在中國重慶，獲利高度依賴當地基建與房市，需嚴控應收帳款。
5534,長虹,上市建材營造,,,營建資優生,高級住宅銷售,,,商辦大樓(內湖/南港),,,廠辦,,,商辦租金收益,,,完工入帳EPS,,,現金殖利率,,,商辦市場供給過剩,,,豪宅稅限制,,,北市土地取得難,,,財務結構極佳，商辦與住宅雙引擎，是營建股中的績優定存標的。
5533,皇鼎,上市建材營造,,,飯店與商辦,商辦/廠辦銷售,,,富信飯店營運,,,住宅建案,,,商辦去化速度,,,飯店住房率,,,資產活化,,,商辦市場飽和,,,觀光業景氣波動,,,餘屋庫存,,,主要獲利來自商辦銷售與飯店經營，資產價值高，具防禦性。
5531,鄉林,上市建材營造,I027012,,涵碧樓推手,住宅建案,,,涵碧樓飯店(兩岸),,,商業不動產,,,兩岸推案進度,,,飯店住房率,,,負債比率,,,中國房市風暴,,,高財務槓桿,,,成都/青島案延宕,,,品牌形象極佳(涵碧樓)，但財務槓桿較高，且受中國房市低迷拖累較深。
5525,順天,上市建材營造,,,台中豪宅品牌,高級住宅,,,商辦大樓,,,工業區開發,,,台中房市交易量,,,商辦出租率,,,工業區銷售,,,台中房市供給過大,,,打房政策,,,營造成本,,,深耕台中的老牌建商，品牌溢價能力強，近年積極開發商辦與工業區。
5522,遠雄,上市建材營造,,,廠辦造鎮王,住宅造鎮(全台),,,廠辦大樓(汐止/南港),,,巨蛋園區(BOT),,,全台推案量,,,巨蛋營運狀況,,,預售屋銷售率,,,大巨蛋政治風險(已解),,,推案量大庫存高,,,升息壓力,,,全台推案量最大的建商之一，擅長大型造鎮與廠辦，大巨蛋啟用後有新題材。
5521,工信,上市建材營造,I025020,,公共工程硬漢,公共工程(道路/橋梁),,,隧道工程,,,捷運工程,,,在手標案金額,,,工程毛利率,,,政府預算進度,,,原物料價格暴漲,,,工程延宕罰款,,,低價搶標風險,,,專做政府公共工程，獲利微薄但穩定，受惠前瞻計畫與基建預算。
5519,隆大,上市建材營造,,,高雄營建地頭蛇,住宅建案(高雄),,,公共工程,,,透天別墅,,,高雄房市熱度,,,建案完工入帳,,,公共工程標案,,,南部房價修正,,,缺工問題,,,政策打房,,,高雄在地老牌建商，推案穩健，受惠台積電高雄設廠效應。
5515,建國,上市建材營造,I025020,,工程營造商,建築工程,,,土木工程,,,機電工程,,,科技廠房訂單,,,工程毛利,,,原物料價格,,,科技廠擴廠放緩,,,工程款追加困難,,,缺工成本,,,主要承接科技廠房與公共工程，獲利隨景氣循環與原物料成本波動。
3703,欣陸,上市建材營造,I025020,,營建控股,大陸工程(營造),,,大陸建設(房產),,,欣達環工(水資源),,,在手工程案量,,,房產銷售入帳,,,環工水務營收,,,公共工程毛利低,,,房市景氣反轉,,,控股折價,,,旗下擁有營造、建設與環工三大引擎，獲利結構多元且穩健。
3266,昇陽,上市建材營造,I025010,,營建與營造,住宅建案(昇陽建設),,,營造工程,,,都市更新,,,都更案進度,,,預售屋銷售,,,營造毛利,,,都更整合期長,,,政策打房,,,營造成本,,,以高品質營造與都更案聞名，推案速度較慢但品質有保證。
3056,富華新,上市建材營造,I025010,,台中造鎮王,住宅造鎮(北屯),,,商場經營,,,土地開發,,,台中北屯房價,,,造鎮案銷售率,,,營建成本,,,改名(原總太)後品牌認知,,,單一區域供給過大,,,打房政策,,,原名總太地產，專攻台中北屯大型造鎮案，成本控制能力強。
3052,夆典,上市建材營造,I025010|I025020,,儀控轉營建,住宅/廠辦建案,,,機電儀控工程,,,工業區開發,,,嘉義/台南建案,,,機電標案,,,工業區土地銷售,,,房市景氣,,,工程延宕,,,轉型成效,,,結合了機電工程背景的建商，近年在嘉義等地有大型開發案。
2923,鼎固-KY,上市建材營造,I025010,,中國地產包租公,商辦租賃(上海/重慶),,,住宅銷售,,,商場經營,,,上海商辦出租率,,,中國房市政策,,,人民幣匯率,,,中國經濟通縮,,,房產泡沫化,,,資產價值減損,,,主要資產都在中國(上海/重慶)，靠收租與賣房，高度連結中國房地產景氣。
2597,潤弘,上市建材營造,I025020,,預鑄營造王,高科技廠房營造,,,預鑄工法構件,,,統包工程,,,台積電擴廠進度,,,預鑄產能利用率,,,高現金殖利率,,,半導體資本支出縮減,,,原料成本,,,缺工(預鑄影響較小),,,潤泰集團成員，擁有獨家「預鑄工法」，施工快、品質好，是科技廠建廠首選。
2548,華固,上市建材營造,I025010,,商辦住宅雙棲,高級住宅,,,A級商辦,,,廠辦,,,商辦預售狀況,,,年度完工案量,,,高現金股利,,,北市土地取得難,,,豪宅稅,,,囤房稅,,,營建股的績優生，推案精準(專攻北市商辦與豪宅)，獲利與配息極度穩定。
2547,日勝生,上市建材營造,I025010,,BOT軌道經濟,京站百貨(BOT),,,住宅建案(聯開案),,,水資源回收(中鼎),,,百貨人流營收,,,建案完工,,,水資源穩定收益,,,BOT案折舊攤提,,,地上權住宅抗性,,,百貨競爭,,,靠「京站」百貨與捷運聯開案起家，現在積極拓展循環經濟(水資源/廢棄物)。
2546,根基,上市建材營造,I025020,,冠德御用營造,冠德建設建案,,,高科技廠房,,,公共工程,,,冠德推案量,,,科技廠訂單,,,高殖利率,,,房市景氣下滑,,,原物料成本,,,母公司依賴,,,冠德建設子公司，主要承接母公司建案與高科技廠房，業績穩健。
2545,皇翔,上市建材營造,I025010,,信義區豪宅王,豪宅銷售(皇翔御琚),,,商辦建案,,,飯店(萬豪),,,豪宅去化速度,,,商辦租金/銷售,,,股利政策,,,豪宅稅/信用管制,,,餘屋庫存高,,,飯店營收波動,,,手握信義區頂級豪宅與精華地段土地，資產價值極高，但豪宅去化速度慢。
2543,皇昌,上市建材營造,,,公共工程專門,捷運工程,,,海事工程,,,橋梁,,,在手標案金額,,,工程毛利率,,,政府預算,,,低價搶標風險,,,原物料暴漲,,,工期延宕罰款,,,專攻高難度的海事與捷運工程，受惠政府前瞻計畫。
2542,興富發,上市建材營造,I025010,,獵地營收王,首購宅(全台),,,商辦大樓,,,購物中心,,,年度推案量(千億級),,,土地庫存量,,,預售屋銷售率,,,高財務槓桿,,,打房政策首當其衝,,,工安事件影響,,,全台推案量最大的「獵地王」，周轉率高，敢衝敢借，是房市多頭的最大贏家。
2540,愛山林,上市建材營造,,,代銷轉建商,房地產代銷(甲山林),,,自建案銷售,,,飯店,,,全台房市代銷量,,,自建案完工比例,,,廣告行銷費用,,,房市急凍(代銷受創),,,自建案銷售風險,,,政策打房,,,台灣代銷龍頭(甲山林)，近年積極轉型自建商，獲利爆發力強但波動也大。
2539,櫻花建,上市建材營造,I025010,,寶佳體系資優生,住宅建案(台中/彰化/桃園),,,首購宅,,,土地開發,,,台中房市買氣,,,推案完工量,,,高殖利率,,,單一集團(寶佳)色彩,,,打房影響首購,,,營建成本,,,寶佳集團成員，專攻剛性需求的首購宅，推案節奏快且精準，配息大方。
2538,基泰,上市建材營造,I025010,,北市都更建商,住宅建案,,,商辦,,,都更整合,,,大直工安事件後續,,,都更案進度,,,資產處分,,,工安賠償風險,,,品牌形象受損,,,銀行融資緊縮,,,深耕台北市的建商，因大直工安事件受創，目前處於重建品牌與處理賠償的階段。
2537,聯上發,上市建材營造,I025010,,都更與重劃,住宅建案(雙北/桃園),,,都更案,,,土地開發,,,雙北推案進度,,,預售銷售率,,,營建成本,,,都更整合困難,,,房市政策,,,庫存去化,,,聯上集團成員，專攻雙北與桃園的住宅市場。
2536,宏普,上市建材營造,I025010,,商辦與住宅,住宅建案(雙北),,,商辦(內湖/大直),,,飯店寓所,,,商辦出租/銷售,,,建案完工入帳,,,資產價值,,,商辦供給過剩,,,房市景氣,,,土地取得成本,,,推案集中在台北市精華區與重劃區，商辦與住宅並重。
2535,達欣工,上市建材營造,,,台積電建廠夥伴,高科技廠房,,,公共工程,,,商辦/住宅營造,,,台積電擴廠進度,,,在手訂單金額,,,高殖利率,,,半導體資本支出縮減,,,原物料上漲,,,缺工,,,國內頂尖營造廠，台積電建廠的主要合作夥伴，獲利與配息穩定。
2534,宏盛,上市建材營造,I025010,,帝寶建商,豪宅銷售,,,商辦建案,,,淡海新市鎮開發,,,豪宅去化速度,,,淡水建案銷售,,,餘屋庫存,,,豪宅稅影響,,,淡水供給過大,,,資產流動性,,,以「帝寶」聞名，近年重心在淡海新市鎮，需關注大坪數產品的去化速度。
2530,華建,上市建材營造,I025010,,寶佳入主轉機,住宅建案,,,都更,,,土地開發,,,寶佳入主後推案量,,,都更案進度,,,每股獲利,,,推案暴增後的銷售率,,,營建成本,,,財務結構,,,寶佳集團入主後，推案風格轉為積極，營收與獲利有爆發潛力。
2528,皇普,上市建材營造,I025010,,寶佳新血,住宅建案(全台),,,首購宅,,,土地開發,,,全台推案量,,,預售屋銷售,,,寶佳資源整合,,,推案擴張過快風險,,,打房影響首購,,,房市反轉,,,寶佳集團成員，從老牌建商轉型為全台推案的積極型建商。
2527,宏璟,上市建材營造,I025010,,日月光御用建商,住宅建案(土城),,,廠辦(高雄),,,商辦,,,日月光擴廠訂單,,,土城建案銷售,,,完工入帳,,,房市景氣,,,單一集團依賴,,,土城房價波動,,,日月光集團成員，主要承接集團廠辦與土城重劃區的住宅案。
2524,京城,上市建材營造,I025010,,高雄土地公,豪宅(高雄農16/美術館),,,商辦,,,土地資產,,,高雄豪宅買氣,,,台積電高雄廠效應,,,土地價值重估,,,高雄房市波動,,,豪宅去化慢,,,囤房稅,,,高雄大地主，土地庫存驚人，主攻高總價豪宅，受惠台積電高雄設廠題材。
2520,冠德,上市建材營造,I025010,,捷運聯開王,捷運共構宅,,,豪宅,,,環球購物中心,,,捷運聯開案量,,,購物中心營收,,,豪宅去化,,,豪宅稅影響,,,百貨景氣,,,升息壓力,,,擅長捷運聯開案(與根基合作)，並擁有環球購物中心的穩定現金流。
2516,新建,上市建材營造,,,老牌營造,公共工程,,,土木建築,,,機電工程,,,公共工程標案,,,工程毛利,,,在手訂單,,,低價搶標後遺症,,,原料成本,,,工程延宕,,,新光集團背景的老牌營造廠，主要承攬公共工程。
2515,中工,上市建材營造,,,工業區開發王,土城AI智慧園區,,,公共工程,,,都更,,,工業區租售收入,,,公共工程毛利,,,延壽國宅都更,,,工業區開發資金積壓,,,工程利潤微薄,,,政策變動,,,威京集團成員，重點在於「土城AI智慧園區」的銷售與租賃收益，以及大型都更案。
2511,太子,上市建材營造,I025010,,統一集團建商,住宅建案(全台),,,商用不動產,,,學生宿舍(BOT),,,全台推案銷售,,,轉投資(W Hotel)損益,,,統一集團資源,,,房市景氣,,,飯店營運波動,,,升息壓力,,,統一集團成員，推案穩健，擁有學生宿舍BOT與飯店等固定收益資產。
2509,全坤建,上市建材營造,I025010,,都更專家,住宅建案(雙北),,,都更/危老,,,美國西雅圖開發,,,都更案進度,,,美國建案銷售,,,完工入帳,,,都更整合變數多,,,美國房市風險,,,入帳空窗期,,,專攻雙北都更案，並跨足美國西雅圖房地產開發。
2506,太設,上市建材營造,I025010,,百貨轉型,住宅建案,,,太平洋百貨,,,綠能/休閒,,,百貨營收,,,建案完工,,,新事業成效,,,百貨競爭激烈,,,推案量少,,,轉型緩慢,,,從百貨零售轉型為建設與綠能休閒事業，營運爆發力較弱。
2505,國揚,上市建材營造,I025010,,漢神百貨富爸,住宅建案,,,廠辦,,,漢來飯店/百貨(關聯),,,廠辦銷售狀況,,,高雄建案進度,,,集團資源整合,,,推案不連續,,,房市波動,,,財務結構,,,國揚集團旗艦，推案靈活(住宅/廠辦)，與漢神百貨、漢來飯店有集團綜效。
2504,國產,上市建材營造,I099030,,預拌混凝土王,預拌混凝土,,,南港資產開發,,,建材,,,科技廠建廠需求,,,混凝土發貨量,,,南港廠開發進度,,,水泥/砂石價格,,,房市/建廠放緩,,,資產開發延宕,,,受惠科技廠建廠對高端混凝土的需求，南港龐大的土地資產開發是長線大補丸。
2501,國建,上市建材營造,I025010,,國泰金字招牌,住宅建案(全台),,,健康管理,,,飯店(和逸/慕軒),,,國泰品牌溢價,,,全台推案量,,,轉投資收益,,,房市打房,,,營建成本,,,保守經營(成長慢),,,台灣最老牌、信譽最好的建商，國泰集團成員，品質保證，推案穩健。
2442,新美齊,上市建材營造,I025010,,科技轉營建,住宅建案(雙北),,,車用電子(舊業),,,資產開發,,,建案完工入帳,,,土地庫存,,,轉型成效,,,推案規模較小,,,入帳波動大,,,房市景氣,,,大同集團第四代經營，從科技業成功轉型為精緻型建商。
1808,潤隆,上市建材營造,,,興富發小鋼炮,住宅建案(基隆/台中/台南),,,首購宅,,,商辦,,,年度完工案量,,,預售屋銷售率,,,高現金殖利率,,,推案過快(品質風險),,,打房影響首購,,,財務槓桿,,,興富發集團成員，推案比母公司更靈活，專攻高周轉的首購市場，配息大方。
1805,寶徠,上市建材營造,,,豪宅品牌,豪宅建案,,,都更,,,土地開發,,,建案銷售率,,,豪宅去化,,,合作開發案,,,豪宅市場急凍,,,推案量少,,,營運波動大,,,主攻高端豪宅，受豪宅稅與信用管制影響大，近年改採合作開發模式。
1472,三洋實業,上市建材營造,,,紡織轉營建,住宅建案,,,紡織品(已少),,,其他,,,建案入帳,,,新業務營收,,,轉型成效,,,本業沒落,,,建案不連續,,,全額交割風險,,,原為紡織廠，現轉型營建，但營運規模與穩定度仍待觀察。
1456,怡華,上市建材營造,,,紡織轉營建,住宅建案,,,紡織品,,,租賃,,,建案銷售,,,資產活化,,,紡織虧損縮減,,,推案量少,,,本業競爭力弱,,,流動性風險,,,原名怡華紡織，轉型營建後推案量不大，主要靠資產題材。
1453,大將,上市建材營造,,,紡織轉營建,住宅建案,,,營建工程,,,紡織(退出),,,建案完工入帳,,,土地開發,,,營運現金流,,,推案空窗期,,,房市景氣,,,規模過小,,,已完全轉型為建商，推案集中在雙北地區，規模較小。
1442,名軒,上市建材營造,,,麗寶集團好手,住宅建案(淡水/桃園),,,地上權住宅,,,商辦,,,淡水造鎮案銷售,,,軌道經濟建案,,,高殖利率,,,淡水庫存去化,,,地上權接受度,,,房市打房,,,麗寶集團唯一的上市公司，推案量大，淡水大型造鎮案是獲利關鍵。
1439,雋揚,上市建材營造,,,營建新兵,住宅建案,,,都更,,,其他,,,新案開發進度,,,營收來源,,,轉型計畫,,,知名度不足,,,案源不穩,,,流動性風險,,,原名中和羊毛，易主後轉型營建開發，目前處於業務調整期。
1438,三地開發,上市建材營造,,,南部土地公,住宅建案(高雄/台南),,,資產活化,,,客運轉運站開發,,,南部推案量,,,資產重估價值,,,三地集團資源,,,南部房市波動,,,開發進度延宕,,,財務槓桿,,,三地集團成員，擁有龐大的客運站與土地資產，主要在南部推案。
1436,華友聯,上市建材營造,,,台南重劃王,住宅建案(台南/高雄),,,重劃區開發,,,休閒產業,,,台南重劃區漲幅,,,預售屋銷售,,,土地成本低,,,南部房市過熱修正,,,政策打房,,,推案集中南部,,,深耕台南與高雄重劃區，土地取得成本低，獲利能力強。
1316,上曜,上市建材營造,,,豪宅與光電,豪宅建案(台南),,,PU樹脂(本業),,,光電/營造,,,台南豪宅銷售,,,建案完工,,,轉投資(永捷/信立)表現,,,豪宅去化極慢,,,高財務槓桿,,,轉投資波動,,,台南豪宅建商，本業是PU樹脂，推案以高單價豪宅為主，銷售期較長。
TSE26,航運業,上市航運,,,,,,,,,,,,,,,,,,,,,,,,,,,,,,,
8367,建新國際,上市航運,I026040,,港口裝卸與散雜貨物流服務商,港埠裝卸收入,,,倉儲與物流服務,,,長約客戶穩定貢獻,,,散雜貨吞吐量,,,營業利益率,,,固定資產利用率,,,港口貨量下滑,,,區域競爭加劇,,,大型客戶流失,,,屬量體穩定型公司，重點在貨量是否持續成長
6757,台灣虎航-創,上市航運,,,唯一台籍廉航，專攻日韓,客運票務,,,行李選位加價,,,機上餐飲,,,日韓旅遊熱度,,,飛機周轉率,,,油價,,,機場罷工,,,消費力下降,,,競爭者跟進,,,波動性大，適合觀察國人出國熱潮操作
6753,龍德造船,上市航運,J001450,,國艦國造的高速艇專家,軍警艦艇,,,無人船,,,公務船維修,,,政府採購預算,,,標案得標率,,,原料價,,,單一客戶風險,,,交船時程延誤,,,缺工,,,受益於不對稱作戰趨勢，成長潛力較高
5608,四維航,上市航運,,,中小型散裝航運彈性操作股,散裝船租金收入,,,短期現貨市場運價,,,船隊買賣資本利得,,,BDI指數走勢,,,平均日租金,,,負債比率,,,運價急跌,,,高槓桿風險,,,船舶供給過剩,,,高度循環股，關鍵在運價轉折而非獲利高峰
5607,遠雄港,上市航運,I026040|I099030,,航空貨運界的包租公,倉儲租金,,,物流加值服務,,,規費,,,桃園航空城進度,,,進出口貨量,,,租金率,,,土地開發受阻,,,空運量大跌,,,借貸利率,,,具地產性質的物流股，獲利相對穩健
2645,長榮航太,上市航運,,,全球領先的飛機醫美中心,飛機維修(MRO),,,發動機零件製造,,,0,,,航機維修時數,,,零組件毛利,,,匯率,,,缺工問題,,,材料供應鏈斷裂,,,競爭加劇,,,進入門檻極高，穩定獲利且毛利優於航空
2642,宅配通,上市航運,,,電商最後一哩路執行者,宅配服務,,,機場行李,,,倉儲管理,,,電商購物旺季,,,人工成本,,,油價,,,市場競爭白熱化,,,自動化進度慢,,,缺工,,,獲利受人力成本侵蝕大，關注自動化轉型
2637,慧洋-KY,上市航運,,,散裝船隊最年輕的領航者,船隻租賃,,,節能船溢價,,,處分舊船,,,BDI指數,,,中國房產景氣,,,環保法規,,,租家違約,,,大宗物資崩盤,,,利率波動,,,散裝龍頭，對全球基礎建設景氣最敏感
2636,台驊投控,上市航運,,,航運界的聯強，輕資產整合,貨運承攬,,,倉儲配送,,,股利收益,,,全球運價,,,承攬量,,,轉投資獲利,,,運價暴跌,,,呆帳風險,,,投資部位虧損,,,輕資產模式，靈活度高但受運價波動影響
2634,漢翔,上市航運,,,國防民航雙棲的航太龍頭,國艦國造,,,民航零組件,,,發動機維修,,,國防預算,,,民航飛行時數,,,原料成本,,,標案延宕,,,技術外洩,,,軍工訂單斷層,,,具防禦性，是軍工題材與長線穩健首選
2633,台灣高鐵,上市航運,,,獨佔性最強的陸運大動脈,車票收入,,,廣告租賃,,,站區開發,,,乘載率,,,平均票價,,,維護折舊成本,,,公安事故,,,折舊政策改變,,,少子化,,,類公債屬性，適合存股族穩定領息
2630,亞航,上市航運,,,航太維修與軍工訂單導向公司,軍機維修合約,,,民航機維修收入,,,政府標案訂單,,,在手訂單金額,,,毛利率,,,營收成長率,,,標案延遲,,,政府預算變動,,,單一客戶依賴,,,訂單能見度比短期財報更重要
2618,長榮航,上市航運,,,服務優異的精品航空,高收益客運,,,電商空運,,,機上免稅,,,客座率,,,航空燃油價,,,台幣匯率,,,地緣衝突,,,罷工風險,,,新機交機延遲,,,商務與高端旅遊市場回溫的首選指標
2617,台航,上市航運,,,穩健型散裝航運國營色彩公司,中長期租約收入,,,現貨市場運價收益,,,合資船隊收益,,,BDI指數,,,平均船齡,,,現金水位,,,全球原物料需求下降,,,運價波動劇烈,,,船隊折舊壓力,,,屬景氣循環股，需低檔布局高檔減碼
2615,萬海,上市航運,,,亞洲近洋線之王,亞洲區間貨櫃,,,遠洋擴張,,,倉儲物流,,,東南亞貿易量,,,新船下水,,,區域運價,,,亞洲殺價競爭,,,油價管理,,,美東線虧損,,,對亞洲貿易最敏感，觀察區域經濟活絡度
2613,中櫃,上市航運,,,兩岸小三通貨櫃運輸商,區域貨櫃航線收入,,,港口相關服務費,,,航線調整帶來價差,,,兩岸貨量變化,,,運價水準,,,政策動向,,,兩岸政策風險,,,航線需求不穩,,,市場規模有限,,,政治與政策風險高於景氣因素
2612,中航,上市航運,,,大型散裝船隊營運商,長期租約收入,,,現貨運價收益,,,船舶資產增值,,,BDI與BCI指數,,,船隊規模,,,負債比率,,,運價崩跌,,,高資本支出,,,全球景氣衰退,,,本質為原物料景氣槓桿股
2611,志信,上市航運,,,港埠與航運周邊服務商,港口裝卸收入,,,物流服務,,,轉投資收益,,,貨量成長率,,,營業利益率,,,轉投資獲利,,,港口競爭,,,經濟衰退影響貨量,,,獲利來源分散度不足,,,屬穩定現金流型，成長性有限
2610,華航,上市航運,,,台灣空運貨運老大哥,電子產品貨運,,,國際客運,,,政府業務,,,出口運價,,,油價避險,,,兩岸關係,,,貨運需求萎縮,,,退休金負債,,,維修成本,,,貨運營收佔比高，電子產品出口是關鍵
2609,陽明,上市航運,I099030,80,公股航運股，跟著運價坐過山車但步調慢半拍,貨櫃海運運費收入,,,航運聯盟協同營運,,,政府政策支持與補貼,,,運價指數與同業比較,,,成本控制與船隊效率,,,公股股利政策走向,,,運價下跌獲利大縮水,,,公股經營效率不足,,,船隊老化汰換壓力,,,想買航運股又怕太貴的低價選擇，但一定要懂景氣循環
2608,嘉里大榮,上市航運,,,陸運物流與冷鏈先驅,常低溫配送,,,零擔貨運,,,保稅物流,,,基本薪資,,,宅配件數,,,燃油成本,,,人工成本暴漲,,,電商平台自建物流,,,0,,,內需型績優生，關注冷鏈與醫藥物流利基
2607,榮運,上市航運,I099030,,貨櫃物流與倉儲整合商,貨櫃運輸收入,,,倉儲與物流管理,,,母公司體系協同效益,,,貨櫃量,,,毛利率,,,現金流,,,全球貿易降溫,,,運價下滑,,,成本上升,,,受全球貿易循環影響較大
2606,裕民,上市航運,,,散裝老牌勁旅，船隊多元,鐵礦砂/煤炭承載,,,合約租金,,,代管,,,鐵礦砂需求,,,BDI指數,,,節能船比率,,,鋼鐵需求下降,,,老船淘汰壓力,,,燃油費,,,財務體質健全，適合長期追蹤原物料景氣
2605,新興,上市航運,,,散裝與油輪並行的老牌航商,礦砂承載,,,原油運輸,,,船舶出租,,,BDI指數,,,BDTI(原油指數),,,油價,,,油輪景氣波動,,,船隊老化,,,匯損風險,,,同時具備散裝與油輪題材，具分散風險效果
2603,長榮,上市航運,,75,景氣循環股代表，賺時賺翻、虧時見底,貨櫃海運運費收入,,,長約與即期運價混合,,,航線與船隊規模優勢,,,全球貨櫃運價指數,,,新船交付與供需平衡,,,現金流運用方式,,,運價崩跌獲利歸零,,,高運價時擴張過度,,,油價飆漲與地緣政治,,,不是存股標的，要在別人恐懼時布局、貪婪時離場
2208,台船,上市航運,,,國營造船與軍艦國造核心公司,軍艦建造訂單,,,商船維修與建造,,,政府專案補助,,,在手訂單金額,,,毛利率改善幅度,,,現金流狀況,,,專案延宕,,,成本超支,,,本業虧損風險,,,題材性強，但需確認專案獲利能力
TSE27,觀光餐旅,上市觀光餐旅,,,,,,,,,,,,,,,,,,,,,,,,,,,,,,,
9943,好樂迪,上市觀光餐旅,I027010,,KTV娛樂通路龍頭，受觀光與內需景氣影響,,,,,,,,,,,,,,,,,,,,,,,,,,,,
8940,新天地,上市觀光餐旅,J001090|I027011,,婚宴餐飲集團，受觀光與內需景氣影響,,,,,,,,,,,,,,,,,,,,,,,,,,,,
5706,鳳凰,上市觀光餐旅,I027010,,旅遊團體行程業者，受觀光與內需景氣影響,,,,,,,,,,,,,,,,,,,,,,,,,,,,
2753,八方雲集,上市觀光餐旅,I027011,,連鎖餐飲加盟龍頭，受觀光與內需景氣影響,,,,,,,,,,,,,,,,,,,,,,,,,,,,
2748,雲品,上市觀光餐旅,J001170|I027012,,高端渡假飯店，受觀光與內需景氣影響,,,,,,,,,,,,,,,,,,,,,,,,,,,,
2739,寒舍,上市觀光餐旅,J001170|I027012,,都會精品飯店，受觀光與內需景氣影響,,,,,,,,,,,,,,,,,,,,,,,,,,,,
2731,雄獅,上市觀光餐旅,,,旅行社龍頭，受觀光與內需景氣影響,,,,,,,,,,,,,,,,,,,,,,,,,,,,
2727,王品,上市觀光餐旅,,,多品牌餐飲集團，受觀光與內需景氣影響,,,,,,,,,,,,,,,,,,,,,,,,,,,,
2723,美食-KY,上市觀光餐旅,,,85度C連鎖餐飲，受觀光與內需景氣影響,,,,,,,,,,,,,,,,,,,,,,,,,,,,
2722,夏都,上市觀光餐旅,,,度假型飯店，受觀光與內需景氣影響,,,,,,,,,,,,,,,,,,,,,,,,,,,,
2712,遠雄來,上市觀光餐旅,,,花蓮觀光飯店，受觀光與內需景氣影響,,,,,,,,,,,,,,,,,,,,,,,,,,,,
2707,晶華,上市觀光餐旅,,,國際觀光飯店龍頭，受觀光與內需景氣影響,,,,,,,,,,,,,,,,,,,,,,,,,,,,
2706,第一店,上市觀光餐旅,,,老牌飯店資產股，受觀光與內需景氣影響,,,,,,,,,,,,,,,,,,,,,,,,,,,,
2705,六福,上市觀光餐旅,I099030,,飯店與遊樂園集團，受觀光與內需景氣影響,,,,,,,,,,,,,,,,,,,,,,,,,,,,
2704,國賓,上市觀光餐旅,,,都會飯店與資產題材，受觀光與內需景氣影響,,,,,,,,,,,,,,,,,,,,,,,,,,,,
2702,華園,上市觀光餐旅,,,南部飯店業者，受觀光與內需景氣影響,,,,,,,,,,,,,,,,,,,,,,,,,,,,
2701,萬企,上市觀光餐旅,,,老牌飯店資產股，受觀光與內需景氣影響,,,,,,,,,,,,,,,,,,,,,,,,,,,,
TSE28,金融保險,上市金融保險,,,,,,,,,,,,,,,,,,,,,,,,,,,,,,,
6024,群益期,上市金融保險,,,波動率獵人,期貨經紀手續費,,,保證金利息收入,,,自營交易獲利,,,大盤波動率(VIX),,,海外期貨交易量,,,客戶保證金餘額,,,市場死魚盤(無波動),,,法規限制槓桿,,,自營操作失誤,,,股市波動越大它越賺，尤其是升息循環後的「高利率」讓它的保證金利息賺飽飽。
6005,群益證,上市金融保險,,,獨立券商王,台股經紀手續費,,,融資融券利息,,,權證/衍生品發行,,,台股日均成交量(ADT),,,市佔率排名,,,融資餘額,,,股市崩盤交易量縮,,,大型金控搶市佔,,,權證避險虧損,,,沒有金控富爸爸的獨立券商龍頭，股性活潑，看天吃飯(成交量)的代表。
5880,合庫金,上市金融保險,J000770|I028010,,房貸公務員,房貸利息收入,,,土建融放款,,,中小企業信保,,,房貸逾放比,,,央行升息/降息幅度,,,資本適足率(BIS),,,房市泡沫化風險,,,呆帳覆蓋率偏低,,,官股包袱僵化,,,全台最大的房貸銀行，房市好它就穩，但獲利成長性像牛車一樣慢。
5876,上海商銀,上市金融保險,,,兩岸匯兌通,企業金融(OBU),,,香港子行(上海商銀香港),,,高殖利率投資組合,,,淨利差(NIM),,,香港經濟數據,,,股利配發率,,,中國/香港經濟衰退,,,房地產曝險,,,匯率波動,,,唯一非金控的高價銀行股，依賴香港與兩岸貿易融資，是存股族的最愛之一。
2897,王道銀行,上市金融保險,,,數位精品店,消費金融(數位帳戶),,,企業聯貸,,,租賃子公司(台灣工銀租賃),,,數位帳戶開戶數,,,手續費收入佔比,,,轉投資租賃獲利,,,數位獲客成本過高,,,流動性較差,,,利差過薄,,,從工銀轉型商銀的小型銀行，主打數位原生，但規模經濟尚未顯現。
2892,第一金,上市金融保險,J000770|I028010,,官股資優生,中小企業放款,,,外幣放款,,,銀行手續費(財管),,,中小企業放款成長率,,,海外分行獲利佔比,,,信用成本,,,慶富案式踩雷風險,,,政策性護盤壓力,,,非銀行獲利引擎熄火,,,官股四金中獲利結構最均衡的，常作為官股護盤的首選標的。
2891,中信金,上市金融保險,J000770|I028010,,消費金融王,信用卡/信貸手續費,,,海外分行獲利,,,台灣人壽投資收益,,,信用卡簽帳金額,,,美債殖利率(影響壽險),,,海外獲利佔比,,,卡債風暴(極低機率),,,壽險避險成本,,,家族治理爭議,,,台灣最強的民營銀行，擁有最強的信用卡與外匯業務，獲利爆發力強。
2890,永豐金,上市金融保險,,,綠能數位家,銀行利息(數位帳戶Dawho),,,證券複委託,,,綠能融資專案,,,數位帳戶活躍度,,,複委託市佔率,,,太陽能電廠融資餘額,,,房貸授信風險,,,海外曝險(中國),,,家族訴訟爭議,,,靠著「大戶Dawho」數位帳戶與綠能融資成功年輕化，獲利成長性優於同業。
2889,國票金,上市金融保險,,,純種票券商,票券利差,,,債券交易資本利得,,,樂天網銀(轉投資),,,殖利率曲線(長短利差),,,授信資產品質,,,樂天網銀虧損收斂度,,,債券殖利率倒掛(賠錢),,,不動產授信管制,,,網銀燒錢無底洞,,,最純的「利率敏感股」，殖利率倒掛時會很慘，降息循環時會大賺。
2888,新光金,上市金融保險,,,壽險轉機股,人壽保險利差,,,銀行利息,,,證券經紀,,,新光人壽淨值(RBC),,,台美利差(避險成本),,,與台新金合併進度,,,增資壓力(大股東吵架),,,投資踩雷(如過往俄債),,,經營權動盪,,,現在唯一的看點就是「合併題材」與「淨值回升」，心臟強大者的投機標的。
2887,台新金,上市金融保險,,,數位銀行家,Richart數位銀行,,,消費金融,,,新併購的壽險(台新人壽),,,Richart用戶數,,,淨利息收益率,,,併購新光金綜效,,,壽險子公司獲利波動,,,雙重槓桿比率,,,合併後的整合陣痛期,,,靠Richart拿下年輕世代，但併購新光金後的資產整合將是未來三年的最大考驗。
2886,兆豐金,上市金融保險,,,外匯美元庫,美元放款利息,,,外匯交易手續費,,,海外分行獲利,,,美元匯率走勢,,,台美利差,,,現金股利殖利率,,,防疫險理賠(已過),,,美國商用不動產曝險,,,洗錢防制罰款(歷史陰影),,,賺美元利差的霸主，美元強勢與高息環境下，它是官股獲利王。
2885,元大金,上市金融保險,,,股市莊家,證券經紀手續費,,,ETF發行管理費,,,銀行利息,,,台股成交量,,,ETF規模(0050/0056),,,融資融券餘額,,,股市崩盤量縮,,,韓國/東南亞佈局風險,,,銀行端獲利佔比過低,,,不管股市漲跌，只要有人交易、有人買ETF，元大就躺著賺管理費。
2884,玉山金,上市金融保險,,,高價模範生,財富管理手續費,,,信用卡支付,,,中小企業放款,,,手續費收入成長率,,,信用卡每卡簽帳額,,,數位金融滲透率,,,高估值(本益比偏高),,,股本膨脹稀釋獲利,,,消費金融呆帳上升,,,股東忠誠度極高，但近年配股策略改變，需留意股息殖利率是否如預期。
2883,開發金,上市金融保險,,,獵人投行,凱基證券(經紀/承銷),,,凱基人壽(投資),,,私募股權投資,,,台股成交量,,,壽險投資部位損益,,,私募股權處分利益,,,投資部位波動極大,,,壽險淨值危機,,,經營層變動頻繁,,,已更名為「凱基金」，本質是證券+壽險的攻擊型金控，波動度比一般銀行股大很多。
2882,國泰金,上市金融保險,,,壽險大象,人壽保險利差,,,銀行利息,,,資產管理,,,美債殖利率(影響淨值),,,避險成本(CS),,,不動產重估價值,,,匯率波動吃掉獲利,,,增資壓力,,,全球股債市崩盤,,,全台最大的地主與壽險公司，股價與美債殖利率呈現高度負相關(降息對其有利)。
2881,富邦金,上市金融保險,,,獲利戰神,人壽投資收益,,,銀行利息,,,momo購物轉投資,,,每股盈餘(EPS),,,避險成本,,,海外投資收益率,,,防疫險虧損(已過),,,中國曝險部位,,,積極投資帶來的波動,,,台灣最會賺錢的金控，敢衝敢賭，適合追求資本利得勝過領股息的投資人。
2880,華南金,上市金融保險,,,保守管家,企業放款,,,房貸業務,,,證券經紀,,,逾放比(NPL),,,手續費收入佔比,,,股利配發穩定度,,,呆帳提存壓力,,,獲利成長動能不足,,,數位轉型緩慢,,,三商銀中最保守的一家，獲利沒驚喜但也沒驚嚇，適合極度保守的存股族。
2867,三商壽,上市金融保險,,,壽險孤兒,人壽保費收入,,,證券投資收益,,,不動產投資,,,資本適足率(RBC),,,淨值比,,,私募引資進度,,,淨值低於法定標準,,,投資踩雷(反向ETF),,,增資失敗流動性風險,,,財務體質最弱的壽險股，長期處於增資與尋求被併購的邊緣，風險極高。
2855,統一證,上市金融保險,,,食品幫券商,證券經紀,,,自營交易,,,轉投資收益(統一集團),,,台股成交量,,,經紀市佔率,,,自營部獲利績效,,,市場成交量萎縮,,,自營操作風險,,,集團資源整合度,,,統一集團成員，獲利穩健但爆發力不如元大，適合喜歡集團色彩的投資人。
2852,第一保,上市金融保險,,,產險小兵,車險/火險保費,,,再保佣金,,,投資收益,,,綜合率(Combined Ratio),,,自留賠款率,,,現金股利殖利率,,,大型天災理賠,,,再保費率調漲,,,投資收益波動,,,規模小但專注於利基市場，股性冷門，通常是穩定的配息股。
2851,中再保,上市金融保險,,,再保屏障,國內外再保費收入,,,投資收益,,,長榮集團股利,,,再保險費率走勢,,,巨災損失金額,,,核保利潤率,,,全球氣候變遷(天災頻傳),,,轉投資長榮海運波動,,,匯率風險,,,台灣唯一的本土再保公司，長榮集團旗下，受惠於全球再保費率硬挺。
2850,新產,上市金融保險,,,產險資優生,車險保費,,,商業火險,,,投資收益,,,核保利潤率(業界最高),,,投資報酬率,,,市佔率成長,,,大額商業火險理賠,,,防疫險後遺症(最小),,,股市波動影響投資,,,產險界的模範生，避開了防疫險風暴，核保嚴謹，獲利與配息長期穩定成長。
2849,安泰銀,上市金融保險,,,私募基金銀,土建融放款,,,企業聯貸,,,財富管理,,,私募股權(隆力)退場進度,,,淨利差(NIM),,,呆帳覆蓋率,,,大股東急於出售,,,被併購價格不如預期,,,聯貸案踩雷,,,長年都在傳「要賣掉了」，股價主要受併購傳聞驅動，基本面以企金為主。
2845,遠東銀,上市金融保險,,,集團小金庫,消費金融(Bankee),,,企業放款,,,信用卡,,,數位帳戶成長率,,,集團(遠東)綜效,,,海外聯貸佔比,,,規模過小邊緣化,,,數位轉型燒錢,,,房市曝險,,,遠東集團的金融觸角，積極推動數位銀行Bankee，但整體規模仍難以與金控抗衡。
2838,聯邦銀,上市金融保險,,,地產銀行,房貸與土建融,,,企業放款,,,信用卡,,,房地產景氣指標,,,逾放比,,,聯邦集團資源,,,房市政策打壓,,,土建融曝險過高,,,股本小流動性差,,,自由時報集團背景，業務高度集中在房地產融資，房市好它就好。
2836,高雄銀,上市金融保險,,,市政銀行,高雄在地放款,,,市政建設融資,,,房貸,,,高雄市政府持股政策,,,高雄房市熱度,,,資本適足率,,,資產品質較差,,,增資頻率高,,,地域性風險集中,,,高雄市政府是最大股東，主要配合市政建設與在地中小企業，受高雄房市影響大。
2834,臺企銀,上市金融保險,,,中小企保母,中小企業放款,,,外幣放款,,,數位轉型,,,中小企業放款市佔,,,手續費收入佔比,,,呆帳提存前盈餘,,,中小企業倒閉潮,,,獲利受政策影響大,,,增資稀釋股權,,,全台唯一專注服務中小企業的銀行，近年體質調整有成，股利政策轉大方。
2832,台產,上市金融保險,,,資產守護者,商業火險,,,車險,,,房地產開發(台北車站),,,台北車站都更案進度,,,自留賠款率,,,現金殖利率,,,大型天災理賠,,,營建工期延宕,,,投資收益波動,,,領股息只是零頭，真正的大肉是台北車站前凱撒飯店對面的超級都更案。
2820,華票,上市金融保險,,,利率衝浪手,票券承銷/交易,,,債券投資,,,股權投資,,,長短利差(Spread),,,央行貨幣政策,,,保證責任餘額,,,殖利率倒掛(資金成本高),,,債券評價損失,,,信用利差擴大,,,與國票金一樣，是利率循環的直球對決，降息循環的受惠者。
2816,旺旺保,上市金融保險,,,轉型獵豹,車險,,,意外險,,,投資收益,,,綜合率改善幅度,,,投資報酬率,,,旺旺集團資源,,,過度激進的投資策略,,,理賠控管失靈,,,品牌形象爭議,,,旺旺集團入主後作風變得非常積極，獲利波動大，從定存股變成了攻擊型股票。
2812,台中銀,上市金融保險,,,租賃小金雞,中小企業放款,,,租賃業務(中租/東南亞),,,外幣放款,,,租賃子公司獲利貢獻,,,手續費收入,,,股利配發率,,,海外租賃呆帳,,,國內房市降溫,,,增資壓力,,,銀行本業穩健，獲利亮點全在「租賃」子公司，是銀行股中的隱形獲利成長王。
2809,京城銀,上市金融保險,,,孤僻投資家,債券投資,,,企業放款,,,呆帳回收,,,債券投資收益率,,,呆帳覆蓋率(極高),,,每股淨值,,,投資踩雷(如綠能/華映),,,併購談判破局,,,股利政策不穩,,,不走傳統銀行路，像是一間「開銀行的投資公司」，專買垃圾債與重整案獲利，眼光獨到。
2801,彰銀,上市金融保險,,,官股轉身,企業放款,,,房貸,,,財富管理,,,台新金釋股進度(已結束),,,逾放比改善,,,手續費收入成長,,,過往經營權紛擾後遺症,,,獲利動能落後同業,,,官僚文化,,,終於擺脫了台新金糾纏多年的經營權惡夢，現在正努力追趕其他官股金控的獲利水準。
TSE29,貿易百貨,上市貿易百貨,,,,,,,,,,,,,,,,,,,,,,,,,,,,,,,
8443,阿瘦,上市貿易百貨,,,數位轉型皮鞋匠,皮鞋銷售,,,足健康檢測服務,,,機能配件,,,實體店坪效,,,會員回購率,,,數位營收佔比,,,品牌老化年輕人不穿,,,實體零售萎縮,,,庫存去化壓力,,,努力從賣鞋轉型為「足部健康顧問」，但品牌年輕化仍是硬傷。
8429,金麗-KY,上市貿易百貨,,,中國休閒鞋代工,G-Apple品牌(中國),,,代工業務,,,面膜美妝(嘗試轉型),,,中國三四線消費力,,,應收帳款回收天數,,,代工訂單量,,,中國消費降級影響大,,,品牌競爭力喪失,,,轉型美妝成效不明,,,本業鞋類在中國市場節節敗退，轉型美妝成效未顯，屬高風險股。
5907,大洋-KY,上市貿易百貨,J000570|I027014,,中國百貨地主,中國百貨專櫃聯營,,,租金收入,,,餐飲娛樂招商,,,中國同店銷售成長(SSSG),,,人民幣匯率,,,商場轉型進度,,,中國實體零售崩盤,,,電商衝擊,,,匯率貶值,,,營運完全依賴中國百貨市場，受中國經濟通縮與電商衝擊最直接。
5906,台南-KY,上市貿易百貨,I014030,,韓風服飾代理,品牌服飾代理(FILA),,,自有品牌,,,中國市場銷售,,,FILA銷售成長率,,,代理權續約狀況,,,存貨周轉率,,,運動時尚退燒,,,代理權被收回風險,,,庫存積壓,,,成也FILA敗也FILA，營運高度集中在單一強勢品牌的代理績效上。
4807,日成-KY,上市貿易百貨,,,泰國珠寶匠,珠寶首飾代工(ODM),,,品牌設計,,,泰國工廠,,,國際金/銀價格,,,歐美奢侈品買氣,,,泰銖匯率,,,原料價格暴漲侵蝕毛利,,,非必需品受景氣打擊,,,客戶集中度,,,珠寶代工受貴金屬價格波動影響大，且屬非必需消費品，景氣敏感度高。
2945,三商家購,上市貿易百貨,I027014,,巷口雜貨霸主,美廉社零售,,,加盟金收入,,,心樸市集,,,展店速度,,,單店日均營收,,,加盟佔比,,,超商龍頭(7-11/全家)夾殺,,,人力成本上升,,,物流效率,,,夾在超商與量販店中間的縫隙生存，靠的是「鄰里深度」與廉價酒精飲料銷售。
2939,凱羿-KY,上市貿易百貨,I027014,,電視購物選品師,廚具/家用品銷售,,,電視購物通路,,,跨境電商,,,爆款商品開發率,,,歐美庫存去化,,,匯率波動,,,詐騙/合約糾紛(歷史陰影),,,產品缺乏護城河,,,營收波動劇烈,,,過去曾因內控出大包導致股價崩跌，商業模式依賴單一爆品，投機性高。
2929,淘帝-KY,上市貿易百貨,,,中國童裝落難股,TOPBI童裝品牌(中國),,,代理銷售,,,存貨出清,,,中國新生兒出生率,,,應收帳款天數,,,會計師查核意見,,,財報真實性疑慮,,,中國童裝市場萎縮,,,KY股監管風險,,,典型的「KY地雷股」代表，財務誠信曾受質疑，且中國童裝市場極度內捲。
2915,潤泰全,上市貿易百貨,I027014,,壽險控股巨獸,南山人壽轉投資,,,紡織本業(極少),,,潤泰新轉投資,,,南山人壽淨值,,,美債殖利率,,,股利配發能力,,,淨值跌破票面(曾發生),,,南山上市卡關,,,壽險避險成本,,,雖然分類在貿易百貨，其實是「南山人壽」的控股公司，股價隨壽險淨值波動。
2913,農林,上市貿易百貨,I099030,,土地資產茶王,土地開發/徵收,,,茶葉銷售,,,觀光休閒農場,,,碳權交易進度,,,閒置土地資產重估,,,三陽工業入主後策略,,,本業茶葉長期虧損,,,資產開發受法規限制,,,氣候變遷影響產量,,,台灣大地主，三陽入主後積極活化資產與碳權題材，本業茶葉只是配角。
2912,統一超,上市貿易百貨,,,台灣零售超人,7-Eleven便利商店,,,轉投資(星巴克/康是美),,,菲律賓7-11,,,單店日均營收(PSD),,,鮮食/咖啡佔比,,,菲律賓展店數,,,台灣市場飽和,,,人力短缺工資漲,,,電商侵蝕實體客源,,,台灣最強零售通路，現金流製造機，也是統一集團的小金庫，防禦型首選。
2911,麗嬰房,上市貿易百貨,,,少子化海嘯受災戶,童裝/嬰童用品銷售,,,中國轉投資,,,品牌代理,,,兩岸新生兒人數,,,關閉虧損店鋪進度,,,電商銷售佔比,,,少子化不可逆,,,本業長期虧損,,,中國市場撤退成本,,,受到少子化衝擊最慘烈的公司，正處於痛苦的縮減規模與轉型期。
2910,統領,上市貿易百貨,I025010,,桃園站前收租公,統領廣場(桃園)租金,,,投資收益,,,建設公司推案,,,桃園站前商圈人流,,,櫃位出租率,,,股利殖利率,,,單一據點風險,,,商圈轉移(青埔崛起),,,內需消費疲弱,,,營運極其單純，就是桃園火車站前的包租公，股性冷門但配息穩定。
2908,特力,上市貿易百貨,,,居家貿易雙棲,特力屋/HOLA零售,,,貿易代理(Walmart),,,營建修繕,,,台灣房市交易量(裝修),,,歐美庫存去化(貿易),,,毛利率,,,房市急凍影響裝修,,,歐美客戶砍單,,,轉投資虧損,,,貿易與零售雙引擎，當房市好時零售好，歐美景氣好時貿易好，互為避險。
2906,高林,上市貿易百貨,,,時尚貿易操盤手,貿易代理(成衣/雜貨),,,精品零售(G2000),,,醫療器材,,,主要客戶訂單量,,,匯率波動,,,轉投資(雲豹能源/醫療),,,快時尚退燒,,,貿易毛利微薄,,,轉投資波動,,,本業貿易平平，近年亮點在於成功的轉投資佈局(如雲豹能源、醫療產業)。
2905,三商,上市貿易百貨,,,平價連鎖控股,三商美邦人壽(大包袱),,,餐飲(牛肉麵/拿坡里),,,零售(美廉社/鞋全家福),,,三商壽淨值缺口,,,餐飲同店營收,,,增資壓力,,,三商壽巨額虧損拖累,,,控股架構複雜,,,餐飲成本上升,,,旗下餐飲與零售都很強，但被「三商美邦人壽」這個巨大的財務黑洞拖累多年。
2903,遠百,上市貿易百貨,,,百貨資產霸主,遠東百貨/SOGO,,,遠東巨城(金雞母),,,中國百貨,,,週年慶檔期業績,,,信義A13/竹北店營收,,,轉投資亞泥股利,,,中國百貨虧損,,,電商競爭,,,新店折舊攤提,,,擁有全台最強的新竹巨城與板橋大遠百，加上豐厚的土地資產，是百貨股的龍頭。
2901,欣欣,上市貿易百貨,I099030,,林森北路老地主,欣欣大眾百貨租金,,,電影院分潤,,,免稅店合作,,,觀光客回流程度,,,資產活化題材,,,董監改選行情,,,商圈老化,,,本業競爭力弱,,,官股僵化,,,經營績效平平，唯一的價值在於林森北路的土地資產與潛在的改建題材。
2601,益航,上市貿易百貨,,,散裝轉百貨投機客,大洋百貨(中國)收益,,,散裝航運,,,租賃/金融投資,,,BDI指數,,,中國大洋百貨獲利,,,轉投資評價損益,,,業外投資過雜(踩雷),,,中國百貨虧損,,,散裝景氣波動,,,名為航運，實為控股投資公司，主要資產在中國百貨，業外投資複雜，風險極高。
TSE30,化工,上市化工,,,,,,,,,,,,,,,,,,,,,,,,,,,,,,,
4770,上品,上市化工,J000500|I017022,,氟素內襯王,半導體設備內襯(Teflon),,,化學品儲槽,,,電子級化學品輸送,,,台積電(TSMC)資本支出,,,美國亞利桑那廠進度,,,在手訂單金額,,,單一客戶佔比過高,,,半導體建廠延宕,,,原料(氟素)價格波動,,,台積電美國廠與先進製程擴廠的直接受惠者，獲利含金量極高。
4766,南寶,上市化工,I017022,,鞋膠世界冠軍,鞋用接著劑(Nike/Adidas),,,特種接著劑(光學/醫療),,,碳纖維複合材,,,奧運/世足賽題材,,,運動品牌庫存水位,,,原油價格(影響樹脂成本),,,客戶砍單風險,,,越南/東南亞工資上漲,,,匯率波動,,,全球運動鞋黏著劑龍頭，奧運年與運動賽事是其最強催化劑。
4764,雙鍵,上市化工,I017022,,數位印花推手,光起始劑(UV固化),,,數位印花墨水,,,塑膠添加劑,,,中國環保法規執法力度,,,宜蘭廠產能利用率,,,電子材料認證進度,,,中國同業價格戰,,,新廠折舊攤提,,,原油價格波動,,,主要看點在數位印花墨水取代傳統染整的環保趨勢，但受中國市況影響大。
4763,材料-KY,上市化工,,,香菸濾嘴煉金術,絲束(香菸濾嘴),,,醋片,,,醋酸纖維,,,全球絲束供需缺口,,,國際大菸草商訂單,,,絲束報價漲幅,,,替代品(電子菸)威脅,,,產能擴充過快,,,原料(木漿/醋酸)成本,,,因全球絲束大缺貨而暴賺的奇蹟股，擁有極強的定價權，毛利驚人。
4755,三福化,上市化工,J001470,,面板半導體清道夫,顯影劑回收(TMAH),,,電子級化學品,,,CoWoS封裝材料,,,面板廠稼動率,,,CoWoS產能擴充速度,,,越南廠營運,,,面板景氣循環下行,,,半導體客戶驗證失敗,,,回收處理成本上升,,,舊有的面板業務穩健，新切入的CoWoS剝離液回收是最大成長亮點。
4739,康普,上市化工,J001240,,電池材料先鋒,動力電池材料(硫酸鎳/鈷),,,觸媒材料,,,特用化學品,,,國際金屬(鎳/鈷)價格,,,電動車銷量,,,Panasonic/Tesla訂單,,,金屬價格暴跌(庫存損失),,,客戶轉用LFP電池(不含鎳鈷),,,匯率風險,,,成也金屬敗也金屬，獲利高度連動國際鎳價與鈷價，波動劇烈。
4722,國精化,上市化工,I017022,,UV光固化專家,UV光固化樹脂,,,不飽和聚酯樹脂,,,塗料樹脂,,,5G/電子材料滲透率,,,原油價格,,,新產能(安南廠)貢獻,,,傳統樹脂毛利低,,,電子材料認證慢,,,環保法規趨嚴,,,積極從傳統塗料轉型至高毛利的電子與5G材料，是質變中的小型股。
4720,德淵,上市化工,,,熱熔膠隱形冠軍,熱熔膠(包裝/衛材),,,特用化學品,,,滅菌鍋,,,原料(EVA)價格走勢,,,食品飲料包裝需求,,,歐美市場佈局,,,原料暴漲無法轉嫁,,,海運運費,,,匯率波動,,,全球前幾大的熱熔膠廠，雖然產品不起眼但應用廣泛(尿布、飲料封箱)，獲利穩健。
1776,展宇,上市化工,,,PU樹脂老兵,PU樹脂(合成皮/鞋底),,,TPU熱塑性聚氨酯,,,架橋劑,,,運動鞋市場景氣,,,越南廠產能利用率,,,主要原料(MDI/AA)價格,,,下游客戶(製鞋)外移,,,同業削價競爭,,,環保成本上升,,,主要跟著製鞋與紡織業走，景氣循環明顯，缺乏爆發力。
1773,勝一,上市化工,,,台積電溶劑管家,電子級溶劑(清洗/蝕刻),,,工業級溶劑,,,原料貿易,,,台積電先進製程稼動率,,,半導體庫存去化,,,油價(影響原料成本),,,半導體景氣修正,,,單一客戶依賴度極高,,,新競爭者切入,,,台積電最忠實的溶劑供應商，獲利與配息長年穩定，是化工界的台積電概念股。
1735,日勝化,上市化工,,,運動鞋底推手,PU樹脂(鞋底/合成皮),,,運動用品材料,,,建材用PU,,,奧運/世足題材,,,國際油價,,,主要客戶(Nike/Adidas)展望,,,中國產能過剩,,,環保法規限制,,,原物料波動,,,與展宇類似，都是製鞋供應鏈的一環，獲利受鞋業庫存週期影響。
1732,毛寶,上市化工,,,防疫概念股,洗衣精/冷洗精,,,防護用品(洗手乳),,,寵物清潔,,,流感/疫情爆發頻率,,,新品(防蟎/抗菌)銷量,,,原料成本,,,疫情結束需求驟減,,,市場競爭激烈(大廠夾殺),,,行銷費用過高,,,平時是冷門定存股，只有在疫情或流行病爆發時才會變身飆股。
1730,花仙子,上市化工,,,居家香氛女王,去味大師(芳香),,,好神拖(清潔具),,,驅塵氏(除塵),,,新屋交屋潮(置物收納),,,原材料(塑膠)價格,,,全聯/量販通路銷量,,,房市急凍影響收納需求,,,新品推廣失敗,,,競爭對手低價搶市,,,產品線皆為民生剛需(拖把、除濕盒)，不受景氣影響，配息大方且穩定。
1727,中華化,上市化工,,,特化轉機股,特用化學品(電子級硫酸),,,基礎化學品,,,代工服務,,,半導體客戶認證,,,電子級硫酸出貨量,,,原物料價格,,,基礎化學品毛利微薄,,,電子級產品佔比低,,,工安環保風險,,,正努力從傳統酸鹼廠轉型為半導體電子級化學品供應商，毛利改善是觀察重點。
1726,永記,上市化工,,,彩虹油漆王,建築塗料(虹牌油漆),,,工業/船舶防蝕漆,,,彩卷轉投資收益,,,房市推案量,,,公共工程預算,,,股利配發率,,,房市景氣反轉,,,原物料(鈦白粉/樹脂)大漲,,,台幣升值(影響外銷),,,台灣油漆龍頭，不僅本業超穩，轉投資也很強，是長輩最愛的存股標的。
1725,元禎,上市化工,,,台塑集團經銷商,化學品經銷(溶劑/樹脂),,,油品貿易,,,塑膠原料,,,台塑四寶報價,,,原油價格,,,經銷毛利差,,,台塑集團營運逆風,,,市場需求疲弱,,,庫存跌價損失,,,台塑集團的專業經銷商，獲利跟著台塑集團的景氣循環走，波動較小但爆發力低。
1723,中碳,上市化工,,,電動車負極材,煤化學產品(雜酚油/苯),,,碳材料(負極材料),,,介相石墨碳微球,,,國際油價(布蘭特),,,電動車電池需求,,,越南河靜鋼廠產出,,,油價暴跌,,,電動車負極材料跌價,,,鋼廠歲修影響料源,,,中鋼集團金雞母，台灣唯一的煤化工與負極材料廠，電動車與儲能題材濃厚。
1722,台肥,上市化工,,,南港大地主,肥料/化工產品,,,不動產租金(南港),,,深層海水,,,國際尿素/鉀肥價格,,,南港資產開發進度,,,轉投資朱拜爾肥料廠獲利,,,天然氣價格(原料成本),,,肥料價格崩跌,,,資產開發延宕,,,本業肥料平穩，真正的價值在於南港龐大的土地資產與中東轉投資收益。
1721,三晃,上市化工,,,石墨烯話題王,抗氧化劑,,,特用化學品,,,植物保護劑,,,主力炒作題材(石墨烯),,,營收成長率,,,毛利率變化,,,本業長期虧損/獲利微薄,,,題材炒作後泡沫破裂,,,財務體質偏弱,,,經常因「石墨烯」或其他熱門題材被炒作，但本業獲利能力並不穩定，投機屬性強。
1718,中纖,上市化工,,,EG與銀行控股,乙二醇(EG),,,台中銀轉投資收益,,,聚酯絲,,,EG報價與利差,,,台中銀獲利貢獻,,,棉花價格(替代效應),,,中國EG產能嚴重過剩,,,本業長期虧損,,,負債比率偏高,,,本業EG深陷中國產能殺戮戰，全靠轉投資「台中銀」的獲利在支撐股價。
1717,長興,上市化工,,,乾膜光阻世界一,乾膜光阻(PCB用),,,合成樹脂,,,電子材料,,,PCB產業景氣,,,銅箔基板(CCL)需求,,,原油/環氧樹脂報價,,,中國PCB廠擴產放緩,,,原料成本高漲,,,匯率波動,,,全球最大的乾膜光阻供應商，PCB產業的風向球，技術底氣深厚。
1714,和桐,上市化工,,,清潔劑原料王,直鏈烷基苯(LAB),,,磺酸,,,水泥轉投資,,,LAB報價與利差,,,油價走勢,,,中國內需消費,,,中國同業產能開出,,,原油暴漲侵蝕利差,,,轉投資複雜,,,主要做清潔劑原料(LAB)，市場成熟且競爭激烈，近年積極處分資產美化帳面。
1713,國化,上市化工,,,高雄資產股,氧化鋅,,,吊白塊,,,高雄亞灣區土地,,,鋅金屬價格,,,高雄亞灣區開發進度,,,轉投資(和桐/中碳)收益,,,本業獲利邊緣化,,,資產題材炒作過熱,,,業外轉投資波動,,,本業做氧化鋅很普通，股價漲跌全看「高雄亞灣區」土地資產的開發夢。
1712,興農,上市化工,,,植物保護龍頭,農藥/肥料,,,楓康超市(零售),,,團膳/家用品,,,巴西/南美農業需求,,,楓康超市獲利,,,農糧原物料價格,,,匯率(巴西幣/美元)波動,,,氣候異常影響耕作,,,原料成本上升,,,台灣農藥龍頭，獲利核心在海外(尤其巴西)，還有楓康超市提供穩定的現金流。
1711,永光,上市化工,,,特化百寶箱,色料(染料),,,電子化學品(光阻),,,醫藥原料藥(API),,,台積電/面板廠產能利用率,,,原料藥CDMO訂單,,,染料需求(紡織景氣),,,電子材料認證失敗,,,匯率波動,,,紡織染整產業外移,,,從染料轉型至高科技化學品(光阻劑)與醫藥，產品線多元，風險分散。
1710,東聯,上市化工,,,EG受災戶,乙二醇(EG),,,特用化學品(EOD),,,氣體,,,EG報價與利差,,,中國聚酯開工率,,,轉型特化佔比,,,中國EG產能傾銷,,,油價波動,,,碳費/環保成本,,,遠東集團成員，主力產品EG受中國產能過剩衝擊最大，正痛苦轉型至特用化學品。
1709,和益,上市化工,,,糖與清潔劑,直鏈烷基苯(LAB),,,氫化石油樹脂,,,糖廠轉投資(益邦),,,LAB利差,,,油價,,,轉投資收益(綠能/糖),,,油價上漲成本無法轉嫁,,,中國產能競爭,,,業外投資波動,,,大股東是長春石化，本業與和桐競爭(LAB)，但轉投資佈局較靈活(如精製糖、綠能)。
1708,東鹼,上市化工,,,鉀肥航運雙棲,硫酸鉀,,,散裝航運(輕便型),,,純鹼貿易,,,國際鉀肥價格(受戰爭影響大),,,BDI散裝指數,,,餐飲轉投資,,,俄烏戰爭結束(鉀肥跌價),,,航運運價崩跌,,,原物料成本暴漲,,,鉀肥價格受地緣政治(俄烏/以巴)影響極大，加上散裝船隊，是標準的「戰爭通膨概念股」。
TSE31,生技醫療,上市生技醫療,,,,,,,,,,,,,,,,,,,,,,,,,,,,,,,
6861,睿生光電,上市生技醫療,I023600,,X光感測王,X光平板感測器(FPD),,,醫療影像設備,,,工業檢測,,,全球市佔率,,,醫療/工業佔比,,,群創集團資源,,,醫療認證週期長,,,中國低價競爭,,,面板景氣影響,,,群創子公司，全球領先的X光平板感測器製造商，應用涵蓋醫療與工業檢測。
6796,晉弘,上市生技醫療,I017036,,遠距醫療眼,手持式眼底鏡,,,五官鏡,,,AI診斷軟體,,,遠距醫療標案,,,自有品牌銷量,,,AI軟體授權,,,醫療預算縮減,,,新產品推廣慢,,,競爭對手切入,,,專攻「手持式」數位醫療影像設備，是遠距醫療的重要硬體供應商。
6782,視陽,上市生技醫療,,,矽水膠隱眼,矽水膠隱形眼鏡(彩拋),,,代工(ODM),,,自有品牌,,,矽水膠滲透率,,,中國/日本訂單,,,新產能稼動率,,,價格戰(晶碩/精華),,,中國消費降級,,,匯率波動,,,全球矽水膠隱形眼鏡代工大廠，技術門檻高，受惠於彩拋矽水膠化趨勢。
6666,羅麗芬-KY,上市生技醫療,,,美容護膚王,美容保養品,,,護膚課程,,,加盟連鎖(中國),,,中國加盟店數,,,產品銷售額,,,單店營收,,,中國消費力崩跌,,,實體店倒閉潮,,,品牌競爭,,,主要市場在中國的美容護膚連鎖，高度依賴中國內需消費力。
6657,華安,上市生技醫療,I017033|I017052,,傷口癒合藥,新藥開發(F703),,,傷口癒合凝膠,,,生醫材料,,,臨床三期數據,,,授權金(Milestone),,,藥證申請進度,,,解盲失敗風險,,,研發燒錢,,,市場推廣難度,,,專攻困難傷口癒合(如糖尿病足)的新藥開發公司，正處於臨床關鍵期。
6645,金萬林-創,上市生技醫療,I017052,,基因檢測與代工,基因檢測服務,,,科研代工,,,試劑銷售,,,精準醫療需求,,,檢測案件量,,,LDTs認證,,,檢測市場競爭,,,健保給付限制,,,營收規模小,,,提供癌症基因檢測與科研代工服務，受惠於精準醫療趨勢。
6598,ABC-KY,上市生技醫療,I017052,,數位生物條碼,多元檢測儀器,,,檢測試劑,,,授權收入,,,美國市場銷售,,,自動化檢測需求,,,授權金,,,美國醫療政策,,,推廣速度慢,,,長期虧損,,,擁有獨家「數位生物條碼」技術，能同時檢測多種病原體，主攻美國市場。
6550,北極星藥業-KY,上市生技醫療,J001190|I017033,,代謝療法新藥,新藥(ADI-PEG 20),,,CDMO代工,,,癌症治療,,,肺間皮癌藥證,,,CDMO訂單,,,臨床數據,,,藥證審查延宕,,,單一藥品風險,,,CDMO競爭,,,主攻「代謝療法」抗癌新藥，肺間皮癌藥證是觀察重點，同時發展CDMO業務。
6541,泰福-KY,上市生技醫療,I017033,,生物相似藥,生物相似藥(Nypozi),,,CDMO,,,抗體藥物,,,美國藥證取得,,,藥品銷售分潤,,,CDMO產能,,,生物相似藥競爭激烈,,,研發燒錢,,,銷售不如預期,,,由趙宇天創立，專攻生物相似藥(Biosimilars)，已取得美國藥證，重點在銷售放量。
6534,正瀚-創,上市生技醫療,,,農業生技王,植物生長調節劑,,,肥料,,,農業技術服務,,,極端氣候需求,,,全球農糧價格,,,主要客戶(Nutrien)訂單,,,單一客戶依賴高,,,氣候異常影響耕作,,,匯率風險,,,研發高效能肥料與生長調節劑，擁有高毛利，主要市場在北美。
6491,晶碩,上市生技醫療,,,隱眼代工資優生,隱形眼鏡(水膠/矽水膠),,,代工(日本/中國),,,自有品牌,,,雙11銷售業績,,,矽水膠佔比提升,,,自動化良率,,,中國市場內捲,,,價格競爭,,,產能過剩,,,和碩集團成員，隱形眼鏡代工二哥，獲利能力強，積極拓展矽水膠高階產品。
6472,保瑞,上市生技醫療,I017032,,生技台積電,CDMO代工,,,藥品代理銷售,,,保健品,,,併購效益(USL/Upsher-Smith),,,CDMO訂單成長,,,毛利率變化,,,併購整合風險,,,商譽減損,,,匯率波動,,,台灣最大的藥品CDMO廠，透過不斷併購國際藥廠壯大產能與通路，成長爆發力強。
6446,藥華藥,上櫃生技醫療,J001190|I017033,,血癌新藥王,新藥(Besremi),,,真性紅血球增生症(PV),,,干擾素,,,美國營收成長,,,日本/中國藥證,,,獲利轉正,,,行銷費用高昂,,,單一藥品依賴,,,專利訴訟(已勝訴),,,靠一支藥(Besremi)打天下，在美國銷售告捷帶動轉虧為盈，是台灣新藥股王。
6431,光麗-KY,上市生技醫療,,,化妝品代工,化妝品/保養品代工,,,包材,,,品牌策劃,,,中國化妝品法規,,,代工訂單量,,,主要客戶業績,,,中國消費降級,,,同業價格戰,,,法規變動成本,,,主要在中國從事化妝品代工與品牌策劃，受中國美妝市場景氣影響大。
4746,台耀,上市生技醫療,,,原料藥與針劑,膽固醇/磷酸鹽結合劑原料藥,,,針劑CDMO,,,維他命D衍生物,,,原料藥產能利用率,,,針劑代工訂單,,,轉投資(台新藥)題材,,,原料藥價格競爭,,,CDMO折舊壓力,,,匯率波動,,,全球最大的膽固醇磷酸鹽結合劑供應商，近年積極拓展高毛利的針劑CDMO業務。
4737,華廣,上市生技醫療,,,血糖儀精品,血糖儀/試片,,,CGM(連續血糖監測),,,醫院標案,,,CGM研發進度,,,試片回購率,,,通靈代工訂單,,,CGM大廠(Abbott/Dexcom)壁壘,,,市場推廣成本,,,匯率風險,,,專做高階血糖監測，未來生死存亡的關鍵在於自研的CGM能否成功上市。
4736,泰博,上市生技醫療,,,快篩與血糖,血糖儀/試片,,,快篩試劑,,,遠距醫療設備,,,血糖本業營收,,,快篩疫情紅利消退,,,新產品(多參數監測),,,疫情後營收缺口,,,血糖市場殺價,,,匯率波動,,,台灣醫材獲利王，疫情期間靠快篩大賺，疫後回歸血糖本業與開發高階監測設備。
4190,佐登-KY,上市生技醫療,,,美容SPA,美容美體服務,,,保養品銷售,,,觀光工廠,,,會員回店率,,,產品銷售佔比,,,中國解封復甦,,,中國消費力減弱,,,展店成本高,,,會員流失,,,兩岸大型連鎖美容SPA，營運受疫情與中國消費景氣影響顯著。
4164,承業醫,上市生技醫療,,,醫療設備租賃,放射腫瘤設備代理/租賃,,,藥局通路,,,輻照工廠,,,醫院設備標案,,,租賃分潤收入,,,輻照新廠貢獻,,,健保核刪預算,,,醫院採購遞延,,,代理權風險,,,主要做昂貴醫療設備(如直線加速器)的租賃與代理，擁有穩定的租金現金流。
4155,訊映,上市生技醫療,,,血糖儀代工,血糖儀/試片,,,助聽器,,,霧化器,,,北非/東歐訂單,,,試片出貨量,,,新興市場匯率,,,低價競爭激烈,,,單一產品風險,,,客戶倒帳風險,,,主攻新興市場(北非、土耳其)的血糖儀代工，主打高CP值產品。
4148,全宇生技-KY,上市生技醫療,,,大馬微生物肥,微生物複合肥料,,,生物疫苗,,,油棕廢棄物處理,,,棕櫚油價格,,,肥料出貨量,,,新廠產能,,,原物料(氮磷鉀)價格,,,匯率(馬幣),,,氣候影響施肥,,,位於馬來西亞，利用微生物技術製作油棕樹專用肥料，獲利隨棕櫚油價與肥料需求波動。
4142,國光生,上市生技醫療,,,疫苗國家隊,流感疫苗,,,CDMO,,,腸病毒疫苗,,,公費疫苗標案,,,海外CDMO訂單,,,腸病毒疫苗銷量,,,流感疫情輕微(需求減),,,CDMO認證延宕,,,單一產品(流感)季節性,,,台灣唯一的流感疫苗製造廠，營運具高度季節性(下半年旺季)。
4137,麗豐-KY,上市生技醫療,,,克麗緹娜,美容連鎖(克麗緹娜),,,醫美診所,,,保養品,,,中國加盟店數,,,產品銷售貨款,,,單店營收,,,中國經濟通縮,,,加盟主倒閉潮,,,美妝競爭激烈,,,主攻中國美容連鎖加盟(克麗緹娜)，是中國美容界的龍頭，高度連動中國內需。
4133,亞諾法,上市生技醫療,,,抗體銀行,抗體/試劑,,,檢測套組,,,疫苗開發(COVID),,,抗體銷售量,,,檢測需求,,,新藥研發進度,,,快篩紅利消失,,,抗體市場利基小,,,研發成效不彰,,,擁有全球最大的抗體庫，但商業化規模一直不大，常隨疫情題材波動。
4119,旭富,上市生技醫療,,,原料藥資優生,中間體/原料藥(抗癲癇/憂鬱),,,火災復工,,,新產品,,,新廠產能開出,,,原料藥毛利,,,大麻二酚(CBD)題材,,,火災後客戶流失,,,產能恢復速度,,,匯率波動,,,獲利能力極強的原料藥廠，經歷大火後正浴火重生，產能重建是關鍵。
4108,懷特,上市生技醫療,I017060,,植物新藥,黃耆多醣注射液(癌因性疲憊),,,口服止痛藥,,,保健品,,,自費藥品銷售,,,醫院進藥數量,,,健保給付申請,,,植物藥認證難,,,市場推廣慢,,,長期虧損,,,專攻「植物新藥」，主打癌因性疲憊症治療，需要長期教育市場。
4106,雃博,上市生技醫療,,,氣墊床王,減壓氣墊床,,,呼吸治療器,,,醫療耗材,,,歐美標案訂單,,,新興市場銷量,,,自有品牌佔比,,,運費成本,,,匯率波動,,,低價競爭,,,專做預防褥瘡的氣墊床，自有品牌Apex行銷全球，獲利穩健。
4104,佳醫,上市生技醫療,,,洗腎通路王,洗腎設備代理,,,透析診所經營,,,醫美/長照,,,洗腎人口數(剛需),,,設備耗材銷售,,,長照據點擴張,,,健保給付調降,,,人力成本(護理師),,,代理權變動,,,台灣洗腎設備與通路的霸主，擁有龐大的洗腎剛需，現金流極度穩定。
3705,永信,上市生技醫療,,,學名藥龍頭,學名藥(抗生素/三高),,,動物藥,,,海外市場(美國/日本),,,美國藥證/銷售,,,日本市場成長,,,原料藥成本,,,健保藥價砍價,,,美國市場競爭,,,原料上漲,,,台灣最大的學名藥廠，產品線齊全，佈局美日市場有成，是生技界的定存股。
3164,景岳,上市生技醫療,,,益生菌專家,益生菌原料/產品,,,自動販賣機(已減),,,藥局通路,,,益生菌銷量,,,代工訂單,,,組織調整效益,,,保健品競爭激烈,,,販賣機業務虧損,,,單一產品依賴,,,主要靠益生菌原料與代工獲利，曾跨足蛋糕與販賣機但效益不佳。
1795,美時,上市生技醫療,,,學名藥資優生,血癌藥(Lenalidomide),,,戒癮藥,,,品牌藥收購,,,美國血癌藥市佔,,,亞太區併購效益,,,毛利率(高標),,,血癌藥價格競爭,,,學名藥訴訟,,,匯率波動,,,靠著血癌藥在美國大賣，獲利爆發，並積極透過併購擴大亞太區品牌藥版圖。
1789,神隆,上市生技醫療,,,原料藥老店,抗癌原料藥,,,針劑CDMO,,,學名藥,,,常熟廠FDA查廠,,,針劑產能利用率,,,新藥代工訂單,,,原料藥競爭紅海,,,折舊攤提壓力,,,成長動能趨緩,,,統一集團旗下原料藥廠，技術底子厚，但近年受制於折舊與競爭，成長放緩，轉攻針劑CDMO。
1786,科妍,上市生技醫療,,,玻尿酸專家,透明質酸(玻尿酸),,,關節腔注射液,,,防沾黏凝膠,,,醫美/骨科滲透率,,,海外(中國/歐美)認證,,,產品ASP,,,醫美市場殺價,,,中國集採政策,,,經銷商管理,,,專做玻尿酸相關醫材，應用在醫美皮下填充與關節注射，技術具獨特性。
1783,和康生,上市生技醫療,,,膠原蛋白醫材,膠原蛋白/玻尿酸醫材,,,牙科骨粉,,,保養品,,,大江生醫入主綜效,,,中國市場銷售,,,產品認證,,,中國集採風險,,,市場競爭,,,新產品推廣,,,大江生醫入主後，強化海外通路與資源整合，主攻膠原蛋白與玻尿酸醫材。
1762,中化生,上市生技醫療,,,發酵原料藥,魚油原料藥(EPA),,,免疫抑制劑,,,發酵技術,,,魚油產能擴充,,,美國客戶訂單,,,毛利率,,,魚油原料藥競爭,,,產能瓶頸,,,匯率波動,,,專攻高技術門檻的發酵原料藥，魚油EPA是近年主要成長動能。
1760,寶齡富錦,上市生技醫療,,,腎臟新藥,拿百磷(腎臟病藥),,,醫美/快篩,,,清潔用品,,,拿百磷銷售分潤,,,韓國/中國市場進展,,,快篩營收歸零,,,專利過期(拿百磷),,,權利金爭議,,,業外波動,,,靠腎臟新藥「拿百磷」收取銷售權利金，並發展醫美與檢測事業。
1752,南光,上市生技醫療,,,急重症針劑,急救藥,,,點滴/注射液,,,醫美(美白針),,,日本/美國外銷訂單,,,中國抗肺炎藥需求,,,原料藥成本,,,外銷法規風險,,,匯率波動,,,產能限制,,,主要做急重症與大型輸液(點滴)，外銷日本與美國成績不錯，獲利穩健。
1734,杏輝,上市生技醫療,,,藥局通路王,學名藥,,,保健食品,,,天然產物(管花肉蓯蓉),,,杏一/屈臣氏通路銷售,,,子公司(杏國)研發,,,健保藥價砍價,,,新藥研發燒錢,,,保健品競爭,,,擁有全台密集的「杏輝專櫃」藥局通路，保健食品與成藥銷售穩定。,,,
1733,五鼎,上市生技醫療,,,血糖儀老廠,血糖儀/試片,,,CGM代工,,,遠距醫療,,,主要客戶(Medicare)訂單,,,CGM代工進度,,,試片出貨量,,,血糖儀殺價紅海,,,代工毛利低,,,匯率波動,,,老牌血糖儀代工廠，面臨陸廠競爭壓力，正試圖切入連續血糖監測(CGM)代工。
1731,美吾華,上市生技醫療,,,染髮劑龍頭,美吾髮染髮劑,,,醫藥代理,,,博登藥局,,,染髮劑市佔率,,,懷特(子公司)轉機,,,新廠產能,,,內需市場飽和,,,原料成本,,,子公司虧損拖累,,,靠「美吾髮」染髮劑提供穩定現金流，轉投資懷特新藥與安克生醫。
1720,生達,上市生技醫療,,,製藥模範生,學名藥(三高/胃藥),,,保健品,,,原料藥(生泰),,,缺藥轉單效應,,,海外市場(日本/中國),,,高殖利率,,,健保藥價砍價,,,原料上漲,,,產能吃緊,,,台灣老牌學名藥廠，集團佈局完整(生泰/生展)，獲利與配息長年穩定成長。
1707,葡萄王,上市生技醫療,,,保健直銷王,葡眾(直銷),,,自有品牌(靈芝/益生菌),,,代工(上海葡萄王),,,葡眾會員數/營收,,,代工訂單成長,,,雙11銷售,,,直銷法規風險,,,中國消費降級,,,代工競爭,,,靠子公司「葡眾」的直銷大軍貢獻巨額獲利，上海葡萄王則轉型代工。
1701,中化,上市生技醫療,,,老牌藥廠,學名藥,,,一般成藥,,,保健品,,,健保藥價調整,,,蘇州中化營運,,,分拆轉型(中化控),,,老藥廠轉型速度慢,,,健保砍價,,,中國市場競爭,,,台灣最老的製藥公司，產品線龐雜，近年透過組織重組(成立控股公司)試圖提升效率。
TSE32,半導體,上市半導體,,,,,,,,,,,,,,,,,,,,,,,,,,,,,,,
8271,宇瞻,上市半導體,,,工控記憶體模組的穩定者,工控存儲,,,消費性模組,,,軟硬體整合,,,工控設備需求,,,DRAM/Flash庫存,,,利潤率,,,記憶體價格跌價損失,,,景氣修正,,,客戶拉貨減,,,轉向高毛利的工控與特殊應用，獲利優於一般模組廠
8261,富鼎,上市半導體,I023120,,鴻海電動車的功率小兵,高壓MOSFET,,,中低壓MOSFET,,,IGBT,,,鴻海電動車出貨量,,,MOSFET報價,,,晶圓代工成本,,,消費電子疲弱,,,中國MOSFET殺價,,,電動車進度延宕,,,富爸爸鴻海與國巨入主後，市場都在等電動車功率元件的業績爆發。
8150,南茂,上市半導體,J000050|I023020,,驅動 IC 與記憶體封測大咖,面板驅動IC封測,,,金凸塊,,,記憶體測試,,,面板景氣,,,庫存去化,,,產能利用率,,,面板報價崩跌,,,競爭者擴產,,,折舊攤提,,,與面板需求高度掛鉤，屬高股息與循環股特性
8131,福懋科,上市半導體,I023020,,記憶體封測的隱形獲利者,伺服器DRAM封測,,,模組代工,,,儲存裝置,,,記憶體報價,,,母公司(南亞科)需求,,,配息率,,,記憶體景氣循環,,,產能集中度過高,,,電費成本,,,股息配發大方，適合長期存股的穩健選擇
8110,華東,上市半導體,I023020,,彩晶體系的記憶體封測,專屬記憶體封測,,,模組加工,,,貿易,,,記憶體報價,,,集團內部訂單,,,稼動率,,,集團依賴度高,,,技術更新慢,,,景氣循環下行,,,屬於小眾利基型，連動記憶體族群性強
8081,致新,上市半導體,J000260,,電源管理 IC 穩健型選手,NB/PC 電源管理,,,面板相關IC,,,代理收入,,,NB 出貨量,,,毛利率,,,伺服器電源開發進度,,,大陸同業低價搶單,,,PC換機潮不如預期,,,毛利收斂,,,典型的景氣連動股，殖利率通常較佳，適合穩健觀察
8028,昇陽半導體,上市半導體,,,台積電的晶圓美容師,再生晶圓,,,晶圓薄化,,,測試晶圓,,,台積電稼動率,,,12吋再生晶圓產能,,,先進製程投片量,,,成熟製程殺價,,,擴產折舊壓力,,,單一客戶依賴,,,台積電先進製程跑得越快，測試用的再生晶圓需求就越大，是穩定的設備耗材股。
8016,矽創,上市半導體,J000020,,工控與感測 IC 的長跑好手,驅動IC,,,P-Sensor(感測器),,,車用顯示,,,非手機應用佔比,,,感測器滲透率,,,毛利率,,,驅動IC報價下跌,,,物聯網市場飽和,,,匯率,,,產品線分散至工控與車用，抵禦手機不景氣能力較強
6937,天虹,上市半導體,J000490|I023172,,國產半導體設備新星,PVD/ALD設備,,,備品耗材(半導體/光電),,,維修服務,,,第三代半導體(SiC/GaN)擴產,,,設備交期,,,耗材更換率,,,設備驗收週期長,,,技術門檻競爭,,,大客戶資本支出縮減,,,前應材(Applied Materials)團隊創立，專攻國產化PVD設備，切入第三代半導體製程。
6854,錼創科技-KY創,上市半導體,I023060,,MicroLED技術領航者,MicroLED晶片(COC),,,技術授權(NRE),,,巨量轉移設備,,,韓系電視廠(Samsung)訂單,,,穿戴裝置滲透率,,,授權金收入,,,MicroLED成本過高,,,蘋果取消MicroLED手錶專案,,,長期虧損,,,技術絕對領先但成本太高，目前靠賣技術授權(IP)與樣品過活，獲利轉正還需要時間。
6799,來頡,上市半導體,,,網通電源管理精兵,網通PMIC (WiFi 7/6),,,SSD電源IC,,,USB Type-C PD,,,WiFi 7滲透率,,,網通客戶庫存,,,晶圓產能成本,,,網通市場庫存去化,,,消費電子疲弱,,,價格競爭,,,專攻WiFi路由器與SSD的電源管理IC，WiFi 7規格升級是最大成長動能。
6789,采鈺,上市半導體,,,台積電的彩色眼鏡,影像感測器(CIS)彩色濾光膜,,,微透鏡(Micro-lens),,,光學指紋辨識,,,手機CIS畫素升級,,,台積電釋單量,,,龍潭新廠產能,,,手機市場飽和,,,中國CIS供應鏈競爭,,,折舊攤提壓力,,,台積電子公司，專做CIS後段製程，技術護城河深，但高度依賴手機景氣。
6770,力積電,上市半導體,J000370,,靈活的記憶體與邏輯代工者,代工服務,,,功率半導體,,,利基型DRAM,,,報價波動,,,新廠折舊,,,產能利用率,,,財務槓桿高,,,技術門檻較低,,,易受景氣衝擊,,,波動性大，適合景氣復甦初期操作
6756,威鋒電子,上市半導體,,,USB高速傳輸老將,USB4控制晶片,,,USB Hub,,,Type-C PD,,,USB4滲透率,,,PC/筆電出貨量,,,威盛集團資源,,,PC市場衰退,,,祥碩/譜瑞競爭,,,庫存跌價,,,威盛集團小金雞，USB4與Type-C是剛需，但PC市場的景氣循環是硬傷。
6719,力智,上市半導體,,,電源管理與功率元件整合專家,Vcore 控制 IC,,,MOSFET,,,工控電源,,,伺服器/顯卡需求,,,PMIC+MOSFET 組合銷售,,,毛利,,,庫存去化緩慢,,,大陸同業競爭,,,單一產品線依賴,,,與華碩關係深厚，觀察顯卡與伺服器市場復甦
6695,芯鼎,上市半導體,,,神盾集團的車用眼睛,影像處理晶片(ISP),,,車用影像SoC,,,智慧居家晶片,,,神盾集團綜效,,,車用客戶認證,,,AI影像辨識專案,,,車用導入週期長,,,消費性ISP殺價,,,轉型陣痛期,,,被神盾收購後，積極從消費性相機轉型至車用與AI影像處理，但獲利尚未穩定。
6573,虹揚-KY,上市半導體,,,太陽能二極體廠,太陽能二極體,,,整流二極體,,,橋式整流器,,,中國太陽能裝機量,,,二極體報價,,,原料銅價,,,太陽能產業殺價,,,中國內捲嚴重,,,獲利長期低迷,,,主要市場在中國太陽能與家電，受中國產能過剩與殺價競爭影響大。
6552,易華電,上市半導體,,,面板驅動IC的捲帶手,COF捲帶(Chip on Film),,,Mini LED載板(Micro LED),,,手機/電視面板材料,,,面板驅動IC需求,,,銅價走勢,,,頎邦/南茂稼動率,,,面板景氣循環,,,OLED改用COP製程(替代威脅),,,單一產品風險,,,全球少數能做COF捲帶的廠商，但受OLED技術變革(COP)影響，正尋求Mini LED新應用。
6533,晶心科,上市半導體,J001480,,RISC-V 架構的推手,IP 授權金,,,權利金,,,技術服務,,,RISC-V 市佔率,,,AI 晶片開發案,,,研發費用,,,ARM 競爭,,,研發回收期長,,,地緣政治影響 IP 流向,,,屬於長線「夢想股」，看好 RISC-V 取代 ARM 的趨勢
6531,愛普*,上市半導體,,,記憶體 IP 化與 3D 封裝的創新者,IoT 記憶體,,,AI 事業(VHM),,,IP 授權,,,AI 客戶開案量,,,3D 封裝普及度,,,IoT 景氣,,,研發認列風險,,,高估值回檔,,,AI 進度不如預期,,,具備高度創新性的「特種記憶體」股，波動極大
6526,達發,上市半導體,,,聯發科的網通重裝部隊,藍牙音訊晶片(TWS),,,固網寬頻晶片(PON),,,GPS晶片,,,歐美寬頻基建標案,,,TWS高階晶片市佔,,,聯發科集團綜效,,,網通庫存調整,,,消費電子疲弱,,,瑞昱競爭,,,聯發科旗下最強小金雞，專攻高階網通與藍牙，技術與毛利都是一線水準。
6525,捷敏-KY,上市半導體,I023020,,功率半導體封測的佼佼者,電源管理元件,,,MOSFET封裝,,,車用功率,,,綠能/伺服器需求,,,車用元件,,,產能配置,,,功率半導體過剩,,,大陸廠區風險,,,匯損,,,站在能源轉型與電動車趨勢上，基本面扎實
6515,穎崴,上市半導體,J001460|J001470|J001480,,測試介面專家，HPC 晶片推手,測試座(Socket),,,探針卡,,,治具,,,高階探針滲透率,,,客戶新晶片發表,,,毛利率,,,大陸競爭,,,研發費用激增,,,高頻高速技術瓶頸,,,AI/HPC 高端測試需求是主要成長引擎
6451,訊芯-KY,上市半導體,J001460|I023020,,鴻海的CPO封裝先鋒,光纖收發模組封裝(CPO),,,系統級封裝(SiP),,,臉部辨識封裝,,,CPO (800G) 量產進度,,,鴻海伺服器訂單,,,博通(Broadcom)合作,,,CPO技術成熟度,,,消費電子(手機)衰退,,,越南廠良率,,,鴻海集團封測廠，市場炒作焦點全在AI伺服器的CPO光學封裝題材，股價波動大。
6415,矽力*-KY,上市半導體,J000030,,電源管理IC的高端挑戰者,工業應用,,,伺服器/基地台,,,車用電源,,,庫存回補力道,,,大陸半導體國產化,,,ASP,,,美國禁令,,,類比IC競爭加劇,,,高本益比修正,,,曾是股王，目前處於景氣復甦期，對利率與成長率敏感
6271,同欣電,上市半導體,I023020,,影像感測與陶瓷襯板專家,CIS封裝,,,陶瓷基板,,,衛星通訊功率模組,,,車用CIS需求,,,手機感測器,,,低軌衛星出貨,,,車市成長放緩,,,大陸廠商追趕,,,手機需求疲軟,,,車用電子與低軌衛星題材，具備中長期成長性
6257,矽格,上市半導體,J000020|J000030|J001460|I023020,,網通與手機測試的中堅力量,5G 晶片測試,,,WiFi 6/7測試,,,SoC測試,,,5G手機滲透率,,,網通升級需求,,,稼動率,,,客戶抽單,,,設備稼動不足,,,測試單價跌,,,網通測試領先者，與聯發科&瑞昱關係緊密
6243,迅杰,上市半導體,,,筆電鍵盤控制老兵,嵌入式控制器(EC),,,MCU,,,觸控IC,,,筆電換機潮,,,AI PC新規格,,,安國入主綜效,,,PC市場萎縮,,,中國對手競爭,,,營收規模小,,,專做筆電鍵盤控制IC(KBC/EC)，安國入主後試圖整合資源，但仍受制於PC景氣。
6239,力成,上市半導體,I023020,,記憶體封測龍頭，轉向先進封裝,DRAM/Flash封測,,,邏輯封測,,,先進封裝,,,記憶體報價,,,客戶去庫存進度,,,稼動率,,,記憶體大廠自建封測,,,Flash需求低迷,,,匯率,,,轉向非記憶體封測是公司轉型關鍵
6202,盛群,上市半導體,,,台灣MCU教父,32位元/8位元MCU,,,健康量測IC,,,馬達控制IC,,,中國代理商庫存去化,,,無線充電/安防訂單,,,新品(32-bit)佔比,,,中國MCU價格戰,,,消費電子不振,,,晶圓成本,,,台灣老牌MCU廠，高度依賴中國市場，近年受陸廠低價內捲影響嚴重，正努力去庫存。
5471,松翰,上市半導體,,,語音與影像MCU專家,多媒體影像IC(NB Cam),,,MCU(醫療/家電),,,語音控制IC,,,筆電/視訊鏡頭需求,,,醫療(額溫槍)訂單,,,32位元MCU佔比,,,疫情紅利消退(醫療),,,PC市場衰退,,,價格競爭,,,疫情期間靠額溫槍MCU大賺，現在回歸基本面，筆電Camera ISP是主要支撐。
5285,界霖,上市半導體,J001240,,功率導線架職人,功率導線架(車用/工業),,,IPM模組導線架,,,異型材加工,,,IDM大廠(Infineon)訂單,,,銅價LME,,,車用功率模組滲透率,,,導線架殺價競爭,,,銅價暴漲成本壓力,,,車市庫存調整,,,專攻功率元件導線架，併購日本廠後技術升級，是電動車SiC模組的關鍵材料商。
5269,祥碩,上市半導體,J000260,,高速傳輸王者，AMD 的緊密夥伴,USB 4傳輸晶片,,,PCIe控制,,,代工代料,,,AMD市佔率,,,USB 4普及率,,,伺服器需求,,,AMD訂單砍單,,,Intel自研競爭,,,專利戰,,,與 AMD 連結深，是高速傳輸規格升級的受益者
5222,全訊,上市半導體,J001450,,國防軍工射頻的隱形冠軍,軍用功率放大器(PA),,,微波模組,,,雷達元件,,,國防預算,,,標案時程,,,海外訂單,,,政府財政縮減,,,標案獲利率,,,原料稀有性,,,市場門檻極高，具備避險與國防題材特性
4968,立積,上市半導體,J000030|I023040,,射頻前端(Wi-Fi FEM)的專家,Wi-Fi FEM 模組,,,射頻開關,,,0,,,Wi-Fi 7 轉換進度,,,路由器需求,,,陸系客戶佔比,,,手機需求弱,,,博通等大廠競爭,,,技術更迭,,,WiFi 規格升級是最大利多，觀察轉機性
4967,十銓,上市半導體,,,記憶體品牌飆客,DRAM模組(電競),,,SSD,,,記憶體現貨買賣,,,記憶體現貨價(DRAM/NAND),,,低價庫存利益,,,電競品牌銷量,,,記憶體價格崩跌,,,庫存跌價損失,,,品牌競爭,,,營運模式像衝浪，靠著精準判斷記憶體報價波動賺「庫存價差」，DDR5普及是利多。
4961,天鈺,上市半導體,I023040,,鴻海的面板驅動手,面板驅動IC(大尺寸/中小),,,電子紙驅動IC(ESL),,,電源管理IC,,,元太電子紙訂單,,,鴻海/群創面板需求,,,四色電子紙換機,,,面板景氣循環,,,電子紙庫存調整,,,晶圓代工成本,,,鴻海集團成員，也是元太電子紙驅動IC的主力供應商，獲利隨電子標籤(ESL)普及而成長。
4952,凌通,上市半導體,I023040,,玩具與無線充電芯,語音/玩具IC,,,無線充電MCU,,,馬達控制IC,,,歐美玩具市場旺季(Q3),,,無線充電標準(Qi2),,,凌陽集團資源,,,消費電子疲弱,,,玩具市場萎縮,,,中國MCU殺價,,,凌陽子公司，專攻玩具語音IC(如菲比小精靈)與無線充電，股性牛皮但配息穩定。
4919,新唐,上市半導體,I023040|I023680,,MCU 與車用電子專家，華邦電之子,工業/車用控制,,,MCU,,,電池管理IC,,,日本子公司整合進度,,,MCU報價,,,車用佔比,,,車市需求疲軟,,,大陸MCU削價競爭,,,併購折舊,,,長線看好車用電子轉型，短期受傳統 MCU 庫存影響
3711,日月光投控,上市半導體,J000020|J001470|J001480|I023020,,全球封測霸主，掌握先進封裝,先進封裝(SiP),,,傳統封測,,,EMS代工,,,CoWoS訂單,,,稼動率,,,電子代工毛利,,,半導體景氣修正,,,資本支出過重,,,對手追趕,,,先進封裝與 AI 結合後，估值有上修空間
3686,達能,上市半導體,I023050,,太陽能轉型求生,再生能源工程(系統),,,太陽能電廠維運,,,矽晶圓(已退出),,,太陽能案場完工量,,,轉型成效,,,虧損縮小,,,本業長期無競爭力,,,工程延宕,,,全額交割風險,,,以前做太陽能多晶矽片虧損累累，現在轉做太陽能系統工程，仍在努力損益兩平。
3661,世芯-KY,上市半導體,J001480|I023040,,AI 與雲端運算 ASIC 領頭羊,美系大廠ASIC,,,NRE收入,,,量產權利金,,,北美客戶動能,,,先進製程訂單,,,CSP需求,,,客戶集中度過高,,,美國禁令,,,NRE認列遞延,,,高成長高風險，緊盯美國 AI 晶片出口政策
3592,瑞鼎,上市半導體,I023040,,驅動 IC 的高階精品店,AMOLED 驅動IC,,,車載顯示,,,筆電DDI,,,OLED 智慧機滲透率,,,驅動IC報價,,,面板景氣,,,面板產能過剩,,,手機銷售衰退,,,價格戰,,,專注於高毛利的 OLED 產品，獲利能力優於傳統 DDI
3588,通嘉,上市半導體,I023040,,快充電源小巨人,AC/DC電源管理IC,,,USB PD快充晶片,,,內建高壓啟動IC,,,手機/筆電快充滲透率,,,陸系手機標配充電器,,,氮化鎵(GaN)應用,,,手機市場衰退,,,中國PMIC殺價,,,晶圓產能成本,,,專攻AC/DC電源管理IC，是USB PD快充趨勢的受惠者，但面臨中國同業激烈價格戰。
3583,辛耘,上市半導體,J000500,,CoWoS 設備供應商，台積電盟友,半導體設備代理,,,自製濕製程設備,,,再生晶圓,,,CoWoS產能擴張,,,台積電資本支出,,,再生晶圓報價,,,設備認列延遲,,,客戶砍資本支出,,,技術被取代,,,受益先進封裝熱潮，營收認列高峰期是觀察點
3545,敦泰,上市半導體,I023040,,觸控與驅動整合(IDC)的先行者,IDC 晶片,,,觸控 IC,,,指紋辨識,,,智慧型手機銷量,,,IDC 報價,,,晶圓代工成本,,,面板需求低迷,,,價格競爭,,,單一市場(中國)風險,,,受手機景氣波動極大，屬於高 beta高風險個股
3532,台勝科,上市半導體,,,矽晶圓本土供應大廠,8/12吋矽晶圓,,,拋光片,,,長約收入,,,晶圓廠稼動率,,,長約(LTA)佔比,,,現貨價,,,終端需求萎縮,,,新產能過剩,,,電費調漲,,,典型材料股，景氣向上時毛利擴張極快
3530,晶相光,上市半導體,I023040,,安控感測器之眼,影像感測器(CIS) - 安控/車用/視訊,,,基因定序晶片,,,中國安控市場(海康/大華),,,豪威(OmniVision)代工,,,車用佔比,,,安控紅海殺價,,,中國內需疲弱,,,晶圓代工成本,,,主攻中低階安控CIS，與豪威(OmniVision)關係深厚，營運高度依賴中國安控市場。,,,
3450,聯鈞,上市半導體,,,矽光子封裝飆股,雷射二極體(LD)封裝,,,矽光子(CPO)模組,,,光通訊元件,,,AI資料中心(AOC/CPO)訂單,,,矽光子產能擴充,,,轉投資(源傑),,,CPO題材過熱(本益比高),,,技術量產延遲,,,消費性雷射衰退,,,老牌雷射封裝廠，因切入AI資料中心的主動式光纜(AOC)與矽光子題材，股價翻身。
3443,創意,上市半導體,J001480|I023040,,台積電的ASIC皇冠,NRE(委託設計),,,Turnkey(量產),,,IP矽智財,,,雲端大廠(CSP)自研晶片,,,HBM/CoWoS開案量,,,台積電先進製程,,,AI晶片禁令(中國),,,虛擬貨幣訂單波動,,,客戶開案延宕,,,台灣最純正的AI ASIC概念股，台積電的親兒子，先進封裝與HBM技術的領頭羊。
3413,京鼎,上市半導體,,,應材供應鏈，自動化設備大廠,半導體設備零件,,,維修服務,,,自動化系統,,,應用材料(AMAT)展望,,,半導體擴廠,,,毛利,,,貿易戰限制設備出口,,,單一客戶依賴,,,金屬成本,,,跟隨美系大廠應材起伏，具備長線成長動能
3257,虹冠電,上市半導體,I023040,,電競電源IC王,功率因素修正器(PFC),,,電源管理IC,,,功率MOSFET,,,電競PC/顯卡換機潮,,,強茂入主綜效,,,高功率電源需求,,,PC市場衰退,,,顯卡庫存調整,,,同業價格競爭,,,強茂入主後體質改善，專攻電競與高功率電源IC，顯卡越耗電，它越賺錢。
3189,景碩,上市半導體,,,ABF載板三弟,ABF載板(伺服器/顯卡),,,BT載板(手機/記憶體),,,隱形眼鏡(晶碩),,,ABF產能利用率,,,Nvidia/AMD訂單,,,隱形眼鏡獲利貢獻,,,ABF載板供過於求,,,價格戰,,,折舊攤提壓力,,,ABF載板三雄之一，但近期獲利亮點反而是轉投資的「晶碩」(隱形眼鏡)，載板本業仍在調整。
3094,聯傑,上市半導體,I023040,,老牌網通晶片,乙太網路控制IC,,,電子紙驅動IC(極少),,,嵌入式網通,,,工控網通需求,,,物聯網標案,,,聯電集團資源,,,技術成熟競爭多,,,營收成長停滯,,,產品單一,,,聯電集團的老牌網通IC廠，主攻成熟的工控網通市場，獲利平穩但無爆發力。
3041,揚智,上市半導體,I023040,,機上盒晶片老店,機上盒(STB)晶片,,,語音控制IC,,,顯示屏驅動,,,新興市場STB標案,,,轉型成效,,,虧損改善,,,機上盒市場萎縮(被串流取代),,,長期虧損,,,陸廠殺價,,,曾經的聯發科對手，現在深陷機上盒紅海，連年虧損，轉型之路艱辛。
3035,智原,上市半導體,J000170|I023040,,聯電體系的 ASIC 整合者,NRE委託開發,,,量產收入,,,IP授權,,,聯電產能支援,,,新案(Win-loss)率,,,IP毛利,,,聯電體系侷限,,,研發費用過高,,,客戶跳槽,,,轉向先進製程與小晶片(Chiplet)布局是觀察重點
3034,聯詠,上市半導體,J000170|J000260,,驅動 IC 龍頭，螢幕顯示的專家,驅動IC(DDI),,,OLED DDI,,,SoC,,,OLED滲透率,,,庫存水位,,,面板需求,,,面板景氣下滑,,,大陸國產化競爭,,,毛利收斂,,,著重 OLED 與電子標籤新動能，配息穩定
3016,嘉晶,上市半導體,,,漢磊的磊晶好兄弟,矽磊晶,,,碳化矽(SiC)磊晶,,,氮化鎵(GaN)磊晶,,,車用功率元件需求,,,SiC磊晶產能,,,漢磊集團策略,,,SiC長晶良率,,,IDM廠自製磊晶,,,價格競爭,,,漢磊集團成員，台灣少數能做SiC/GaN化合物半導體磊晶的廠商，題材性強。
3014,聯陽,上市半導體,,,PC 輸出入控制(SIO)的霸主,SIO 晶片,,,觸控按鍵,,,SoC,,,PC/NB 出貨量,,,新產品認證進度,,,毛利率,,,筆電產業萎縮,,,產品過於單一,,,匯損,,,獲利極其穩定，是 PC 供應鏈中的關鍵長青樹
3006,晶豪科,上市半導體,,,利基型記憶體超市,利基型DRAM,,,NOR Flash,,,MCP,,,記憶體合約價,,,網通/TV需求,,,庫存去化,,,記憶體景氣循環,,,陸廠(兆易創新)產能開出,,,晶圓代工成本,,,專攻利基型記憶體(非PC/手機)，營運隨記憶體報價劇烈波動，報價漲時獲利驚人。
2481,強茂,上市半導體,J000170,,二極體土霸主,整流二極體,,,MOSFET SiC二極體,,,IGBT,,,車用/工控佔比,,,SiC新品認證,,,產能利用率,,,消費電子疲弱,,,中國二極體殺價,,,車市庫存調整,,,台灣二極體龍頭，積極透過併購(如虹冠電)與擴產轉型車用與SiC高階市場。
2458,義隆,上市半導體,,,觸控IC與指向裝置的領頭羊,筆電觸控板,,,觸控螢幕IC,,,指紋辨識,,,筆電滲透率,,,Windows換機潮,,,毛利率,,,筆電市場飽和,,,指紋辨識ASP下滑,,,專利挑戰,,,觀察 AI PC 是否帶來新的輸入介面需求
2454,聯發科,上市半導體,J000170|J001480,45,手機晶片設計一哥，靠研發拚天下的腦力股,手機晶片銷售,,,智慧電視與WiFi晶片,,,車用與 AI 邊緣運算晶片,,,,,,,,,5G/AI 新應用營收比重,,,高通搶食高階市場,,,手機市場成長停滯,,,庫存調整壓力山大,,,科技股波動大是常態，看好 AI 趨勢就別被短期修正嚇跑
2451,創見,上市半導體,,,記憶體模組的老字號精品,品牌存儲,,,工控產品,,,數位周邊,,,品牌溢價,,,原材料採購成本,,,匯率,,,顆粒報價暴跌,,,品牌影響力下滑,,,存貨跌價,,,財務極其穩健，帳上現金充足，具備高殖利率特色
2449,京元電子,上市半導體,J001480,,專業測試大廠，AI 晶片的守門員,手機晶片測試,,,AI/HPC測試,,,燒錄服務,,,測試時數,,,測試設備產能,,,AI客戶比例,,,單一客戶轉單,,,測試單價(ASP)下降,,,折舊,,,AI 晶片測試需求強勁，具備抗跌性
2441,超豐,上市半導體,,,成熟製程打線封裝的王者,傳統導線架封裝,,,中低階IC封測,,,MCU封裝,,,產能利用率,,,ASP(平均單價),,,原材料價格,,,大陸競爭,,,成熟製程需求下滑,,,勞動力短缺,,,營運極其穩健，是觀察成熟製程景氣的體溫計
2436,偉詮電,上市半導體,,,USB PD 充電協議的領先者,USB PD 控制 IC,,,風扇馬達控制,,,電子標籤,,,USB-C 統一介面趨勢,,,遊戲機改版,,,快充普及率,,,競爭對手切入,,,終端消費力降,,,原料成本,,,隨 USB-C 成為全球標配，長線基本面有支撐
2434,統懋,上市半導體,,,傳統二極體廠,二極體,,,太陽能接線盒,,,晶圓代工(小尺寸),,,太陽能景氣,,,營收規模,,,虧損改善,,,長期虧損,,,競爭力弱,,,流動性風險,,,營運長期處於虧損狀態，產品缺乏競爭力，屬高風險個股。
2408,南亞科,上市半導體,J001480,,台灣 DRAM 指標，與國際連動深,標準型DRAM,,,利基型DRAM,,,代工,,,DRAM現貨價,,,合約價,,,庫存週轉,,,產品技術落後三星/海力士,,,現貨價崩盤,,,0,,,週期性極強，操作原則：「買在虧損，賣在獲利」
2401,凌陽,上市半導體,,,車用影音老將,車用資訊娛樂系統(IVI)晶片,,,音響IC,,,IP授權,,,車用After Market需求,,,轉投資(凌通/凌陽創新)收益,,,Plus1晶片,,,中國車市內捲,,,消費電子疲弱,,,轉型速度慢,,,老牌IC設計，本業車用影音平穩，主要價值在於旗下眾多小金雞(凌通、凌陽創新)的轉投資收益。
2388,威盛,上市半導體,,,宏達電的ASIC引擎,嵌入式系統,,,ASIC設計服務(威宏),,,X86專利授權,,,NRE(委託設計)收入,,,威宏獲利貢獻,,,專利授權金,,,轉型成效不穩,,,中國市場風險,,,本業虧損(靠子公司補),,,昔日股王，現在靠子公司「威宏」做AI ASIC設計服務大翻身，是集團獲利核心。
2379,瑞昱,上市半導體,J000170,,螃蟹卡代名詞，網通連網專家,乙太網路晶片,,,WiFi 7,,,音訊編碼,,,WiFi 7轉換率,,,PC/NB出貨量,,,庫存天數,,,終端需求不振,,,新技術開發失敗,,,匯損,,,網通升級潮是長期驅動力，觀察 WiFi 7 進度
2369,菱生,上市半導體,,,傳統封裝與感測器的老兵,MEMS感測器封測,,,類比IC,,,電源管理IC,,,感測器滲透率,,,成熟製程景氣,,,銅價成本,,,設備老化,,,毛利長期偏低,,,殺價競爭,,,股價淨值比通常較低，屬低價轉機題材股
2363,矽統,上市半導體,,,聯電的IP伏兵,觸控晶片(舊業),,,聯電股利,,,IP矽智財/ASIC(轉型),,,聯電高層入主(洪嘉聰),,,減資/併購動作,,,新IP業務營收,,,本業長期沒獲利,,,轉型僅在題材階段,,,股價波動大,,,聯電董座親自接手，減資並併購聯暻半導體，要將其轉型為IP/ASIC公司，充滿轉機與投機色彩。
2351,順德,上市半導體,,,導線架與手牌文具,功率導線架(車用),,,文具(手牌),,,鏡頭VCM彈片,,,IDM大廠(ST/Infineon)訂單,,,銅價走勢,,,車用電子滲透率,,,銅價暴漲侵蝕毛利,,,車市庫存調整,,,導線架殺價,,,一手做文具(SDI手牌修正帶)，一手做高科技車用導線架，是全球功率導線架前三大廠。
2344,華邦電,上市半導體,,,多元化記憶體供應商,DRAM,,,Flash,,,子公司新唐獲利,,,記憶體報價,,,新唐業績,,,12吋廠產能,,,記憶體下行,,,新廠成本高,,,手機需求低,,,多元布局，抗風險能力較純 DRAM 廠強
2342,茂矽,上市半導體,,,車用二極體代工廠,6吋晶圓代工(二極體/MOSFET),,,FS IGBT,,,朋程訂單,,,朋程(大股東)釋單量,,,車用MOSFET需求,,,產能利用率,,,6吋廠效益低,,,設備折舊,,,缺乏先進製程,,,朋程入主後，轉型專注於車用二極體與MOSFET的代工，產能雖舊但有特定利基。
2340,台亞,上市半導體,,,日亞化的感測與功率廠,感測元件(穿戴/車用),,,發光元件,,,功率元件(GaN/SiC),,,日亞化(Nichia)技術技轉,,,Apple Watch感測訂單,,,第三代半導體產能,,,穿戴裝置需求疲弱,,,新廠折舊壓力,,,轉型陣痛期,,,前身是光磊，日亞化全面接管後，正全力轉型第三代半導體(積亞半導體)，是集團的功率旗艦。
2338,光罩,上市半導體,,,晶圓製造不可或缺的藍圖,成熟製程光罩,,,轉投資收益,,,維修,,,晶圓開案量(Tape-out),,,成熟製程需求,,,毛利,,,轉投資虧損,,,技術卡關,,,設備採購延遲,,,受益於大陸成熟製程開案增加，轉投資是獲利波動源
2337,旺宏,上市半導體,,,ROM 與 Nor Flash 的專家,Nor Flash,,,ROM(任天堂),,,Nand,,,任天堂出貨,,,Nor報價,,,車用佔比,,,車用需求轉弱,,,大陸Nor產能開出,,,任天堂改版,,,緊盯遊戲機生命週期與車用電子發展
2330,台積電,上市半導體,,35,全球晶圓代工之王，靠技術壟斷吃遍天下,先進製程代工費（3nm/5nm）,,,成熟製程穩定長約訂單,,,技術授權與先進封裝服務,,,先進製程營收占比與良率,,,資本支出規模與產能利用率,,,前十大客戶集中度,,,三星/英特爾技術追趕,,,台海地緣政治風險,,,景氣反轉導致產能過剩,,,長線好股票，但別在市場最瘋狂時追高，耐心等回檔才是王道
2329,華泰,上市半導體,,,封測與 EMS 的斜槓代表,記憶體封測,,,伺服器主機板組裝(EMS),,,0,,,AI伺服器需求,,,美光訂單,,,記憶體景氣,,,記憶體循環下行,,,EMS競爭烈,,,客戶集中度,,,轉型 AI 伺服器組裝有成，是老店新開的範例
2303,聯電,上市半導體,,,成熟製程專家，追求穩定獲利,28/22nm代工,,,車用晶片,,,特殊製程,,,產能利用率,,,ASP(平均單價),,,配息率,,,供過於求,,,大陸成熟製程競爭,,,折舊壓力,,,景氣循環股，著重於產能利用率與高殖利率
2302,麗正,上市半導體,,,老牌二極體,整流二極體,,,橋式整流器,,,車用二極體,,,轉型車用/工控成效,,,營收規模,,,自動化生產,,,市場邊緣化,,,產品毛利低,,,流動性不足,,,台灣最老的二極體廠，營運平穩但缺乏爆發力，近年試圖切入車用市場。
TSE33,電腦設備,上市電腦設備,,,,,,,,,,,,,,,,,,,,,,,,,,,,,,,
9912,偉聯,上市電腦設備,,,醫療顯示利基,醫療用顯示器(AG Neovo),,,牙科設備,,,一般顯示器,,,醫療專案標案,,,歐美牙科需求,,,毛利率維持率,,,市場規模受限(太利基),,,品牌行銷費用高,,,流動性差,,,早已退出一般消費螢幕紅海，專攻牙科與醫療顯示器，股性冷門。
8210,勤誠,上市電腦設備,I023530,,全球伺服器機殼的標準制定者,AI伺服器機殼,,,通用型機殼,,,標案,,,高端機殼出貨比,,,鋼價成本,,,客戶市佔,,,競爭對手殺價,,,大陸產能利用率,,,訂單遞延,,,伺服器「外殼」的霸主，具備規模經濟護城河
8163,達方,上市電腦設備,I023410,,鍵盤單車雙棲,筆電鍵盤(背光),,,電動自行車(E-Bike),,,綠能電池,,,E-Bike歐洲銷量,,,筆電換機潮,,,越南廠產能,,,歐洲經濟衰退(影響單車),,,鍵盤殺價競爭,,,庫存去化速度,,,明基友達集團成員，現在買它通常是看好「電動自行車」而非鍵盤。
8114,振樺電,上市電腦設備,I023110,,Kiosk全球巨頭,POS銷售系統,,,自助服務機(Kiosk),,,遠端監控軟體,,,全球零售業資本支出,,,歐美大客戶(Amazon)訂單,,,軟體訂閱營收,,,人力成本上升,,,匯率波動,,,併購後的商譽減損風險,,,全球前三大的POS與Kiosk廠，線上線下整合(O2O)趨勢的直接受惠者。
6933,AMAX-KY,上市電腦設備,I023720,,液冷AI新貴,AI伺服器液冷方案,,,HPC高效運算,,,半導體設備,,,Nvidia/Intel認證進度,,,液冷滲透率,,,美系客戶訂單,,,股價估值過高,,,市場競爭加劇,,,晶片缺貨風險,,,總部在美國的液冷解決方案商，股價乘著AI浪潮飛天，但需留意高本益比修正。
6669,緯穎,上市電腦設備,J001480|I023720,,專為雲端巨頭量身打造的「純血伺服器專家」,超大型資料中心（MSFT/Meta）,,,液冷解決方案,,,ASIC 伺服器開發,,,超大型客戶（Hyperscaler）支出,,,液冷滲透率,,,ARR（年度經常性收入）,,,客戶過度集中（兩大巨頭）,,,雲端支出縮減,,,技術更迭過快,,,不受 PC 景氣影響，獲利彈性大，適合追求純粹 AI 成長的投資者
6591,動力-KY,上市電腦設備,J001110|I023360,,電競風扇專家,顯卡散熱風扇,,,工控散熱,,,車用散熱,,,Nvidia/AMD新卡發表,,,電競市場買氣,,,車用認證進度,,,挖礦潮退去(顯卡需求減),,,單一產品依賴,,,匯率波動,,,顯卡散熱風扇龍頭，股價與顯卡世代交替週期高度連動。
6579,研揚,上市電腦設備,J001500|I023110,,邊緣運算 AI 的布局者,嵌入式單板,,,工業控制,,,AI開發模組,,,邊緣AI營收,,,與華碩整合綜效,,,毛利率,,,研發成本高昂,,,半導體供應鏈,,,市場開發慢,,,與華碩強強聯手，是邊緣 AI (Edge AI) 的指標股
6414,樺漢,上市電腦設備,J000170|J000370|I023110,,鴻海集團旗下的併購擴張王,系統整合服務,,,ODM代工,,,自有品牌,,,併購公司貢獻度,,,訂單能見度,,,債務比率,,,財務結構複雜,,,併購整合風險,,,景氣循環,,,透過併購維持高成長，需追蹤其全球布局的毛利表現
6277,宏正,上市電腦設備,I023410,,機房交通指揮官,KVM多電腦切換器,,,專業影音產品,,,機櫃與配電,,,AI伺服器機房建置量,,,高階KVM佔比,,,毛利率(長期高標),,,企業IT支出縮減,,,晶片缺料,,,伺服器遠端管理競爭,,,全球KVM龍頭，擁有極高的毛利率與護城河，AI伺服器越複雜，越需要它的管理設備。
6235,華孚,上市電腦設備,,,車用輕金屬匠,車用鎂鋁合金機構(Thixomolding),,,車載顯示器支架,,,新能源車零件,,,Tesla/歐系車廠訂單,,,產能擴充速度,,,鎂金屬價格,,,單一客戶(Tesla)佔比高,,,中國車市殺價,,,良率控制不易,,,從筆電機殼成功轉型「車用機構件」，是輕量化趨勢下的最大贏家。
6230,尼得科超眾,上市電腦設備,,,日系色彩濃厚的熱導管專家,手機散熱,,,筆電散熱,,,伺服器熱管,,,母公司(Nidec)綜效,,,手機冷卻需求,,,毛利,,,手機市況低迷,,,日幣匯率,,,研發速度慢,,,穩定性高但爆發力較弱，適合穩健觀察
6206,飛捷,上市電腦設備,I023110,,POS現金牛,POS硬體製造,,,Panel PC,,,行動POS,,,歐美餐飲零售景氣,,,毛利率穩定度,,,現金殖利率,,,市場成熟成長趨緩,,,硬體殺價競爭,,,匯率風險,,,全球第三大POS廠，獲利極度穩定，適合當作領股息的定存股，缺乏爆發力。
6166,凌華,上市電腦設備,J000170|J001450|J001500|I023110,,邊緣AI大腦,工業電腦(IPC),,,邊緣運算平台,,,自主移動機器人(ROS),,,友達集團(面板)綜效,,,機器人訂單,,,AI專案營收,,,研發費用過高,,,轉投資虧損,,,景氣循環敏感,,,友達是大股東，專攻高難度的邊緣運算與機器人控制，技術含金量高。
6128,上福,上市電腦設備,I023410,,碳粉飯店地主,印表機碳粉匣(副廠),,,台中港酒店(經營),,,房地產租金,,,碳粉匣專利訴訟,,,台中港風電商務客,,,飯店住房率,,,原廠專利夾殺,,,無紙化趨勢,,,飯店折舊攤提,,,本業做碳粉匣很穩，副業開飯店(台中港酒店)受惠風電工程師長住，資產題材豐富。
6117,迎廣,上市電腦設備,I023530,,機殼美學家,電腦機殼(電競),,,伺服器機殼,,,系統組裝,,,AI伺服器機殼訂單,,,水冷機殼滲透率,,,電競換機潮,,,低價機殼競爭,,,伺服器認證速度,,,原料鋼價波動,,,以造型設計聞名的機殼廠，近期切入伺服器與水冷機殼，股價轉趨活潑。
5258,虹堡,上市電腦設備,I023110,,刷卡機先行者,電子支付終端機(EFTPOS),,,Android支付系統,,,充電樁支付,,,無人支付滲透率,,,歐美換機潮(Android),,,標案入帳週期,,,關鍵晶片缺料,,,資安認證失效,,,匯率波動(主要收歐元/美元),,,全球支付終端機大廠，受惠於傳統刷卡機汰換成Android系統的升級潮。
5215,科嘉-KY,上市電腦設備,J000260|I023410,,鍵盤薄膜王,筆電鍵盤薄膜開關,,,背光模組,,,銀漿,,,蘋果MacBook銷量,,,全球筆電出貨量,,,銀價成本,,,蘋果鍵盤設計變更,,,非蘋陣營殺價,,,單一產品風險,,,全球最大筆電鍵盤薄膜開關廠，業績與蘋果MacBook銷量綁在一起。
4938,和碩,上市電腦設備,,,代工轉型巨艦,通訊產品(iPhone),,,車用電子(Tesla),,,伺服器,,,iPhone新機訂單份額,,,車用營收佔比,,,伺服器擴產進度,,,手機市場飽和,,,毛利極低(保1保2),,,地緣政治(產線外移),,,雖然是iPhone組裝老二，但現在市場看的是它在Tesla與AI伺服器的轉型佈局。
4916,事欣科,上市電腦設備,J001450|I023110,,博弈航太IPC,博弈機台組裝,,,航太內裝/線束,,,國防工業,,,拉斯維加斯博弈景氣,,,國防標案訂單,,,墨西哥廠產能,,,美國經濟衰退,,,博弈法規變動,,,主要客戶集中,,,專攻博弈與航太的工業電腦廠，主要生產基地在北美(墨西哥/美國)，受惠於美國製造。
3712,永崴投控,上市電腦設備,,,綠能控股艦隊,崴強(事務機),,,光林(路燈),,,森崴能源(綠電),,,森崴能源工程進度,,,台電強韌電網標案,,,事務機庫存,,,主要獲利靠子公司森崴,,,控股折價問題,,,能源政策變動,,,正崴集團旗下，本業電子製造平平，亮點全在子公司「森崴能源」的綠電工程。
3706,神達,上市電腦設備,J001480,,伺服器老兵,伺服器(Tyan/Oracle),,,車用電子(Mio),,,AI伺服器組裝,,,伺服器出貨量,,,北美客戶(Oracle/Intel)訂單,,,毛利率改善,,,轉投資(神基/新聚思)評價波動,,,車用需求疲弱,,,伺服器殺價,,,旗下泰安電腦(Tyan)是伺服器老牌，沈寂多年後搭上AI伺服器題材翻身。
3701,大眾控,上市電腦設備,,,車用AI轉機,車用AR HUD(抬頭顯示),,,AI伺服器(3CEMS),,,通訊模組,,,AR HUD出貨量,,,光通訊模組訂單,,,中國市場狀況,,,過去財務重整陰影,,,新事業營收佔比低,,,車市殺價競爭,,,王永慶女婿的公司，近年靠著車用AR HUD與AI伺服器代工題材，營運出現轉機。
3652,精聯,上市電腦設備,I023110,,物流PDA專家,強固型PDA,,,RFID讀取器,,,條碼掃描,,,物流/倉儲自動化需求,,,精技電腦轉投資,,,歐美專案進度,,,市場規模小(利基型),,,大型競爭者(Honeywell/Zebra)擠壓,,,匯率風險,,,精技電腦子公司，專攻物流倉儲用的強固型PDA，隨著電商物流發展而成長。
3515,華擎,上市電腦設備,J001480,,板卡伺服器叛軍,主機板,,,工業電腦,,,伺服器(永擎),,,AI伺服器(永擎)訂單,,,AMD/Intel新平台,,,主機板市佔,,,伺服器資本支出週期,,,消費電子疲弱,,,庫存跌價損失,,,和碩集團成員，旗下「永擎」切入伺服器市場有成，是主機板廠中伺服器純度較高的。
3494,誠研,上市電腦設備,I023410,,相片列印倖存者,熱昇華相片印表機,,,耗材(色帶/相紙),,,證卡機,,,旅遊觀光景氣,,,活動展覽需求,,,標案訂單,,,數位化取代實體相片,,,財務體質脆弱,,,長期虧損/全額交割風險,,,專做相片印表機，市場極度利基且萎縮中，財務狀況需高度警惕。
3416,融程電,上市電腦設備,J001450,,賓士平板夥伴,強固型平板,,,車檢電腦,,,倉儲物流平板,,,賓士/車廠檢測訂單,,,強固型電腦市佔,,,高現金殖利率,,,車廠資本支出縮減,,,關鍵零件缺料,,,匯率波動,,,強固型平板的資優生，長期供應賓士原廠檢測電腦，獲利與配息非常穩定。
3231,緯創,上市電腦設備,J000260|J001480|I023400,,從傳統代工成功華麗轉身的「AI 模組核心商」,GPU 基板/模組代工,,,緯穎投資收益,,,工業與車用電子,,,GPU 模組出貨量,,,非 PC 營收比重,,,子公司緯穎股價,,,市場對 AI 資本支出疑慮,,,GPU 供應鏈斷鏈,,,傳統 PC 利潤稀薄,,,訂單能見度已達 2027，是 AI 浪潮中位置最有利的轉型股
3060,銘異,上市電腦設備,I023410,,硬碟夕陽餘暉,硬碟零組件(VCM),,,外接硬碟代工,,,自動化設備,,,硬碟(HDD)出貨量,,,雲端資料中心HDD需求,,,轉型成效,,,SSD取代HDD趨勢不可逆,,,本業長期衰退,,,新事業(醫療/微機電)未見成效,,,主要做傳統硬碟零件，產業趨勢向下，除非雲端中心對大容量HDD需求暴增，否則難有起色。
3057,喬鼎,上市電腦設備,I023410,,儲存轉型路,磁碟陣列(RAID),,,多媒體儲存,,,監控儲存,,,接單狀況,,,每股淨值,,,轉型新產品營收,,,長期虧損,,,技術優勢不再,,,財務流動性風險,,,昔日的RAID大廠，近年營運陷入困境，正努力尋求轉型但成效尚未顯現。
3046,建碁,上市電腦設備,,,看板充電樁,數位看板IPC,,,電動車充電樁主機,,,工業電腦,,,宏碁集團資源,,,充電樁訂單(美/歐),,,數位看板標案,,,充電樁市場殺價,,,面板價格波動,,,營收規模較小,,,宏碁集團成員，從光碟機轉型做數位看板與充電樁主機，是宏碁佈局綠能的重要棋子。
3022,威強電,上市電腦設備,,,醫療與網通應用的利基專家,醫療設備板卡,,,網通設備,,,博弈訂單,,,標案入帳時程,,,醫療產品認證,,,殖利率,,,標案空窗期,,,庫存去化速度,,,單一客戶轉單,,,獲利與配息相對穩健，適合尋求穩定收益的投資者
3017,奇鋐,上市電腦設備,J001480,,散裝模組與風扇的技術領航,伺服器散熱,,,通訊基地台,,,3D VC產品,,,液冷滲透率,,,VC(均熱板)良率,,,ASP,,,原物料(銅/鋁)價,,,技術被取代,,,擴產過快,,,AI 晶片越燙，奇鋐的液冷解決方案價值越高
3013,晟銘電,上市電腦設備,,,機殼界的後起之秀，進攻 AI,伺服器機殼,,,沖壓組件,,,液冷機櫃,,,AI機櫃訂單,,,產能擴張速度,,,毛利率,,,資本支出壓力,,,客戶依賴度高,,,股價波動大,,,具備轉機與成長題材，股價對 AI 訂單極度敏感
3005,神基,上市電腦設備,,,強固電腦二哥,強固型電腦(Getac),,,汽車機構件,,,航太扣件,,,美國警用/軍用訂單,,,全球國防預算,,,車用機構毛利,,,地緣政治風險,,,匯率波動,,,原料(鋁/塑膠)價格,,,全球第二大強固型電腦廠，僅次於Panasonic，軍工與警用訂單是獲利保證。
3002,歐格,上市電腦設備,,,電源插座小兵,電源轉接頭,,,插座,,,機櫃配電(PDU),,,旅遊復甦(轉接頭需求),,,博弈機台線材,,,殖利率,,,原物料銅價,,,產品技術門檻低,,,匯率波動,,,產品很簡單(插座、轉接頭)，但獲利穩定，適合當作冷門定存股。
2495,普安,上市電腦設備,I023410,,儲存陣列老將,磁碟陣列系統(SAN/NAS),,,雲端儲存,,,企業級儲存,,,企業IT支出,,,雲端服務商訂單,,,毛利率,,,儲存市場被大廠(Dell/HP)寡占,,,技術迭代速度快,,,營收成長停滯,,,專做企業級儲存系統，市場成熟競爭激烈，近年營運持平。
2465,麗臺,上市電腦設備,J001480,,AI顯卡代理人,繪圖卡(Nvidia Quadro),,,AI工作站,,,醫療檢測,,,美超微(Supermicro)合作關係,,,顯卡報價,,,AI專案營收,,,美超微財報風暴影響,,,顯卡原廠(Nvidia)配額,,,本業獲利波動大,,,雖然本業普通，但因為代理Nvidia高階卡且與美超微關係密切，常被視為AI概念股炒作。
2432,倚天酷碁-創,上市電腦設備,,,宏碁周邊潮牌,電腦周邊(包袋/滑鼠),,,電動滑板車,,,智慧佛珠,,,宏碁筆電搭售率,,,新品(滑板車)銷量,,,電商營收,,,消費性電子疲弱,,,庫存管理壓力,,,產品生命週期短,,,宏碁的小金雞，專做酷炫周邊與生活風格產品(如智慧佛珠)，股性活潑。
2425,承啟,上市電腦設備,,,陸系顯卡代工,顯示卡(七彩虹品牌),,,AI伺服器(少量),,,主機板,,,中國電競市場景氣,,,七彩虹(Colorful)銷量,,,顯卡庫存水位,,,中國經濟通縮,,,顯卡挖礦潮結束,,,單一客戶依賴,,,母公司是中國顯卡龍頭「七彩虹」，營運完全看中國電競市場臉色。
2417,圓剛,上市電腦設備,,,直播AI邊緣,影像擷取卡,,,直播設備,,,AI邊緣運算盒,,,遊戲直播市場熱度,,,AI專案導入狀況,,,新品毛利,,,疫情紅利(直播/視訊)消退,,,消費電子疲弱,,,AI營收佔比仍低,,,疫情期間因遠距教學/直播大賺，現在回歸基本面，積極推廣AI邊緣運算盒。
2405,輔信,上市電腦設備,,,迷你電腦轉醫,迷你電腦(Mini PC),,,醫療電腦,,,AI PC,,,醫療專案(Kiosk)進度,,,歐美IPC需求,,,轉型成效,,,PC市場萎縮,,,醫療認證週期長,,,本業獲利邊緣化,,,著名的「浩鑫」電腦改名，努力從消費性Mini PC轉型至高毛利的醫療與工業電腦。
2399,映泰,上市電腦設備,,,板卡挖礦股,主機板,,,顯示卡,,,工業電腦,,,加密貨幣價格(比特幣),,,主機板出貨量,,,新平台換機潮,,,虛擬貨幣崩跌,,,主機板市場萎縮,,,技術競爭力弱,,,二線主機板廠，股價通常只跟著「比特幣」漲跌，基本面較無亮點。
2397,友通,上市電腦設備,J000170,,嵌入式系統王,工業電腦(IPC),,,嵌入式板卡,,,智動化,,,佳世達集團資源,,,歐美基礎建設支出,,,B/B值(訂單出貨比),,,企業資本支出縮減,,,晶片缺料緩解後的庫存,,,匯率波動,,,佳世達集團的IPC旗艦，專攻嵌入式系統，獲利與配息長年穩定。
2395,研華,上市電腦設備,,,全球工業電腦龍頭，物聯網推手,工業自動化,,,嵌入式板卡,,,智慧服務,,,接單出貨比(B/B Ratio),,,地區營收,,,毛利,,,全球製造業衰退,,,大陸市場成長停滯,,,匯率,,,產業地位極其穩固，是長期存股與成長兼具的標的
2387,精元,上市電腦設備,,,鍵盤代工霸主,筆電鍵盤,,,平板鍵盤,,,背光模組,,,蘋果MacBook訂單份額,,,非蘋筆電出貨,,,自動化生產效率,,,蘋果鍵盤設計改變,,,中國工資上漲,,,單一產業風險,,,全球最大的筆電鍵盤廠，幾乎所有筆電品牌都是它的客戶，蘋果訂單是關鍵。
2382,廣達,上市電腦設備,,,AI伺服器帝王,AI伺服器(Nvidia MGX/HGX),,,筆電代工,,,車用電子,,,AI伺服器營收佔比,,,GB200出貨量,,,毛利率(三率三升),,,晶片缺料,,,地緣政治,,,高基期成長趨緩,,,不只是筆電代工廠，而是AI伺服器的軍火庫，股價與Nvidia高度連動。
2380,虹光,上市電腦設備,,,掃描器專家,影像掃描器,,,多功能事務機,,,光學模組,,,標案訂單,,,自動化光學檢測(AOI)進度,,,毛利率,,,無紙化趨勢不可逆,,,市場規模萎縮,,,長期虧損,,,專做掃描器，技術不錯但市場需求逐年下降，正試圖切入工業檢測設備。
2377,微星,上市電腦設備,,,電競與AI PC,電競筆電/顯卡,,,主機板,,,AI伺服器/車用,,,RTX 50系列顯卡銷量,,,AI PC換機潮,,,庫存週轉天數,,,PC市場衰退,,,加密貨幣崩跌,,,伺服器佈局慢,,,高殖利率的電競資優生，AI PC換機潮受惠程度高。
2376,技嘉,上市電腦設備,,,AI伺服器急先鋒,AI伺服器(Giga Computing),,,主機板/顯示卡,,,網通伺服器,,,AI伺服器營收佔比(>50%),,,子公司技鋼獲利,,,比特幣價格,,,毛利低於同業(品牌包袱),,,消費電子庫存,,,Dell/HP搶市,,,品牌廠中最積極擁抱AI伺服器的公司，純度高但波動也大。
2365,昆盈,上市電腦設備,,,老牌周邊廠,滑鼠/鍵盤(Genius),,,電競周邊,,,影像產品,,,新興市場(拉美/東歐)銷量,,,匯率波動,,,品牌授權收入,,,品牌老化,,,低價競爭激烈,,,營收成長停滯,,,昔日的滑鼠大廠，自有品牌Genius在新興市場仍有能見度，但已無昔日榮光。
2364,倫飛,上市電腦設備,,,軍工強固筆電,強固型筆電/平板,,,軍工規電腦,,,工業控制,,,軍工標案訂單,,,毛利率(極高),,,每股盈餘成長,,,市場規模小(利基型),,,流動性較差,,,單一客戶集中,,,專攻「強固型」電腦，與神基、融程電類似，但規模較小，近年轉虧為盈後股價大漲。
2362,藍天,上市電腦設備,I099030,,筆電地產雙棲,電競筆電(Clevo),,,中國百腦匯商場(Buynow),,,群光集團關聯,,,中國百腦匯租金收入,,,電競筆電出貨量,,,人民幣匯率,,,中國房地產泡沫,,,筆電市場殺價,,,轉投資資產評價,,,一手做電競筆電代工，一手在中國收租(百腦匯)，是隱藏的中國資產股。
2357,華碩,上市電腦設備,,,PC品牌霸主,PC/NB品牌銷售,,,伺服器(AI Server),,,零組件(板卡),,,AI PC市佔率,,,伺服器營收成長率,,,庫存水位,,,PC景氣循環,,,手機部門虧損,,,品牌老化風險,,,全押注「AI PC」與「AI伺服器」雙引擎，試圖從傳統品牌廠轉型為全方位AI解決方案商。
2356,英業達,上市電腦設備,,,伺服器代工老將,伺服器(L6主機板),,,筆電代工,,,IP授權(Vector單元),,,伺服器出貨量,,,高殖利率,,,AI伺服器佔比落後,,,毛利長期偏低,,,匯率波動,,,股性牛皮但配息穩定，擁有獨家IP授權給晶片廠是隱藏亮點。,,,
2353,宏碁,上市電腦設備,,,生活風格孵化器,PC/NB品牌,,,宏碁資訊(雲端),,,小金雞IPO,,,旗下小金雞IPO數量,,,非PC營收佔比,,,PC換機潮,,,PC本業低毛利,,,新事業戰線過長,,,核心業務成長停滯,,,不要只看賣電腦，要看它孵化出多少隻「小金雞」帶來的業外收益。
2352,佳世達,上市電腦設備,,,聯合艦隊旗艦,顯示器,,,醫療,,,網通AIoT,,,高附加價值事業營收佔比,,,醫療事業獲利,,,轉投資(友通/明基材)貢獻,,,大艦隊管理難度,,,PC/顯示器景氣循環,,,轉投資評價波動,,,台灣轉型最成功的電子集團，透過併購打造「聯合艦隊」，醫療與AIoT是未來主軸。
2331,精英,上市電腦設備,,,主機板轉機,主機板,,,迷你電腦,,,車用電子,,,大同集團資源,,,IPC營收佔比,,,股利政策,,,PC市場衰退,,,內部管理與經營權變動,,,車用轉型速度慢,,,大同集團旗下，過去以低價主機板聞名，近年積極改善體質與配息，試圖擺脫低毛利形象。
2324,仁寶,上市電腦設備,,,脫胎換骨中,筆電代工,,,車用電子,,,醫療/伺服器,,,車用/醫療營收佔比,,,毛利率改善,,,越南廠產能,,,低毛利訂單退出風險,,,轉型速度慢,,,匯率波動,,,正在執行「掠奪性轉型」，主動放棄低毛利訂單(如iPad)，全力進攻車用與醫療。
2305,全友,上市電腦設備,,,生技掃描控股,掃描器,,,生技醫療投資,,,光學模組,,,轉投資生技公司損益,,,掃描器利基市場,,,資產活化,,,本業長期無獲利,,,業外投資波動大,,,成交量低迷,,,本業掃描器已是夕陽，公司價值主要取決於手上的生技轉投資與土地資產。
2301,光寶科,上市電腦設備,,,電源轉型模範,雲端伺服器電源,,,車用充電樁,,,光電半導體,,,AI伺服器電源市佔,,,毛利率(站穩20%),,,電動車市場成長,,,PC市場衰退,,,中國產能競爭,,,匯率波動,,,已經不是做路燈與光碟機的了，現在是AI伺服器電源與快充樁的高毛利資優生。
TSE34,光電,上市光電,,,,,,,,,,,,,,,,,,,,,,,,,,,,,,,
8215,明基材,上市光電,J001240|I023080,,偏光片轉型醫,偏光片(面板),,,醫療耗材(隱形眼鏡/止血棉),,,車用隔離膜,,,面板稼動率,,,醫療營收佔比,,,日圓匯率(原料),,,面板景氣下行,,,醫療通路拓展受阻,,,原料TAC膜漲價,,,雖然本業是面板偏光片，但獲利亮點都在高毛利的醫療產品(美若康)與車用電池隔離膜。
8105,凌巨,上市光電,,,工控面板匠,車載面板,,,工控/手持裝置面板,,,代工服務,,,利基型面板報價,,,車用訂單能見度,,,折舊攤提結束,,,消費性電子排擠產能,,,中國面板廠殺價,,,匯率波動,,,不做標準品，專攻少量多樣的「工控與車載」面板，獲利比大面板廠穩健。
8104,錸寶,上市光電,J001510|I015030|I023080,,儲能轉機股,PMOLED顯示器,,,儲能櫃/電池模組,,,不斷電系統(UPS),,,儲能案場併網量,,,PMOLED出貨量,,,轉投資(達振)獲利,,,儲能政策變動,,,電池芯成本暴漲,,,面板本業萎縮,,,PMOLED本業已是夕陽，現在全力拚「儲能」與「電池模組」業務，是標準的能源轉型股。
6916,華凌,上市光電,,,工控顯示器王,PMOLED/STN面板,,,TFT-LCD模組,,,系統整合,,,全球工控訂單B/B值,,,歐美經銷商庫存,,,毛利率(長期高標),,,歐美製造業PMI衰退,,,匯率波動,,,利基市場規模受限,,,專攻全球工控顯示器市場，毛利極高且穩定，不受消費性電子景氣影響。
6742,澤米,上市光電,J001470,,光學鍍膜師,VR/AR鏡頭鍍膜,,,車用鏡頭鍍膜,,,光學指紋辨識,,,元宇宙裝置銷量,,,大客戶(Sony/Meta)新品,,,車用佔比,,,VR/AR市場雷聲大雨點小,,,消費性電子庫存,,,新技術替代,,,在光學鍍膜領域技術領先，是VR/AR與精密光學感測的關鍵軍火商。
6706,惠特,上市光電,J000180|I023600,,CPO設備飆股,CPO矽光子測試設備,,,CoWoS代工/清洗,,,LED點測機(舊業),,,台積電/光通訊廠訂單,,,CPO設備營收佔比,,,LED設備需求,,,新業務驗收遞延,,,LED產業長期低迷,,,股價過熱(本益比高),,,過去是LED設備龍頭，現在是市場最熱的「CPO矽光子」與「CoWoS」設備轉型股。
6668,中揚光,上市光電,I023210,,鏡頭模具王,手機鏡頭模具,,,車用鏡頭模具,,,鏡頭代工,,,iPhone新機規格,,,中國手機銷量,,,鴻海集團策略,,,手機市場飽和,,,紅色供應鏈殺價,,,模具技術門檻降低,,,鴻海集團投資的模具廠，主要跟著中國手機品牌與iPhone的鏡頭升級週期走。
6477,安集,上市光電,I023130,,綠能發電廠,太陽能模組,,,電廠售電收入,,,3D列印,,,太陽能躉購費率,,,模組原物料(矽片)價格,,,電廠建置容量,,,政策打壓農地種電,,,矽料價格崩跌(庫存損失),,,產能規模較小,,,雖做模組，但很大一塊獲利來自「自有電廠售電」，是穩定的現金流防禦股。
6456,GIS-KY,上市光電,,,蘋果觸控廠,觸控模組(iPad/MacBook),,,屏下指紋辨識,,,車用觸控,,,iPad/MacBook出貨量,,,超聲波指紋辨識滲透率,,,成都廠稼動率,,,蘋果改用OLED(減少觸控層需求),,,單一客戶依賴,,,立訊/陸廠搶單,,,高度依賴蘋果iPad訂單，近年受OLED技術變革影響，正努力轉型車用與光學。
6443,元晶,上市光電,I023130,,專注於大尺寸與高效能組件,太陽能組件,,,電池片,,,漁電共生案場,,,組件報價,,,國內裝機量,,,矽料價格,,,模組跌價損失,,,訂單遞延,,,原料成本波動,,,與台灣綠能政策同步，為國內案場主要供應商
6405,悅城,上市光電,I023080,,光電玻璃廠,玻璃薄化/拋光,,,Micro LED巨量轉移載板,,,電子玻璃,,,面板廠稼動率,,,Micro LED新業務進度,,,毛利率,,,面板景氣循環,,,技術門檻低(薄化),,,新業務貢獻慢,,,本業玻璃薄化是面板業下游，看點在於切入Micro LED玻璃載板的轉機。
6278,台表科,上市光電,I023060|I023430,,SMT巨頭,SMT打件(Mini LED/記憶體),,,面板控制板,,,車用電子,,,蘋果Mini LED訂單,,,記憶體產業景氣,,,印度廠產能,,,蘋果棄用Mini LED風險,,,毛利極低(賺管理財),,,匯率波動,,,全球SMT打件龍頭，技術含量看似不高但良率管理極強，獲利受蘋果產品規格變動影響大。
6226,光鼎,上市光電,I023060,,車用LED小兵,LED封裝,,,車用照明模組,,,感測元件,,,車用營收佔比,,,東南亞/印度市場銷量,,,毛利率改善,,,中國LED殺價紅海,,,規模經濟不足,,,轉型速度慢,,,深耕車用與工控利基市場，避開照明紅海，獲利尚稱穩健。
6225,天瀚,上市光電,I023680,,行車紀錄轉機,行車紀錄器,,,投影機,,,直播設備,,,營收月增率,,,新產品(直播機)銷量,,,每股淨值,,,長期虧損,,,流動性風險,,,產品缺乏護城河,,,曾經的投影機大廠，現在轉做車用電子與直播設備，營運仍在損益邊緣掙扎。
6209,今國光,上市光電,I023210,,索尼之眼,玻璃鏡頭(單眼/PS5),,,車用鏡頭,,,物聯網鏡頭,,,Sony遊戲機銷量,,,車用鏡頭認證,,,產能利用率,,,單眼相機市場萎縮,,,日圓匯率波動,,,新事業(車用)發酵慢,,,主要客戶是Sony，從單眼相機轉型到PS5鏡頭與車載鏡頭，玻璃鏡片技術底子深厚。
6176,瑞儀,上市光電,,,背光模組龍頭，蘋果供應鏈鐵粉,iPad/Mac背光模組,,,高階顯示器,,,醫療,,,蘋果新機銷量,,,iPad滲透率,,,淨利率,,,OLED取代LCD趨勢,,,單一客戶風險,,,匯損,,,獲利極其穩定且配息大方，是面板族群中的防禦首選
6168,宏齊,上市光電,I023060,,MiniLED封裝,LED封裝(顯示屏/IR),,,Mini LED晶片,,,IC封裝,,,Mini LED看板需求,,,消費性電子景氣,,,轉投資(久元)貢獻,,,中國產能過剩,,,價格戰激烈,,,新技術導入慢,,,老牌LED封裝廠，產品組合分散，近年切入IC封裝試圖提升毛利。
6164,華興,上市光電,I023060,,低溫照明家,低溫照明(冷凍櫃),,,UV LED,,,一般照明,,,超商/賣場展店數,,,UV殺菌需求,,,工程專案入帳,,,一般照明殺價競爭,,,原物料成本,,,專案延宕,,,專攻「低溫照明」(如超商冰箱燈條)的利基市場，獲利比一般照明廠穩定。
6120,達運,上市光電,,,友達背光兵,背光模組,,,FMM(精密金屬遮罩),,,導光板,,,友達面板出貨量,,,FMM良率,,,新產品(車用)佔比,,,面板景氣循環,,,OLED FMM技術突破難度,,,母公司(友達)策略調整,,,友達集團成員，本業背光模組成熟，市場期待全在FMM(OLED關鍵耗材)的國產化進度。
6116,彩晶,上市光電,I023080,,專攻中小型面板的利基者,手機面板,,,平板/工控顯示,,,穿戴裝置,,,中小尺寸報價,,,手機市場需求,,,良率,,,產品單一,,,小尺寸市場萎縮,,,折舊成本,,,市場規模較小，波動度高，需觀察手機與平板換機潮
5484,慧友,上市光電,,,輝達AI之眼,AI邊緣運算攝影機,,,車載監控,,,工業電腦,,,Nvidia合作專案進度,,,AI產品營收佔比,,,毛利率跳升,,,股價過度炒作(本益比極高),,,AI專案落地速度慢,,,本業長期獲利不穩,,,因成為Nvidia Jetson平台夥伴而爆紅，轉型做「AI邊緣運算」解決方案，是標準的AI轉機股。
5244,弘凱,上市光電,I023060,,氛圍燈專家,可見光LED(車用/筆電),,,感測LED,,,iCLed(驅動IC整合),,,車用氛圍燈滲透率,,,筆電鍵盤背光需求,,,中國車市狀況,,,消費電子疲弱,,,同業價格競爭,,,匯率波動,,,專攻高品質的「氣氛燈」與「智慧玻璃」LED，毛利率在LED族群中名列前茅。
5243,乙盛-KY,上市光電,J000170|J001240|I023471,,特斯拉機構,汽車機構件(Tesla),,,伺服器機構,,,電視機構,,,Tesla交車量,,,低軌衛星訂單,,,墨西哥廠擴產,,,單一客戶(Tesla)依賴,,,伺服器資本支出縮減,,,匯率(美金/披索),,,鴻海集團成員，是Tesla與低軌衛星的重要機構件供應商，墨西哥廠是其核心優勢。
5234,達興材料,上市光電,,,半導體化材,顯示器化學材料,,,半導體先進製程材料,,,綠能材料,,,半導體材料營收佔比,,,面板廠稼動率,,,新產品(先進封裝)認證,,,面板產業衰退,,,半導體認證週期長,,,原料價格波動,,,從面板材料成功跨足「半導體先進製程」材料，享有比傳統化工股更高的本益比。
4976,佳凌,上市光電,,,車用鏡頭純,車載鏡頭(ADAS/LiDAR),,,投影機鏡頭,,,安控鏡頭,,,自駕車滲透率,,,LiDAR鏡頭出貨量,,,大型車廠認證,,,研發費用過高,,,車廠認證期長,,,消費性鏡頭殺價,,,放棄手機鏡頭紅海，全押注在「車用」與「LiDAR」鏡頭，技術門檻高但回收期長。
4960,誠美材,上市光電,I023080,,經營權風暴,偏光片,,,光學膜,,,轉投資,,,面板報價,,,偏光片供需,,,經營層穩定度,,,經營權爭奪頻傳,,,財務結構脆弱,,,大股東掏空疑慮,,,偏光片本業普通，市場新聞多半集中在董事會內鬥與經營權之爭，屬高風險股。
4956,光鋐,上市光電,I023060,,感測與殺菌,LED晶片(IR/UV),,,車用LED,,,Micro LED,,,穿戴裝置感測需求,,,UV殺菌應用,,,Micro LED代工訂單,,,產能規模小,,,中國晶片廠殺價,,,利基市場成長慢,,,專攻IR(紅外線)與UV(紫外線)等特殊波長LED，避開照明紅海，與榮創/群創合作密切。
4942,嘉彰,上市光電,,,金屬機構匠,監視器/電視邊框,,,車用沖壓件,,,網通機構,,,金屬原物料價格,,,車用營收佔比,,,面板產業景氣,,,面板需求衰退,,,車用轉型速度,,,匯率波動,,,全球最大的顯示器金屬沖壓廠，近年積極將產能轉向車用與醫療顯示器。
4935,茂林-KY,上市光電,I023080,,導光板之王,導光板(IT/車用/穿戴),,,發光鍵盤模組,,,車用發光飾條,,,蘋果MacBook鍵盤訂單,,,車用導光板滲透率,,,銅/PMMA原料價格,,,蘋果技術變更(OLED不需導光板),,,單一客戶依賴,,,匯率風險,,,技術獨步全球的導光板廠，但深受蘋果鍵盤設計變更(OLED化)的長線威脅，正轉型車用。
4934,太極,上市光電,,,太陽能電池,太陽能電池片(PERC),,,太陽能模組,,,電站,,,美國太陽能政策,,,電池片報價,,,轉型TopCon進度,,,中國產能傾銷,,,反傾銷稅率,,,原料矽晶圓波動,,,廣運集團旗下，專注太陽能電池製造，營運隨各國貿易壁壘與太陽能報價劇烈波動。
3714,富采,上市光電,I023060,,Mini/Micro LED 的國家隊代表,Mini LED背光,,,感測器,,,化合物半導體,,,Mini LED滲透率,,,產能利用率,,,研發支出,,,折舊費用過高,,,大陸產能競爭,,,技術卡關,,,處於技術轉型陣痛期，長期看 Micro LED 的普及
3673,TPK-KY,上市光電,J001240,,觸控轉型3D,觸控模組,,,3D列印(鞋中底/牙套),,,雷射雷達(LiDAR),,,蘋果訂單(舊業),,,3D列印營收成長,,,儲能電池模組,,,觸控本業萎縮,,,新事業營收佔比低,,,中國同業競爭,,,昔日的觸控股王，現在靠「3D列印」與「新能源」尋求第二春，本業觸控已成紅海。
3622,洋華,上市光電,I016010,,隱藏重電股,機電(電纜接頭),,,觸控面板,,,資產出租,,,台電強韌電網計畫,,,電纜接頭產能,,,觸控部門虧損收斂,,,銅價劇烈波動,,,機電工程進度延宕,,,觸控本業拖累,,,買洋華不是買觸控，是買它的「電纜接頭」業務，台電電網升級的受惠者，觸控只是配角。
3591,艾笛森,上市光電,I023060,,車燈模組廠,LED車燈模組,,,照明元件,,,光傳輸,,,車用成品營收佔比,,,北美車廠訂單,,,毛利率提升,,,車市景氣波動,,,LED元件殺價,,,轉型陣痛期(成品VS元件),,,從LED元件成功轉型做「車燈模組」，直接供應給車廠，毛利與穩定度大幅提升。
3576,聯合再生,上市光電,,,台灣太陽能龍頭，系統整合者,太陽能電池,,,組件銷售,,,電廠經營,,,政策補助,,,矽片成本,,,電廠標案,,,大陸廉價組件傾銷,,,土地開發限制,,,虧損,,,獲利受政策影響極大，適合題材性操作而非長抱
3563,牧德,上市光電,,,AOI封測星,PCB光學檢測(AOI),,,半導體檢測(CoWoS),,,Smart Camera,,,日月光(ASE)合作進度,,,載板/半導體設備營收,,,PCB景氣復甦,,,半導體驗證週期長,,,PCB資本支出縮減,,,新產品良率,,,PCB檢測龍頭，引進日月光入股後，全力進攻半導體先進封裝檢測設備。
3543,州巧,上市光電,,,金屬沖壓轉醫,光電沖壓件,,,輪椅/醫療床,,,居家金屬製品,,,醫療輔具營收,,,面板景氣,,,越南廠產能,,,面板需求衰退,,,醫療認證慢,,,原料鋼價波動,,,從面板沖壓件轉型做「高階輪椅」與醫療床，試圖擺脫面板業的循環週期。
3535,晶彩科,上市光電,,,面板設備商,面板AOI檢測設備,,,Micro LED設備,,,RFID,,,面板廠資本支出(尤其是陸廠),,,Micro LED擴產潮,,,在手訂單金額,,,面板擴產停滯,,,設備驗收週期長,,,客戶集中度高,,,主要做面板前段檢測設備，高度依賴中國面板廠(如京東方)的擴產週期。
3504,揚明光,上市光電,,,利基型投影與微投技術專家,微投光學模組,,,工業應用,,,車用HUD,,,投影機景氣,,,AR眼鏡開發,,,毛利率,,,終端需求不振,,,研發回收慢,,,市場規模小,,,股性較冷，期待 AR 與車用抬頭顯示器的爆發力
3481,群創,上市光電,,,靈活的面板大廠，推動「非面板」轉型,電視面板,,,車用電子,,,半導體面板級封裝,,,面板庫存水位,,,FOPLP進度,,,折舊費用,,,價格競爭,,,全球消費力下降,,,面板報價跌,,,關注其半導體封裝轉型成效，這將是估值提升關鍵
3454,晶睿,上市光電,,,安控資優生,網路攝影機(IP Cam),,,NVR錄影機,,,AI安控軟體,,,NDAA轉單效應,,,代工/品牌營收比重,,,AI雲端服務收入,,,中國海康威視低價競爭,,,全球企業安控預算縮減,,,晶片缺料,,,台達電集團成員，受惠中美貿易戰下的NDAA轉單，積極發展AI安控解決方案。
3437,榮創,上市光電,I023060,,鴻海LED兵,LED封裝(背光/車用),,,Mini LED,,,感測元件,,,鴻海/夏普訂單,,,Mini LED滲透率,,,車用佔比,,,面板景氣低迷,,,技術差異化不足,,,集團策略調整,,,鴻海集團的LED廠，主要供應集團內的面板與車用需求，營運較無獨立爆發力。
3406,玉晶光,上市光電,J000370,,蘋果供應鏈要角，VR/AR 先行者,iPhone前/後鏡頭,,,VR光學元件,,,手機模組,,,蘋果訂單份額,,,VR設備出貨量,,,良率,,,良率波動,,,產能擴充壓力,,,大立光價格戰,,,成長性來自 VR/AR 領域，股價波動較大立光高
3356,奇偶,上市光電,,,軟體安控廠,安控軟體(VMS),,,IP Cam,,,AI人臉辨識,,,北美市場營收,,,軟體授權收入,,,毛利率(軟體高),,,硬體殺價競爭,,,AI演算法更新速度,,,市場規模受限,,,與晶睿不同，奇偶更偏向「軟體研發」，毛利較高但營收規模較小，主攻北美市場。
3149,正達,上市光電,,,鴻海玻璃匠,3D玻璃(車用/建築),,,光學玻璃,,,指紋辨識玻璃,,,車用3D玻璃出貨,,,建築玻璃訂單,,,鴻海電動車進度,,,消費電子玻璃需求減,,,新廠折舊壓力,,,良率控制不易,,,鴻海集團成員，專攻高難度的3D玻璃，現在寄望於電動車儀表板與智慧建築玻璃。
3059,華晶科,上市光電,,,邊緣AI視覺,AI影像晶片(ISP),,,車用鏡頭,,,醫療材,,,機器人視覺/車用ISP出貨,,,醫療代工營收,,,毛利率,,,消費相機消失(已轉型),,,AI晶片研發燒錢,,,車用認證慢,,,早已不是做相機的，現在是「Edge AI」影像處理晶片與車用視覺系統的技術提供者。
3051,力特,上市光電,,,偏光片轉機,車用偏光片,,,VR/AR偏光片,,,太陽眼鏡,,,車用營收佔比,,,日圓匯率,,,轉型利基市場成效,,,面板景氣拖累,,,財務重整後的體質,,,單一產品風險,,,曾歷經財務危機，現轉型專攻車用與VR等高毛利偏光片，獲利體質大幅改善。
3050,鈺德,上市光電,,,光碟轉餐飲,預錄光碟(舊業),,,餐飲(怡客咖啡/洋城),,,綠能,,,餐飲事業營收,,,光碟本業現金流,,,綠能電廠貢獻,,,實體光碟消失,,,餐飲競爭激烈,,,轉型投資複雜,,,本業光碟已死，現在像是一間「控股公司」，旗下有連鎖餐飲與綠能事業。
3049,精金,上市光電,,,面板小老虎,觸控感測器,,,中小尺寸面板,,,電子標籤,,,自有產能稼動率,,,中小面板報價,,,新技術(電子紙)應用,,,面板景氣波動,,,技術規格落後,,,長期虧損/減資,,,前身是「和鑫」，配合彩晶做中小尺寸觸控，營運起伏大，屬於投機型轉機股。
3038,全台,上市光電,,,工控顯示器,工控/醫療面板,,,智慧家庭顯示器,,,廚房家電面板,,,歐美工控訂單,,,醫療面板認證,,,毛利率(穩定),,,歐美經濟衰退,,,匯率波動,,,利基市場成長慢,,,專做「少量多樣」的利基型面板(如高級廚具螢幕)，獲利與配息長年穩定，不受消費性市場干擾。
3031,佰鴻,上市光電,,,利基LED老店,不可見光LED(感測),,,路燈標案,,,航太照明,,,利基型產品佔比,,,公共工程標案進度,,,客機交機量(閱讀燈),,,一般LED殺價,,,匯率波動,,,營收成長動能不足,,,退出紅海市場，專攻客機機艙照明、路燈與感測等利基應用，獲利回穩。
3024,憶聲,上市光電,I023680,,資產歌林股,歌林品牌家電(Kolin),,,資產開發(中壢智匯科技園區),,,電子通路,,,智匯科技園區銷售/租金,,,家電銷售量,,,資產重估,,,家電市場飽和,,,資產開發進度延宕,,,本業獲利微薄,,,買這檔主要看「中壢智匯科技園區」龐大的資產開發利益，家電本業僅是維持現金流。
3019,亞光,上市光電,J001240,,跨足車用與雷射的多元光學廠,車用鏡頭,,,雷射測距,,,數位相機/掃描,,,車用訂單佔比,,,G+P(玻塑混合)進度,,,匯率,,,產品線過雜,,,毛利偏低,,,數位相機衰退,,,受益於車用與 AI 監控需求，轉型成效正逐漸顯現
3008,大立光,上市光電,,,鏡頭界的技術孤傲者，追求極致規格,高階手機鏡頭,,,專利授權,,,車用鏡頭,,,潛望式鏡頭滲透率,,,毛利率,,,良率,,,智慧機飽和,,,競爭者追趕,,,研發費用高,,,股王代表，毛利率是否重回 60% 是觀察重點
2491,吉祥全,上市光電,,,強固電腦代工,強固型筆電/平板(Durabook),,,軍工/警用訂單,,,系統組裝,,,國防預算與標案,,,毛利率,,,每股淨值,,,市場競爭(神基/融程電),,,流動性風險,,,單一客戶依賴,,,專攻強固型電腦代工，與神基類似但規模較小，近年轉虧為盈。
2489,瑞軒,上市光電,,,機器人與Vizio,電視/音響代工,,,服務型機器人,,,轉投資(Vizio/Web3),,,Vizio股價波動(業外),,,機器人出貨量,,,電視代工毛利,,,面板價格波動,,,業外投資評價損失,,,本業獲利不穩,,,本業電視代工平平，股價波動常來自業外投資(如Vizio)或新題材(機器人/Web3)的炒作。
2486,一詮,上市光電,,,散熱均熱板與 LED 導線架的轉機股,均熱板(VC),,,LED導線架,,,陶瓷基板,,,AI伺服器散熱需求,,,散熱片毛利,,,產能,,,傳統業務衰退,,,新產品驗證延遲,,,庫存,,,轉型 AI 散熱有成，已從傳統 LED 股翻身為散熱概念股
2466,冠西電,上市光電,,,光電繼電器,光耦合器,,,固態繼電器,,,太陽能模組,,,自動化設備需求,,,太陽能案場貢獻,,,毛利率,,,中國產能競爭,,,景氣循環敏感,,,太陽能政策變動,,,主要做光電繼電器與光耦合器，應用於工業自動化，另有太陽能電廠收益。
2438,翔耀,上市光電,,,AI算力租賃,AI算力租賃(AICC),,,玻璃薄化(舊業),,,電商,,,AI伺服器上線數量,,,算力出租率,,,新經營團隊策略,,,本業長期虧損,,,AI算力投資燒錢,,,轉型成效不明,,,2024年宣布轉型做「AI算力中心(AICC)」，股價因此暴漲，但實質獲利仍待財報檢驗，投機性極高。
2429,銘旺科,上市光電,,,玻璃轉綠能,光電玻璃,,,太陽能板,,,綠能工程,,,新經營權動向,,,太陽能標案,,,玻璃本業狀況,,,長期虧損,,,經營權變動頻繁,,,全額交割風險,,,本業玻璃長期不振，近年試圖轉型太陽能與綠能工程，但體質尚未明顯改善。
2426,鼎元,上市光電,,,感測元件老廠,感測元件(光電晶體/二極體),,,LED發光元件,,,通訊元件,,,感測器市場需求,,,車用/工控佔比,,,轉投資(惠特)持股價值,,,LED紅海競爭,,,晶圓代工成本,,,技術層次較低,,,台灣最大的感測元件製造商之一，也是飆股「惠特」的大股東，潛在持股利益可觀。
2409,友達,上市光電,,,轉型中的面板巨頭，進攻車用與醫療,大尺寸面板,,,車用顯示方案,,,能源事業,,,面板報價(TV/IT),,,產能利用率,,,資本支出,,,產能過剩,,,大陸廠商價格戰,,,折舊壓力,,,景氣循環股，適合在面板報價回升初期布局
2406,國碩,上市光電,,,太陽能EPC,太陽能導電鍩漿(碩禾),,,太陽能電廠工程(EPC),,,儲能,,,碩禾獲利貢獻,,,EPC工程案量,,,綠能政策,,,矽晶圓本業收攤成本,,,轉投資波動,,,政策風險,,,已退出矽晶圓製造，轉型做電廠工程(EPC)與儲能，主要價值在於持有「碩禾」的股權。
2393,億光,上市光電,,,LED 封裝龍頭，獲利最穩健的選手,LED照明,,,車用元件,,,不可見光(紅外線),,,不可見光需求,,,車用佔比,,,毛利率,,,照明市場殺價,,,原物料成本,,,匯率,,,現金流穩定，是 LED 產業中少數能穩定配息的公司
2374,佳能,上市光電,,,邊緣AI相機,AI光學鏡頭,,,邊緣運算攝影機,,,車用相機,,,AI專案營收,,,城市安控訂單,,,毛利率,,,數位相機消失(已轉型),,,AI營收佔比仍低,,,匯率波動,,,成功從數位相機代工轉型為「Edge AI」攝影機廠，是Nvidia AI城市地圖中的合作夥伴。
2349,錸德,上市光電,,,光碟老牌，轉型長照與儲存方案,儲存媒體,,,長照服務,,,特用化學,,,歸檔光碟(AD)訂單,,,轉投資獲利,,,毛利率,,,負債比率,,,本業獲利難度,,,轉型過慢,,,具備轉機題材，但本業獲利仍待觀察
2323,中環,上市光電,,,光碟片霸主，轉身成為股市操盤手,光碟片銷售,,,投資收益,,,餐飲育樂,,,業外投資損益,,,歸檔光碟需求,,,權益法投資,,,本業萎縮,,,投資踩雷,,,轉投資事業虧損,,,股價與業外投資（如長榮&陽明）連動高，需關注其持股
TSE35,通信網路,上市通信網路,,,,,,,,,,,,,,,,,,,,,,,,,,,,,,,
8101,華冠,上市通信網路,,,轉型掙扎者,手機代工(極少),,,租賃收入,,,新事業嘗試,,,每股淨值,,,全額交割解除進度,,,主要客戶訂單,,,財務危機(下市風險),,,本業長期虧損,,,轉型方向不明,,,昔日手機代工大廠，現已邊緣化，僅適合賭「借殼上市」或資產活化題材的高風險投機者。
8011,台通,上市通信網路,I023590,,光纖鋪路工,光纖電纜,,,電力線材,,,台智網轉投資,,,台電強韌電網標案,,,光纖到府(FTTH)滲透率,,,銅價(原料成本),,,政府標案延宕,,,轉投資弊案陰影,,,原物料價格暴漲,,,雖歸類網通，其實更像「電線電纜股」，跟著政府基礎建設與台電預算走。
6863,永道-KY,上市通信網路,I023510,,物聯網標籤王,RFID Inlay(標籤),,,物流標籤,,,零售服飾標籤,,,Uniqlo/Decathlon展店數,,,RFID滲透率,,,產能擴充速度,,,零售業庫存調整,,,晶片缺貨(偶發),,,新技術替代,,,全球最大的RFID標籤ODM廠，只要無人商店與智慧物流趨勢不變，它就是長多格局。
6792,詠業,上市通信網路,,,導航鯊魚鰭,壓電陶瓷元件,,,GPS天線(鯊魚鰭),,,超音波感測,,,全球車市銷量,,,日系客戶訂單,,,精準定位需求,,,車用供應鏈砍單,,,新競爭者加入,,,壓電材料成本,,,擁有特殊的「壓電陶瓷」技術，在車用導航天線領域有強大的護城河。
6674,鋐寶科技,上市通信網路,I023510,,仁寶網通子,纜線數據機(DOCSIS),,,機上盒,,,WiFi路由器,,,歐洲運營商標案,,,Broadcom晶片供應,,,仁寶集團資源,,,有線電視剪線潮(Cord-cutting),,,庫存去化速度,,,匯率波動,,,仁寶集團的小金雞，專攻歐洲有線電視運營商，但受制於寬頻技術世代交替。
6442,光聖,上市通信網路,J001460|I023590,,數據中心光被動元件的轉機股,光通訊連接器,,,光纖跳線,,,濾波器,,,北美客戶訂單,,,CPO(共同封裝)進度,,,毛利,,,產品同質化競爭,,,單一客戶拉貨減,,,良率,,,受益於北美數據中心大擴建，近期獲利爆發力強
6426,統新,上市通信網路,J000030|J001460|I023590,,光纖濾鏡師,薄膜濾光片(DWDM),,,光主動元件,,,5G基地台,,,美國基建法案進度,,,光通訊客戶(Finisar)訂單,,,5G基地台佈建速度,,,美中貿易戰(客戶受限),,,光通訊庫存調整,,,新技術(矽光子)排擠,,,位於光通訊產業鏈上游，獲利爆發力強，但極度依賴5G基礎建設的資本支出週期。
6416,瑞祺電通,上市通信網路,J000170,,資安守門員,網路安全伺服器,,,SD-WAN設備,,,OT工控資安,,,樺漢(鴻海)集團資源,,,歐美企業資安預算,,,訂單能見度,,,晶片缺料風險,,,企業縮減IT支出,,,匯率波動,,,鴻海/樺漢集團成員，專做「網路安全硬體」，是駭客攻擊頻傳趨勢下的受惠股。
6285,啟碁,上市通信網路,J000620|I023390|I023510,,車用與低軌衛星的網通全才,車用聯網模組,,,低軌衛星天線,,,5G CPE,,,車用訂單佔比,,,Starlink出貨,,,網通升級潮,,,毛利偏低,,,研發費用激增,,,地緣政治供應鏈,,,產品線最均衡，受益於美國基礎建設與太空通訊
6216,居易,上市通信網路,I023510,,SMB路由器精品,企業級路由器(Vigor),,,VPN設備,,,防火牆,,,歐洲中小企業景氣,,,毛利率(長期高標),,,新產品(WiFi 7)滲透,,,歐洲經濟衰退,,,晶片成本上升,,,市場規模受限(利基型),,,不拚量大，專攻高毛利的中小企業(SMB)市場，獲利極穩，是網通界的隱形冠軍。
6152,百一,上市通信網路,,,低軌衛星老兵,機上盒(STB),,,低軌衛星接收器,,,頭端設備,,,低軌衛星客戶訂單,,,STB出貨量,,,匯率,,,有線電視衰退,,,紅色供應鏈低價競爭,,,轉型速度過慢,,,傳統機上盒業務萎縮中，市場期待全在「低軌衛星」地面接收設備的轉機。
6142,友勁,上市通信網路,I023510,,友訊的代工手,交換器代工,,,無線路由器,,,企業級AP,,,友訊(D-Link)下單量,,,產能利用率,,,毛利率保衛戰,,,主要客戶轉單,,,原料成本無法轉嫁,,,規模經濟不足,,,主要依賴大股東友訊的訂單，毛利長期在損益邊緣掙扎，缺乏獨立議價能力。
6136,富爾特,上市通信網路,I023630,,數位行銷仲介,通訊產品經銷,,,數位娛樂行銷,,,各種票券服務,,,主要代理線(中華電信/LINE),,,轉投資收益,,,毛利率,,,代理權變動,,,電商平台競爭,,,本業成長停滯,,,雖掛通信網路股，實質是數位行銷與通路商，獲利平穩但缺乏爆發性題材。
5388,中磊,上市通信網路,I023510,,軟硬體整合的電信端設備專家,小型基地台,,,光纖接取(PON),,,智慧家庭,,,印度基建需求,,,企業級產品比重,,,庫存天數,,,印度市場毛利較低,,,庫存去化慢,,,競爭加劇,,,全球布局分散，積極搶占新興市場 5G 轉型紅利
4977,眾達-KY,上市通信網路,J000030|J001460,,高階光收發模組的先驅,光收發模組,,,32G/64G儲存網,,,CPO研發,,,800G量產進度,,,博通合作關係,,,資本支出,,,技術更迭過快,,,研發回收期長,,,匯損風險,,,處於技術轉換期，未來觀察矽光子與 CPO 技術落地
4906,正文,上市通信網路,I023510,,直供電信大廠,WiFi路由器/模組,,,光纖設備(PON),,,5G CPE,,,歐美電信商資本支出,,,WiFi 7換機潮,,,越南廠產能,,,美國基建補貼政策(BEAD),,,庫存跌價損失,,,運費波動,,,跳過品牌廠直接供應給電信運營商(Direct account)，毛利較佳，是WiFi 7升級潮的主要受惠者。
4904,遠傳,上市通信網路,,,專注 AI 轉型與大數據的電信商,行動通信,,,遠傳friDay影音,,,企業雲端,,,合併亞太電綜效,,,新經濟營收佔比,,,毛利率,,,5G 設備折舊,,,用戶轉單風險,,,兩岸政策連動,,,合併後市佔提升，積極發展 AI 與雲端等新經濟事業
3704,合勤控,上市通信網路,I023510,,國防網通雙刀,品牌(Zyxel),,,代工(盟創),,,國防標案,,,歐美電信商庫存去化,,,國防預算金額,,,毛利率(OBM vs ODM),,,庫存水位過高,,,歐洲經濟疲弱,,,資安漏洞事件(品牌商譽),,,台灣少數擁有自有品牌(Zyxel)且能吃到國防訂單的網通集團，股性較牛皮。
3694,海華,上市通信網路,I023510,,模組快手,無線通訊模組(WiFi/BT),,,影像辨識模組,,,AI PC題材,,,PC/筆電出貨量,,,和碩集團策略,,,WiFi 7滲透率,,,消費性電子需求疲弱,,,晶片原廠(Broadcom/Intel)策略,,,同業價格戰,,,和碩集團成員，主要做模組封裝，與PC/筆電景氣高度連動，近期搭上AI PC題材。
3669,圓展,上市通信網路,,,遠距會議星,視訊會議系統,,,教育科技產品,,,醫療攝影機,,,企業混合辦公需求,,,教育標案預算,,,新產品(醫療/AI)佔比,,,疫情紅利消退,,,企業縮減差旅與IT預算,,,市場競爭加劇,,,疫情期間的飆股，現在回歸基本面，正努力開拓醫療與AI追蹤攝影機新藍海。
3596,智易,上市通信網路,I023510,,專攻電信商代工的穩健型選手,寬頻閘道器,,,行動通信,,,數位家庭,,,歐洲/印度需求,,,新產品認證,,,營業利益率,,,代工毛利稀薄,,,匯率波動,,,關鍵零件漲價,,,獲利極其穩定，是仁寶集團旗下的網通績優生
3447,展達,上市通信網路,I023510,,光纖最後一哩,光纖寬頻設備,,,機上盒,,,AI智慧家庭,,,美國基建標案,,,大客戶(群創/與美系客戶)關係,,,越南產能,,,主要客戶砍單,,,匯率風險,,,股權集中度高(流動性),,,群創入主後體質改善，主攻美國光纖基礎建設，股性較為活潑。
3419,譁裕,上市通信網路,,,基地台天線工,基地台天線,,,車用天線,,,WiFi天線,,,5G基地台建置量,,,網通廠(中磊/智易)訂單,,,新竹廠產能,,,5G布建放緩,,,原物料(銅/鋁)漲價,,,產品技術門檻低,,,台灣主要的天線專業廠，但受限於電信商5G建設速度放緩，營運缺乏亮點。
3380,明泰,上市通信網路,I023510,,佳世達艦隊,交換器(Switch),,,車用雷達,,,無線寬頻,,,佳世達集團綜效,,,車用產品佔比,,,400G/800G交換器進度,,,併購整合陣痛期,,,庫存去化緩慢,,,企業支出縮減,,,佳世達入主後積極整合(併仲琦)，試圖從純網通跨足車用雷達與AI伺服器交換器。
3311,閎暉,上市通信網路,I022020,,車用機構轉型,車用機構件,,,穿戴式裝置零組件,,,遊戲機機構,,,光寶集團資源,,,車用營收佔比,,,毛利率改善幅度,,,手機按鍵消失(歷史包袱),,,單一客戶依賴,,,匯率波動,,,從手機按鍵廠成功轉型為車用與穿戴機構件，光寶集團持股，獲利已趨穩健。
3138,耀登,上市通信網路,,,天線設計與射頻檢測的利基者,5G天線模組,,,量測設備代理,,,手機檢測,,,低軌衛星訂單,,,5G基站標案,,,毛利率,,,標案入帳不穩,,,研發成本高,,,代理權變動,,,技術門檻高，天線技術受益於衛星與工控需求
3062,建漢,上市通信網路,,,鴻海衛星夢,低軌衛星地面設備,,,WiFi路由器,,,中小企業網通,,,鴻海集團衛星策略,,,主要客戶(CyberTAN)訂單,,,越南廠效率,,,鴻海集團資源分配不均,,,衛星業務營收佔比低,,,毛利長期低迷,,,鴻海在網通與低軌衛星的重要佈局，但轉型績效一直不如預期，股價常隨消息面波動。
3047,訊舟,上市通信網路,,,印度市場先鋒,企業網通(Edimax),,,電信專案,,,子公司(康全電訊)獲利,,,印度市場營收成長率,,,康全電訊貢獻度,,,主要標案進度,,,印度政策風險,,,庫存控管不易,,,子公司營運波動,,,深耕印度市場多年有成，加上子公司康全電訊的貢獻，是少數在非歐美市場有亮點的網通廠。
3045,台灣大,上市通信網路,,,跨足電商與影音的電信整合者,電信服務,,,momo購物營收,,,加值影音,,,momo獲利率,,,合併台灣之星綜效,,,ARPU,,,零售景氣下滑,,,合併整合成本,,,頻譜爭議,,,具備「電信+零售」雙引擎，獲利多元化
3027,盛達,上市通信網路,,,儲能轉型黑馬,通訊設備,,,儲能系統整合(ESS),,,綠能投資,,,儲能案場併網量,,,台電AFC標案,,,通訊本業毛利,,,儲能政策變動,,,電池成本波動,,,新事業現金流控管,,,從老牌網通廠華麗轉身為「儲能概念股」，目前市場估值主要看儲能業務的成長性。
3025,星通,上市通信網路,J001450,,關鍵任務通訊,MCC通訊網路(電力/鐵道),,,骨幹網路設備,,,資安加密,,,政府基礎建設標案,,,高毛利(>50%),,,標案入帳週期,,,標案延宕風險,,,新興市場匯率,,,產品替代週期長,,,專做「不能斷線」的關鍵通訊(如高鐵、電網)，毛利極高，但營收起伏取決於大型標案入帳。
2498,宏達電,上市通信網路,,,虛擬實境(VR)與元宇宙的追夢者,VR頭盔,,,VIVERSE平台,,,手機授權,,,VR設備出貨量,,,研發費用,,,專利收入,,,長期虧損,,,研發燒錢速度,,,市佔率下滑,,,屬於題材驅動股，需觀察生態系獲利能否落實
2485,兆赫,上市通信網路,,,衰退的LNB王,降頻器(LNB),,,機上盒(STB),,,光纖設備,,,DirecTV訂單變化,,,產能利用率,,,轉型新產品進度,,,串流媒體取代衛星電視,,,最大客戶營運衰退,,,長期虧損,,,曾是衛星電視時代的霸主，但隨著Netflix興起、衛星電視式微，營運長期陷入困境。
2455,全新,上市通信網路,,,射頻與光通訊的材料上游,砷化鎵磊晶,,,VCSEL(感測),,,光纖磊晶,,,手機 PA 需求,,,AI 相關光學零件,,,毛利率,,,手機市場疲軟,,,大陸國產化競爭,,,原料報價,,,手機回溫與 AI 光纖傳輸雙題材，是產業領先指標
2450,神腦,上市通信網路,,,中華電信櫃台,手機/家電銷售,,,中華電信門號佣金,,,保險代銷,,,iPhone新機銷量,,,中華電信資費政策,,,單店坪效,,,電商搶食市佔,,,換機週期延長,,,母公司(中華電)政策改變,,,中華電信子公司，營收超高但毛利低，獲利穩定如同債券，適合純領息族。
2444,兆勁,上市通信網路,,,網通記憶體混血,網通設備製造,,,記憶體模組買賣,,,物聯網應用,,,記憶體報價,,,網通訂單能見度,,,財務結構,,,業務雜亂缺乏聚焦,,,記憶體價格波動風險,,,經營層變動,,,業務橫跨網通與記憶體買賣，營收波動大且毛利不穩，較難以本益比評估。
2439,美律,上市通信網路,,,電聲元件大廠，耳機與手機的零件商,藍牙耳機,,,手機揚聲器,,,助聽器,,,iPhone 銷量,,,耳機新案入帳,,,毛利率,,,客戶砍價壓力,,,消費性電子疲弱,,,匯損,,,跟隨手機與穿戴裝置循環，獲利波動較大
2424,隴華,上市通信網路,,,海上賭徒,海事衛星通訊,,,視訊監控,,,代理業務,,,自有衛星頻寬銷售,,,漁船裝機數量,,,營運現金流,,,自建衛星平台燒錢快,,,服務推廣不如預期,,,財務流動性風險,,,賣掉廠房全力押注「海事衛星」服務，試圖做海上的中華電信，屬高風險轉型股。
2419,仲琦,上市通信網路,,,明泰的寬頻手,纜線數據機(Cable Modem),,,WiFi延伸器,,,雲端管理軟體,,,北美運營商資本支出,,,明泰集團整合效益,,,越南廠良率,,,DOCSIS規格升級延遲,,,有線電視用戶流失,,,原料漲價,,,已被明泰併購，專攻Cable Modem，與母公司明泰進行資源整合中。
2412,中華電,上市通信網路,,,台灣電信老大哥，數位基建的公務員,行動通訊(5G),,,寬頻上網,,,資通訊標案,,,ARPU(每用戶平均收入),,,5G滲透率,,,股息率,,,資費殺價競爭,,,基礎建設支出過高,,,折舊壓力,,,景氣波動下的避風港，適合長期存股
2345,智邦,上市通信網路,,,全球白牌交換器王者，AI 流量推手,400G/800G交換器,,,AI加速卡,,,智慧網卡,,,CSP(雲端廠)資本支出,,,800G出貨佔比,,,毛利,,,客戶過於集中,,,零組件缺料,,,高本益比修正,,,AI 算力帶動數據交換需求，是高速網路升級首選
2332,友訊,上市通信網路,,,老牌路由器王,D-Link品牌銷售,,,雲端服務,,,企業解決方案,,,全球市佔率,,,新興市場匯率,,,品牌溢價能力,,,中國低價品牌(TP-Link)夾殺,,,組織調整頻繁,,,產品差異化不足,,,台灣最知名的網通品牌，但近年飽受中國品牌低價競爭，正試圖透過「台灣製造(MIT)」與資安訴求突圍。
2321,東訊,上市通信網路,,,東元通訊兵,電信系統整合,,,企業通訊設備,,,東元集團業務,,,東元集團標案,,,5G企業專網案量,,,毛利率改善,,,市場邊緣化,,,缺乏核心新產品,,,長期虧損,,,東元集團旗下，主要做代工與系統整合，近年營運缺乏明顯動能，股性冷門。
2314,台揚,上市通信網路,,,鴻海衛星夢工廠,VSAT衛星設備,,,LNB,,,O-RAN開放架構,,,低軌衛星客戶(Telesat/Dish)進度,,,O-RAN標案營收,,,虧損收斂狀況,,,新技術(O-RAN)雷聲大雨點小,,,研發費用過高,,,增資壓力,,,技術實力強(鴻海入主)，題材滿滿(低軌衛星+O-RAN)，但財報數字長期赤字，標準的「做夢股」。
TSE36,電子零組件,上市電子零組件,,,,,,,,,,,,,,,,,,,,,,,,,,,,,,,
8249,菱光,上市電子零組件,,,CIS感測器老將,接觸式影像感測器(CISM),,,紅外線熱影像,,,東元集團轉投資,,,多功能事務機(MFP)銷量,,,東元集團經營權動向,,,感測元件報價,,,無紙化趨勢(印表機衰退),,,技術門檻低,,,集團內部資源分配,,,本業做印表機掃描元件很冷門，股價波動通常來自「東元集團」股權之爭。
8213,志超,上市電子零組件,I023230,,光電板第一人,光電板(TFT-LCD PCB),,,NB板,,,資訊板,,,面板產業景氣,,,全球筆電出貨量,,,銅價成本,,,面板廠減產/關廠,,,中國同業殺價,,,HDI技術落後,,,全球最大的光電板廠，獲利極度依賴面板與筆電景氣，高殖利率是特色。
8103,瀚荃,上市電子零組件,I023340|I023350,,連接器轉型家,電源/傳輸連接器,,,光電/綠能連接器,,,工業電子,,,AI伺服器電源連接器佔比,,,自動化設備訂單,,,庫存去化狀況,,,消費性電子疲弱,,,客戶認證延遲,,,原料(銅)價格波動,,,積極切入AI伺服器電源與綠能應用，試圖擺脫消費性電子的紅海。
8046,南電,上市電子零組件,,,ABF載板循環股,ABF載板(高階),,,BT載板,,,PCB,,,ABF產能利用率,,,先進封裝需求,,,日圓匯率,,,ABF供過於求,,,價格戰,,,折舊壓力,,,成也ABF敗也ABF，景氣循環極其劇烈，投資需緊盯載板報價。
8039,台虹,上市電子零組件,,,軟板材料王,軟性銅箔基板(FCCL),,,保護膠片,,,高頻高速材料,,,iPhone新機備貨量,,,主要客戶(台郡/臻鼎)展望,,,PI膜報價,,,蘋果銷量下滑,,,中國手機市場內捲,,,新材料(MPI/LCP)替代,,,全球前三大FCCL廠，業績與蘋果(Apple)新品發表會高度連動。
6835,圓裕,上市電子零組件,,,軍工規軟板,雙層板/多層軟板,,,軍工/航太線束,,,電池連接線,,,軍工訂單能見度,,,商用筆電/平板銷量,,,越南廠產能,,,單一客戶佔比高,,,國防預算變動,,,匯率風險,,,不同於消費性軟板，專攻「軍工與商務型」高階市場，毛利較穩定。
6834,天二科技,上市電子零組件,I023370,,晶片電阻新兵,厚膜電阻,,,薄膜電阻,,,金屬板電阻,,,被動元件B/B值,,,車用佔比提升速度,,,經銷商庫存水位,,,大宗規格價格戰,,,中國產能過剩,,,原物料(陶瓷基板/貴金屬)漲價,,,專注於電阻領域，近年積極轉向車用與工控的高毛利產品。
6805,富世達,上市電子零組件,,,摺疊與伺服器,摺疊手機轉軸(Huawei),,,伺服器滑軌,,,筆電軸承,,,華為摺疊機銷量,,,伺服器滑軌認證,,,良率,,,單一客戶依賴,,,技術被模仿,,,高本益比修正,,,華為摺疊機的關鍵軍火商，現在切入「AI伺服器滑軌」，試圖複製川湖模式。
6781,AES-KY,上市電子零組件,J001510,,伺服器電池新星,伺服器備援電池(BBU),,,電動自行車電池,,,儲能,,,BBU在AI伺服器滲透率,,,LEV庫存去化,,,毛利率,,,單一客戶集中,,,LEV市場衰退,,,新電池技術替代,,,原本做腳踏車電池，因AI伺服器(GB200)需要龐大的BBU備援電池而爆紅。
6715,嘉基,上市電子零組件,I023340,,高速傳輸獨角獸,Thunderbolt傳輸線,,,光纖傳輸線,,,擴充基座(Docking),,,英特爾(Intel)新規格滲透率,,,筆電搭載Thunderbolt比率,,,伺服器內部線材訂單,,,PC市場衰退,,,單一技術(Intel)依賴,,,消費性電子庫存,,,嘉澤集團子公司，Intel Thunderbolt規格的主要推動者，高速傳輸趨勢的領頭羊。
6672,騰輝電子-KY,上市電子零組件,I023220,,特殊板材隱形冠軍,散熱鋁基板(車燈),,,軍工航太基板,,,高頻高速銅箔基板,,,軍工航太訂單,,,汽車散熱需求,,,毛利率(長期高於同業),,,一般銅箔基板殺價競爭,,,特殊認證失效,,,匯率波動,,,不做大宗紅海市場，專攻「散熱、軍工、航太」特殊板材，毛利是PCB族群前段班。
6449,鈺邦,上市電子零組件,J001030|I023370,,固態電容龍頭,捲繞式固態電容,,,晶片型電容(CAP),,,超級電容,,,主機板/顯卡出貨量,,,AI伺服器採用量,,,自動化生產良率,,,被動元件景氣循環,,,日系對手(Panasonic)降價,,,原料鋁價波動,,,全球最大的固態電容廠，AI伺服器與高階顯卡對固態電容需求大增是最大利多。
6412,群電,上市電子零組件,J000620|I023470,,電源資優生,筆電電源供應器,,,伺服器電源(AI),,,智慧建築系統,,,AI PC換機潮,,,高瓦數電源佔比,,,泰國廠產能,,,PC市場飽和,,,IC缺料風險,,,匯率波動,,,群光集團成員，獲利能力極強，正從筆電電源轉型至AI伺服器與智慧建築解決方案。
6282,康舒,上市電子零組件,J000170|J000620|J001240|I023470,,電源轉型,電源供應器,,,OmniOn(併購),,,綠能,,,併購綜效,,,AI伺服器電源佔比,,,毛利率,,,併購整合費用,,,消費電子疲弱,,,價格競爭,,,併購ABB旗下電源部門後，成為全球級電源廠，重點在能否打入高階伺服器供應鏈。
6269,台郡,上市電子零組件,,,蘋果軟板大戶,軟板(FPC),,,高頻傳輸模組,,,穿戴式裝置軟板,,,iPhone銷售量,,,MPI/LCP天線滲透率,,,高雄和發廠折舊,,,蘋果砍價壓力,,,過度依賴單一客戶,,,中國立訊/東山精密競爭,,,高度依賴蘋果訂單，近年受紅色供應鏈競爭與手機市場飽和影響，積極轉型車用與高頻傳輸。
6224,聚鼎,上市電子零組件,J000020|J000370|J001030|I023370,,保護元件專家,PPTC(高分子正溫係數熱敏電阻),,,散熱基板(TCSS),,,過電流保護,,,智慧手機/筆電需求,,,車用散熱基板認證,,,CLAD金屬板良率,,,美國TCLAD廠虧損收斂,,,消費電子去庫存,,,原料鎳/銅價格,,,PPTC全球龍頭，併購美國TCLAD後跨足散熱金屬基板，但整合陣痛期較長。
6213,聯茂,上市電子零組件,,,CCL追趕者,銅箔基板(網通/車用),,,多層板材料,,,手機背光板,,,AI伺服器(M6/M7)認證,,,車用CCL市佔,,,銅價,,,AI高階材料落後台光電,,,產能過剩,,,同業殺價,,,在AI高階材料落後同業，目前靠車用與中階網通材料支撐。
6205,詮欣,上市電子零組件,I023340|I023350,,車用連接器黑馬,車用連接器(ADAS/影音),,,工業控制,,,網通連接器,,,電動車滲透率,,,美系車廠(Tesla)訂單,,,自動駕駛等級升級,,,車市殺價競爭,,,消費性電子佔比仍高,,,匯率波動,,,從PC轉型車用相當成功的連接器廠，與Tesla及美系車廠關係緊密。
6197,佳必琪,上市電子零組件,I023350,,AI線束隱形冠軍,AI伺服器線束(DAC/ACC),,,光通訊連接線,,,IoT,,,Nvidia認證線束訂單,,,AI營收佔比,,,毛利率,,,客戶砍單風險,,,銅價成本,,,產能擴充瓶頸,,,輝達(Nvidia)認證的AI伺服器線束供應商，從傳統連接器廠轉型為高毛利AI軍火商。
6191,精成科,上市電子零組件,I023230|I023430,,PSAPCB戰艦,多層PCB(主機板/車用),,,PCBA組裝服務,,,車用板,,,華新集團(PSA)資源整合,,,馬來西亞廠產能,,,銅價成本轉嫁,,,PC景氣下行,,,車用晶片短缺,,,匯率波動,,,華新集團旗下，擁有PCB製造與PCBA組裝的一條龍優勢，獲利穩健且配息不錯。
6155,鈞寶,上市電子零組件,I023370,,鐵芯電感小兵,鐵芯(Core),,,積層晶片電感,,,線圈,,,電磁干擾(EMI)防治需求,,,網通設備出貨,,,被動元件景氣,,,原料氧化鐵價格,,,市場規模受限,,,中國低價競爭,,,專做電磁干擾防治的鐵芯與電感，股性冷門，適合長期領息。
6153,嘉聯益,上市電子零組件,,,軟板轉機股,軟板(FPC),,,細線路軟板,,,多層軟板,,,蘋果/非蘋手機訂單,,,產能利用率(觀音廠),,,良率改善幅度,,,長期虧損/獲利不穩,,,大規模擴廠後的折舊壓力,,,主要客戶轉單,,,產能很大但良率與管理一直是問題，經常處於虧損邊緣，屬高風險轉機股。
6141,柏承,上市電子零組件,I023230,,PCB利基廠,多層板,,,HDI,,,樣品板/快壓板,,,IC測試板訂單,,,昆山廠搬遷補償,,,南通廠產能利用率,,,中國手機市場疲弱,,,新廠折舊攤提,,,樣品板競爭激烈,,,除了量產板，也做高毛利的「樣品板/測試板」，近年受中國設廠變動影響大。
6133,金橋,上市電子零組件,I023340,,高頻線材廠,高頻傳輸線,,,醫療線束,,,車用線組,,,伺服器/網通訂單,,,銅價走勢,,,主要美系客戶需求,,,消費性電子衰退,,,匯率波動,,,原物料成本無法轉嫁,,,原本做消費性線材，近年切入伺服器與醫療領域，股性活潑。
6115,鎰勝,上市電子零組件,I023340,,電源線老店,電源傳輸線,,,插頭/插座,,,網路線,,,銅價LME走勢,,,家電/PC市場景氣,,,越南廠擴建進度,,,銅價暴漲侵蝕毛利,,,產品技術門檻低,,,紅色供應鏈競爭,,,全球產量最大的電源線廠之一，獲利與銅價呈反向關係，高殖利率定存股代表。
6108,競國,上市電子零組件,I023230,,PCB泰國通,雙面/多層PCB,,,車用板,,,記憶體模組板,,,泰國廠營運狀況,,,記憶體產業景氣,,,汽車供應鏈需求,,,泰國廠長期虧損/微利,,,消費性電子疲弱,,,關閉台灣廠後的轉型陣痛,,,重心已全數移往泰國廠，主要看記憶體與車用市場的回溫。
5469,瀚宇博,上市電子零組件,J000260|I023230,,NB板霸主,筆電PCB,,,伺服器/網通板,,,機上盒板,,,全球筆電出貨量,,,伺服器板佔比提升,,,轉投資(精成科)獲利,,,PC產業成熟成長低,,,層數低的板材毛利差,,,銅價波動,,,華新集團成員，全球最大的筆電PCB供應商，近年積極拉高伺服器與網通板比重以提升毛利。
4999,鑫禾,上市電子零組件,,,筆電樞紐廠,筆電樞紐(Hinge),,,伺服器滑軌,,,摺疊機構,,,筆電開蓋率(Hinge需求),,,摺疊機/平板新案,,,不鏽鋼價格,,,筆電市場衰退,,,同業(新日興/兆利)競爭,,,客戶砍價,,,主要做筆電樞紐，不像兆利或富世達有強大的摺疊機題材，股性較溫吞。
4989,榮科,上市電子零組件,,,銅箔老將,電解銅箔,,,鋰電池銅箔(少量),,,PCB銅箔,,,銅價加工費(TC/RC),,,PCB產業稼動率,,,電動車銅箔認證,,,中國銅箔產能過剩,,,加工費崩跌,,,單一產品風險,,,純度極高的銅箔廠，獲利完全取決於銅箔加工費的報價，景氣循環極其明顯。
4958,臻鼎-KY,上市電子零組件,J000170|I023230,,PCB世界航母,軟板/硬板/HDI/IC載板,,,Mini LED背光板,,,AI伺服器板,,,全球PCB市佔率,,,蘋果全系列產品銷量,,,泰國廠建置進度,,,規模過大成長趨緩,,,IC載板投資折舊,,,地緣政治(中國產能大),,,全球第一大PCB廠，什麼都做，Apple是最大客戶，現在全力衝刺AI伺服器與IC載板。
4943,康控-KY,上市電子零組件,,,聲學大起大落,電聲元件(矽膠),,,車用零部件,,,光學機構件,,,債務重整進度,,,車用訂單佔比,,,每股淨值回升,,,財務危機陰影,,,單一客戶(Apple)依賴歷史教訓,,,流動性風險,,,曾經的千元股王，因財務問題跌落神壇，現正努力透過車用業務轉型求生，風險極高。
4927,泰鼎-KY,上市電子零組件,I023230,,泰國PCB王,多層板(家電/電視),,,車用板,,,網通板,,,泰國廠產能利用率,,,韓系客戶(Samsung)訂單,,,東南亞轉單效應,,,消費性電子(TV)需求疲弱,,,新廠折舊壓力,,,匯率(泰銖/美金),,,生產基地全在泰國，是中美貿易戰下「China+1」策略的最大受惠者，但受韓系客戶影響大。
4915,致伸,上市電子零組件,I023410|I023680,,視覺與聲學整合,相機模組(車用/警用),,,聲學產品(耳機/喇叭),,,事務機,,,AI視覺邊緣運算,,,車用ADAS鏡頭出貨,,,聲學產品毛利,,,PC/手機市場飽和,,,新事業營收佔比仍低,,,匯率波動,,,從滑鼠鏡頭起家，現在轉型為「AI視覺」與「警用相機」的高階系統整合商，獲利穩健。
4912,聯德控股-KY,上市電子零組件,,,沖壓散熱高手,散熱模組(手機/伺服器),,,車用沖壓件,,,滑軌,,,AI伺服器散熱需求,,,健身器材訂單(曾是大宗),,,車用沖壓毛利,,,手機不鏽鋼均熱片需求減,,,客戶庫存調整,,,匯率波動,,,技術底子強(精密沖壓)，在手機散熱與車用金屬件有獨到之處，但營收波動較大。
4545,銘鈺,上市電子零組件,,,硬碟零組件,硬碟音圈馬達(VCM)沖壓件,,,散熱片,,,自動化設備,,,硬碟(HDD)市場需求,,,雲端資料中心硬碟採購,,,自動化設備訂單,,,SSD取代HDD趨勢,,,客戶集中度高,,,原料價格波動,,,主要做傳統硬碟(HDD)零件，雖然SSD興起，但雲端中心的大容量儲存仍需HDD。
3715,定穎投控,上市電子零組件,,,車用PCB資優生,車用PCB(HDI/厚銅),,,網通/伺服器PCB,,,顯示面板板,,,泰國廠產能,,,高階HDI佔比,,,電動車銷量,,,車市殺價競爭,,,中國車廠庫存,,,新廠折舊,,,專攻高階車用HDI板，獲利能力優於一般車用板廠，泰國新廠是成長關鍵。
3679,新至陞,上市電子零組件,,,塑膠機構精品,雙料射出成型,,,消費性電子機殼,,,車用塑膠件,,,歐美客戶(Amazon/Logitech)新品,,,模具開發收入,,,毛利率維持率,,,消費性電子疲弱,,,環保材質成本,,,單一客戶依賴,,,專做高難度的「雙料射出」，客戶都是歐美大廠，獲利與配息長年穩定。
3653,健策,上市電子零組件,J001240,,均熱片機皇,均熱片(Heat Spreader),,,ILM(CPU扣件),,,導線架,,,AI伺服器出貨量,,,AMD/Intel新平台滲透,,,銅價與毛利率,,,本益比過高(估值修正),,,伺服器資本支出削減,,,新技術(液冷)改變設計,,,AI伺服器必備的「散熱均熱片」與「CPU扣件」龍頭，護城河極深，股價也是族群中最高的。
3645,達邁,上市電子零組件,,,PI膜專家,聚醯亞胺薄膜(PI),,,軟板材料,,,石墨散熱片原材,,,智慧手機銷量,,,折疊手機(透明PI)滲透率,,,石墨片需求,,,PI膜價格競爭,,,原料PMDA價格,,,OLED面板採用率,,,全球前幾大的PI膜廠，關鍵在於折疊手機與人工石墨散熱片的需求爆發。
3607,谷崧,上市電子零組件,,,光學模具廠,塑膠射出(鏡頭/機殼),,,模具開發,,,耳機機構,,,手機鏡頭模組訂單,,,中國廠區整併效益,,,新客戶開發,,,手機市場衰退,,,紅色供應鏈低價搶單,,,長期虧損/轉型不易,,,過去是手機鏡頭模具大廠，近年受中國供應鏈崛起影響，營運辛苦。
3605,宏致,上市電子零組件,,,精密連接器,筆電/網通連接器,,,車用連接器,,,高速傳輸線,,,AI伺服器高速線(DAC/AOC),,,併購Genesis綜效,,,庫存去化,,,併購帶來的財務負擔,,,消費性電子佔比高,,,增資稀釋股權,,,積極透過併購擴大版圖，重點在切入工業與車用市場，以及AI伺服器的高速線材。
3593,力銘,上市電子零組件,,,電源轉換器,電源供應器,,,變壓器,,,塑膠射出,,,營收規模變化,,,轉型車用進度,,,毛利率,,,長期虧損,,,流動性不足,,,市場競爭力弱,,,規模較小的電源廠，近年營運起伏大，缺乏明顯的核心競爭力。
3550,聯穎,上市電子零組件,I023340,,傳輸線老兵,消費性傳輸線,,,電腦線材,,,特殊線材,,,銅價走勢,,,消費性電子景氣,,,庫存水位,,,產品技術門檻低,,,價格戰激烈,,,匯率風險,,,以消費性與電腦線材為主，屬於成熟產業，獲利隨景氣與銅價波動。
3533,嘉澤,上市電子零組件,,,插槽與扣件王,CPU Socket,,,DDR5連接器,,,PCIe連接器,,,伺服器新平台滲透率,,,ILM市佔率,,,毛利率,,,伺服器庫存調整,,,專利訴訟,,,原物料價格,,,做插槽做到股價千元，伺服器CPU與記憶體規格升級(DDR5)的最大受惠者。
3501,維熹,上市電子零組件,,,家電線材王,電源線(白色家電),,,電動車充電槍線,,,轉接頭,,,美國房市(家電需求),,,電動車充電樁佈建,,,銅價成本,,,銅價暴漲,,,匯率波動,,,主要客戶(Quirky/家電廠)庫存,,,正崴集團成員，主攻家電與3C電源線，近年切入電動車充電槍線材。
3432,台端,上市電子零組件,,,連接器轉投資,連接器,,,記憶體模組投資,,,基金投資,,,本業連接器獲利,,,業外投資基金損益,,,每股淨值,,,投資踩雷(曾因澳豐案重傷),,,本業長期虧損,,,管理層誠信風險,,,本業連接器已無存在感，公司像是一間「高風險投資公司」，曾因投資海外基金踩雷導致鉅額虧損。
3376,新日興,上市電子零組件,,,軸承老將,筆電/螢幕軸承,,,穿戴裝置,,,摺疊機研發,,,蘋果新品傳聞,,,產能利用率,,,毛利率,,,蘋果摺疊機延後,,,陸廠競爭,,,單一客戶依賴,,,永遠的「蘋果摺疊機概念股」，本業AirPods充電盒穩定，等待摺疊機爆發。
3338,泰碩,上市電子零組件,,,散熱轉機股,散熱模組,,,熱導管,,,連接器,,,比亞迪(BYD)訂單佔比,,,伺服器散熱營收,,,中國手機銷量,,,中國車市價格戰,,,消費性電子疲弱,,,可轉債賣壓,,,主要題材是「比亞迪概念股」，車用與伺服器散熱是未來成長雙引擎。
3321,同泰,上市電子零組件,,,軟板辛苦人,軟板,,,載板(Mini LED),,,SMT代工,,,Mini LED滲透率,,,揚州廠營運,,,韓系客戶訂單,,,長期虧損,,,資金周轉壓力,,,技術與規模不如大廠,,,欣興集團旗下，但營運長期陷入困境，主要寄望Mini LED載板的轉機。
3308,聯德,上市電子零組件,I023470,,電源轉型,交換式電源供應器,,,開放式電源,,,適配器,,,PC市場需求,,,伺服器電源佔比,,,毛利率變化,,,PC產業衰退,,,規模經濟不足,,,原物料成本,,,規模較小的電源廠，主要應用在PC與網通，獲利能力平平。
3296,勝德,上市電子零組件,I023470,,電源保護器,電源突波保護器,,,物聯網智慧插座,,,電源線,,,歐美房市與修繕需求,,,銅價成本,,,智慧家庭滲透率,,,客戶集中度高,,,運費波動,,,匯率風險,,,主要做電源保護插座，市場在歐美，與美國房市景氣連動性高。
3229,晟鈦,上市電子零組件,,,PCB與磷酸鋰鐵,PCB鑽孔墊板,,,磷酸鋰鐵電池材料,,,廢液回收,,,PCB產業稼動率,,,電池材料出貨量,,,新經營團隊策略,,,本業獲利不穩,,,轉型題材(電池)未兌現,,,股本小波動大,,,從PCB周邊轉型切入電池材料，目前仍在轉型陣痛期。
3092,鴻碩,上市電子零組件,,,顯示器線材王,訊號傳輸線(Monitor),,,車用充電線,,,高頻線,,,全球監視器出貨量,,,電動車充電線認證,,,銅價波動,,,面板/監視器產業衰退,,,切入車用速度慢,,,單一產品依賴,,,全球最大的監視器訊號線廠，高市佔率是護城河，也是成長天花板。
3090,日電貿,上市電子零組件,,,被動元件百貨,被動元件通路(電容/電感),,,代理Samsung/Kyocera,,,電容模組,,,被動元件報價,,,AI伺服器高階電容需求,,,高殖利率,,,原廠收回代理權,,,庫存跌價損失,,,終端需求急凍,,,台灣最大的被動元件通路商，不事生產，專做代理與調節庫存，獲利與配息極度穩定。
3058,立德,上市電子零組件,I023470,,電源轉型綠能,電源供應器,,,磁性元件,,,儲能/充電樁系統,,,轉投資綠能(儲能)進度,,,電動車充電樁標案,,,本業虧損收斂,,,轉型成效緩慢,,,本業長期低迷,,,綠能投資回收期長,,,老牌電源廠，本業辛苦，現在全力轉攻綠能、儲能與充電樁運營。
3044,健鼎,上市電子零組件,,,HDI板模範生,HDI板,,,汽車板,,,記憶體模組板,,,伺服器板,,,汽車電子化程度,,,記憶體與伺服器景氣,,,毛利率(控管能力極強),,,匯率波動,,,中國產能過剩,,,原材料上漲
3042,晶技,上市電子零組件,J000370,,頻率元件心臟,石英元件(Crystal/Oscillator),,,感測器,,,車用頻率元件,,,5G/WiFi 7滲透率,,,車用營收佔比,,,iPhone新機備貨,,,日系對手匯率競爭,,,手機市場飽和,,,價格侵蝕,,,全球頻率元件龍頭，只要是電子產品都需要石英元件，車用與AI是新動能。
3037,欣興,上市電子零組件,,,機殼電源雙刀,伺服器機殼,,,電源供應器,,,電競周邊(Cougar),,,AI伺服器機殼訂單,,,自有品牌電競銷量,,,毛利率提升,,,電競市場退燒,,,伺服器客戶砍單,,,匯率波動,,,從PC機殼轉型伺服器機殼與電源有成，加上自有電競品牌，獲利結構改善。
3032,偉訓,上市電子零組件,I023470,,機殼與電源,伺服器機殼,,,電源供應器,,,醫療床,,,雲端CSP機殼訂單,,,自有品牌電競,,,醫療床銷量,,,伺服器庫存調整,,,電競市場衰退,,,鋼價,,,主要獲利來自雲端伺服器機殼代工，醫療床提供穩定現金流。
3026,禾伸堂,上市電子零組件,,,MLCC獨行俠,積層陶瓷電容(MLCC),,,主動元件代理,,,系統模組,,,MLCC報價與B/B值,,,自製產品(高壓/高容)比重,,,高殖利率,,,標準品價格崩跌,,,代理線營收波動,,,景氣循環風險,,,擁有「自製MLCC」與「代理」雙引擎，專攻高壓/高容利基型電容，獲利比一般被動元件廠穩。
3023,信邦,上市電子零組件,,,客製化線束王,五大產業線束(MAGIC),,,綠能/車用/醫療/工業/通訊,,,客製化訂單比重,,,毛利率,,,庫存週轉,,,產能擴充速度,,,銅價,,,人力成本,,,專攻「少量多樣」的高毛利客製化線束，是連接器界的台積電。,,,
3021,鴻名,上市電子零組件,,,線材系統整合,連接線組(家電/車用),,,系統整合(SI),,,東南亞產能佈局,,,日系家電客戶訂單,,,SI標案入帳,,,銅價與匯率,,,家電市場飽和,,,SI專案延宕,,,人力成本上升,,,業務由「線材」與「系統整合」兩大塊組成，營運非常穩健，主要服務日系家電大廠。
3015,全漢,上市電子零組件,,,電源老字號,PC/IPC電源,,,電競電源,,,雲端/邊緣運算電源,,,電競PC換機潮,,,工業電腦(IPC)需求,,,與旭隼/佳世達合作,,,PC市場衰退,,,庫存管理壓力,,,毛利率競爭,,,老牌電源大廠，近年深耕工業電腦與電競高階電源，獲利持穩。
3011,今皓,上市電子零組件,,,連接線轉AI,連接線,,,AI伺服器相關業務(併購),,,車用線材,,,AI新事業營收貢獻,,,傳統線材虧損縮小,,,轉型題材炒作,,,本業長期不振,,,併購效益不明,,,股價波動與基本面脫鉤,,,本業是傳統線材，近期因併購切入AI伺服器平台題材而受市場關注，投機性高。
3003,健和興,上市電子零組件,,,綠能連接器,綠能/儲能端子,,,電動車充電槍,,,電工端子,,,電動車充電樁佈建,,,銅價LME走勢,,,儲能案場需求,,,銅價暴漲,,,中國車市殺價,,,匯率波動,,,專注於「電工端子」與「綠能應用」，是充電樁與儲能概念股的核心標的。
2493,揚博,上市電子零組件,,,PCB設備材料,PCB製程設備(濕製程),,,半導體封裝設備,,,藥水代理,,,ABF載板擴產進度,,,半導體先進封裝需求,,,高殖利率,,,PCB產業資本支出縮減,,,設備驗收遞延,,,代理權變動,,,主要做PCB濕製程設備與藥水代理，是高殖利率概念股的常客。
2492,華新科,上市電子零組件,,,被動元件二哥,MLCC,,,晶片電阻(R-Chip),,,射頻元件,,,被動元件B/B值,,,華新集團資源,,,車用佔比,,,標準品殺價競爭,,,日系大廠降價,,,庫存去化緩慢,,,華新集團旗下，與國巨並列台灣被動元件雙雄，股價隨被動元件景氣循環劇烈波動。
2484,希華,上市電子零組件,,,石英元件老二,石英振盪器,,,TSX(溫度補償),,,MEMS微機電,,,網通/物聯網需求,,,日本大真空(KDS)合作關係,,,台幣匯率,,,日圓大幅貶值(競爭對手優勢),,,消費電子疲弱,,,價格壓力,,,國內石英元件二哥，與日本大真空關係密切，營運穩健但爆發力較晶技小。
2483,百容,上市電子零組件,,,繼電器專家,繼電器,,,步進馬達,,,導線架,,,半導體導線架需求,,,智慧電表/家電訂單,,,台中新廠效益,,,銅價成本,,,中國房市/家電不振,,,新廠折舊壓力,,,主要做繼電器與導線架，近年擴建台中新廠切入半導體應用，試圖提升毛利。
2478,大毅,上市電子零組件,,,晶片電阻老將,晶片電阻,,,保護元件,,,感測元件,,,電阻報價,,,保護元件佔比提升,,,越南廠產能,,,標準型電阻殺價,,,原物料價格,,,匯率波動,,,國內晶片電阻大廠，近年積極拉高「保護元件」與「感測器」比重，以擺脫電阻殺價紅海。
2476,鉅祥,上市電子零組件,,,金屬沖壓王,精密金屬沖壓,,,電鍍,,,車用影像系統,,,車用鏡頭模組出貨,,,3C沖壓件佔比,,,新廠產能,,,金屬原料價格,,,模具開發速度,,,消費電子衰退,,,從傳統沖壓轉型到「車用光學」與「醫療」相當成功，技術底蘊深厚。
2472,立隆電,上市電子零組件,,,鋁電容資優生,鋁質電解電容,,,高分子固態電容,,,車用/工控電容,,,車用電子滲透率,,,電信基地台需求,,,毛利率維持率,,,日系對手競爭,,,原料鋁價波動,,,匯率風險,,,在鋁質電解電容領域僅次於日系大廠，深耕車用與電信市場，獲利能力優於同業。
2467,志聖,上市電子零組件,,,PCB設備王,PCB/載板設備,,,半導體先進封裝設備(CoWoS),,,面板設備,,,台積電CoWoS擴產,,,ABF載板廠資本支出,,,G2C聯盟綜效,,,半導體設備驗收延期,,,PCB景氣下行,,,景氣循環波動,,,G2C聯盟(志聖/均豪/均華)核心，搭上台積電CoWoS擴產列車，半導體設備營收佔比大增。
2462,良得電,上市電子零組件,,,電源線轉型,交流電源線(AC cord),,,電動車充電線,,,低軌衛星線材,,,主要客戶(Amazon/Dyson)訂單,,,低軌衛星/車用佔比,,,銅價成本,,,銅價劇烈波動,,,消費性電子需求減,,,匯率風險,,,積極淘汰低毛利訂單，轉攻高階家電與低軌衛星線材，獲利結構改善中。
2460,建通,上市電子零組件,,,端子業銅王,電器端子,,,異型導體銅材,,,銅回收,,,銅價LME走勢,,,異型銅材新產能,,,越南廠煉銅回收率,,,銅價暴跌(庫存損失),,,新產品認證慢,,,環保法規成本,,,原本做端子，現在向上游整合做「異型導體銅材」，試圖掌握原料與技術優勢。
2457,飛宏,上市電子零組件,J000170,,充電樁先鋒,電動車充電樁(馳諾瓦),,,電源供應器,,,Shell/台泥儲能訂單,,,子公司(馳諾瓦)營收成長,,,充電樁毛利率,,,傳統電源虧損收斂,,,充電樁市場殺價競爭,,,歐美政策變動,,,轉型陣痛期,,,本業電源平平，全靠子公司「馳諾瓦」的充電樁業務大爆發，是標準的母以子貴。
2440,太空梭,上市電子零組件,I016010,,銅線老廠,銅線材,,,絞線,,,通訊線,,,銅價走勢,,,轉型進度,,,非核心資產處分,,,本業長期無競爭力,,,銅價波動風險,,,流動性差,,,老牌線材廠，營運長期低迷，缺乏明顯的主力成長產品。
2431,聯昌,上市電子零組件,,,東元電源兵,電源供應器,,,視訊轉換器,,,車用電子,,,東元集團策略,,,LG/Samsung電視訂單,,,毛利率改善,,,電視市場衰退,,,規模經濟不足,,,長期獲利不穩,,,東元集團旗下，主要供應韓系電視電源，受面板景氣影響大。
2428,興勤,上市電子零組件,,,保護元件龍頭,熱敏電阻(NTC/PTC),,,壓敏電阻,,,感測器,,,電動車/儲能需求,,,產能擴充進度,,,毛利率(長期高標),,,原物料價格,,,中國電動車市況,,,匯率波動,,,全球保護元件巨人，電動車用量是燃油車的數倍，長期趨勢最明確的被動元件股。
2421,建準,上市電子零組件,,,散熱風扇王,AI伺服器風扇,,,車用風扇,,,筆電風扇,,,AI伺服器營收佔比,,,液冷滲透率(長期風險),,,毛利率,,,液冷取代氣冷速度,,,中國同業競爭,,,原物料,,,AI伺服器需要暴力風扇散熱，短期獲利爆發，長期關注液冷替代效應。
2420,新巨,上市電子零組件,,,軍工規電源,伺服器電源(HPC/軍工),,,微動開關,,,鍵盤,,,AI伺服器電源訂單,,,高階微動開關銷量,,,毛利率,,,伺服器資本支出週期,,,主要客戶(美系)集中,,,台幣升值,,,電源界的精品店，專攻少量多樣的高階與軍工規電源，獲利極穩，不追求營收爆發。
2415,錩新,上市電子零組件,,,揚聲器鍛造王,揚聲器導磁零組件(鍛造),,,塑膠成型,,,汽車音響零件,,,全球車市銷量,,,高級車音響滲透率,,,鋼材價格,,,車用晶片短缺(已緩解),,,電動車移除音響(極少),,,匯率波動,,,全球最大的揚聲器導磁零件廠，客戶都是Harman、Bose等頂級音響品牌，獲利隨高級車市況波動。
2413,環科,上市電子零組件,,,雷達通訊兵,電磁元件(變壓器),,,海用雷達/通訊模組,,,倒車雷達,,,日系客戶(Koden)訂單,,,車用雷達滲透率,,,5G網通需求,,,通訊產品認證週期長,,,匯率風險,,,原物料漲價,,,主要做變壓器與通訊模組，海用雷達是其特殊利基，車用倒車雷達穩定出貨。
2402,毅嘉,上市電子零組件,,,車用軟板黑馬,軟板(FPC),,,車用機構件,,,光通訊元件,,,車用營收佔比(>80%),,,車用顯示器模組訂單,,,光通訊產能,,,汽車供應鏈庫存調整,,,手機市場疲弱(已無影響),,,匯率波動,,,轉型車用最成功的軟板廠，車用佔比極高，獲利已脫離手機市場的紅海。
2392,正崴,上市電子零組件,,,連接器與能源,連接器(Type-C),,,森崴能源(轉投資),,,系統模組,,,蘋果Type-C滲透率,,,轉投資貢獻,,,自動化程度,,,消費電子疲弱,,,缺工,,,轉投資波動,,,本業連接器平穩，市場亮點在於子公司「森崴能源」的綠能工程貢獻。
2385,群光,上市電子零組件,,,鍵盤電源王,電腦鍵盤(全球第一),,,電源供應器,,,影像模組,,,AI PC換機潮,,,泰國廠產能比重,,,高現金殖利率,,,PC/NB市場衰退,,,原物料與人工成本,,,匯率波動,,,鍵盤市佔率全球無敵，現金流超強，AI PC帶動鍵盤與影像模組規格升級是新亮點。
2383,台光電,上市電子零組件,,,AI CCL霸主,AI伺服器CCL(高階),,,手機HDI材料,,,網通板材,,,AI伺服器市佔率,,,產能利用率,,,銅價,,,韓系/陸系對手切入,,,手機銷量下滑,,,單一客戶集中,,,Nvidia AI伺服器材料的主要供應商，市佔率極高，是AI硬體浪潮的核心持股。
2375,凱美,上市電子零組件,,,國巨鋁電容軍,鋁質電解電容,,,風扇,,,變壓器,,,國巨集團通路綜效,,,被動元件景氣,,,鋁價成本,,,標準品殺價競爭,,,消費電子疲弱,,,庫存去化,,,國巨集團成員，整合了智寶與旺詮，主攻鋁質電解電容，營運隨被動元件景氣循環。
2368,金像電,上市電子零組件,,,伺服器PCB王,AI伺服器PCB,,,交換器PCB(800G),,,筆電PCB,,,AI伺服器佔比,,,台灣/泰國產能,,,毛利率,,,產能不足,,,伺服器景氣反轉,,,原物料成本,,,全球伺服器PCB龍頭，產能被AI伺服器塞爆，純度最高的AI PCB股。
2367,燿華,上市電子零組件,,,低軌衛星轉機,低軌衛星HDI,,,車用PCB,,,軟硬結合板,,,Starlink發射量,,,低軌衛星營收佔比,,,毛利率轉正,,,衛星發射延期,,,車市殺價,,,匯率波動,,,成功打入Starlink供應鏈，靠著低軌衛星的高毛利HDI板擺脫虧損。
2355,敬鵬,上市電子零組件,,,車用PCB龍頭,汽車板(HDI/多層),,,通訊板,,,工控板,,,全球汽車銷量,,,電動車PCB產值,,,泰國廠轉虧為盈進度,,,車用晶片短缺,,,汽車供應鏈殺價,,,匯率(歐元/美元),,,全球最大的汽車PCB廠，客戶涵蓋所有歐美日汽車大廠，最壞情況(疫情/缺片)已過，迎來復甦。
2328,廣宇,上市電子零組件,,,鴻海連接器,PCB/連接器/線纜,,,代工組裝,,,車用線束,,,鴻海集團電動車訂單,,,馬來西亞廠產能,,,毛利率改善,,,低毛利代工包袱,,,消費電子疲弱,,,集團內部競爭,,,鴻海集團的連接器與線束代表，什麼都做但毛利偏低，主要看鴻海電動車業務的分食程度。
2327,國巨,上市電子零組件,,,被動元件帝國,MLCC/晶片電阻,,,感測器,,,磁性元件,,,高階產品佔比,,,BB值,,,併購綜效,,,全球景氣衰退,,,庫存去化,,,商譽風險,,,透過併購轉型為「高階零組件百貨」，已非過去隨景氣劇烈波動的標準品廠。
2316,楠梓電,上市電子零組件,,,轉投資滬士電,PCB(手機/通訊),,,轉投資滬士電子公司,,,處分利益,,,滬士電(AI伺服器PCB)獲利貢獻,,,手機板本業虧損縮小,,,資產處分題材,,,本業營運艱困,,,主要獲利靠業外,,,中國手機市場不振,,,這家公司的本業PCB做得很辛苦，股價與獲利主要看「乾兒子」滬士電(2312)的臉色(持股價值驚人)。
2313,華通,上市電子零組件,,,衛星HDI一哥,低軌衛星HDI,,,蘋果HDI,,,AI伺服器OAM板,,,衛星發射數量,,,泰國廠進度,,,高階HDI產能,,,衛星訂單波動,,,手機市場飽和,,,匯率風險,,,低軌衛星板的絕對霸主，天上飛的衛星有一大半用它的板子。
2308,台達電,上市電子零組件,,,電源與綠能神山,電源零組件,,,自動化,,,基礎設施(充電樁),,,AI電源營收,,,液冷散熱進度,,,電動車部門獲利,,,全球經濟衰退,,,電動車成長放緩,,,地緣政治,,,全球電源供應器龍頭，AI伺服器電源與液冷散熱是新成長引擎。
2059,川湖,上市電子零組件,,,伺服器滑軌王,AI伺服器滑軌,,,廚具滑軌,,,鉸鏈,,,AI伺服器市佔率(>90%),,,毛利率(>50%),,,專利訴訟勝訴,,,伺服器庫存調整,,,新競爭者,,,匯率風險,,,擁有千項專利護城河，壟斷AI伺服器滑軌市場，毛利率驚人。
1582,信錦,上市電子零組件,,,顯示器樞紐王,Monitor樞紐(Hinge),,,底座,,,摺疊機構,,,全球顯示器出貨量,,,摺疊新品(低軌衛星/醫療)進度,,,高殖利率,,,原物料(鋼/鋁)價格,,,顯示器市場衰退,,,單一產品風險,,,全球市佔第一的顯示器底座廠，獲利極穩配息大方，近年積極切入摺疊與低軌衛星機構。
1471,首利,上市電子零組件,,,電源轉型博弈,電源供應器,,,機殼,,,電競周邊,,,營收規模,,,虧損收斂狀況,,,新產品開發,,,長期虧損,,,市場競爭力不足,,,流動性風險,,,老牌電源機殼廠，營運長期處於虧損或損益邊緣，轉型效益尚未顯現。
TSE37,電子通路,上市電子通路,,,,,,,,,,,,,,,,,,,,,,,,,,,,,,,
8112,至上,上市電子通路,I023050,,三星在台最大的記憶體經銷商,DRAM/NAND銷售,,,伺服器拉貨,,,手機市場回溫,,,記憶體報價走勢,,,三星供貨策略,,,伺服器營收比,,,記憶體跌價損失,,,客戶集中度高,,,財務槓桿,,,與記憶體報價高度相關，典型景氣循環股
8072,陞泰,上市電子通路,J000550|I023050|I023240,,從安全監控轉向通路的轉型者,半導體零件代理,,,監控設備,,,影像處理,,,新代理線貢獻,,,監控市場佔比,,,轉收比率,,,轉型成效慢,,,舊產品淘汰損失,,,競爭力轉弱,,,處於轉型期，觀察新代理線的擴張速度
8070,長華*,上市電子通路,I023630,,半導體封裝材料的隱形冠軍與控股者,導線架,,,封裝膠材代理,,,投資收益,,,貴金屬價格,,,導線架市佔,,,轉投資股價表現,,,面額1元波動大,,,原料成本轉嫁,,,封測利用率,,,具高殖利率與轉投資題材，注意原料走勢
6776,展碁國際,上市電子通路,,,宏碁集團下的通路雜貨店,軟體代理,,,遊戲機(Switch),,,生活家電,,,雲端服務營收,,,熱門遊戲大作,,,毛利率,,,代理品過於分散,,,熱門品缺貨,,,毛利波動,,,代理產品極廣（含美妝），分散風險佳
6281,全國電,上市電子通路,I015040,,主打揪甘心服務的家庭電器零售王,大小家電銷售,,,冷氣安裝,,,數位通路營收,,,房市成交量,,,夏季均溫,,,電商滲透率,,,房市下滑,,,電商消價,,,人力成本上升,,,營收有明顯季節性，夏季空調是關鍵
6189,豐藝,上市電子通路,I023050,,顯示與利基型產品推手,Broadcom代理,,,顯示面板,,,車用電子,,,車用營收比,,,股息分配率,,,庫存周轉,,,面板報價波動,,,單一客戶營收過高,,,成長性放緩,,,高毛利利基市場，獲利與配息極度穩健
5434,崇越,上市電子通路,,,信越化學代理商，台積電最親密的材料管家,光阻/矽晶圓代理,,,廠務工程,,,環保綠能工程,,,台積電產能利用率,,,中國擴產速度,,,工程合約負債,,,依賴單一供應商,,,中國收帳風險,,,工程毛利波動,,,只要先進製程不停，成長軌跡就不會停
3702,大聯大,上市電子通路,I023050,,亞太第一全球前二的電子通路百貨商,零件代理,,,供應鏈管理,,,規模採購,,,存貨周轉率,,,美元利率,,,ROA,,,融資成本過高,,,下游需求疲軟,,,庫存呆滯,,,適合當作產業景氣風向球，穩健但爆發力小
3528,安馳,上市電子通路,,,工業控與類比晶片專家,ADI代理,,,AMD(Xilinx)代理,,,工業自動化方案,,,工業自動化需求,,,毛利率穩定度,,,軍工訂單,,,代理權集中風險,,,全球資本支出縮減,,,庫存調整,,,工業自動化與國防升級的受益者
3312,弘憶股,上市電子通路,,,從通訊代理轉型為AI算力租賃的黑馬,Realtek代理,,,算力出租,,,中國信創市場,,,算力中心規模,,,算力毛利,,,通訊晶片庫存,,,算力競爭加劇,,,租約延續性,,,短線漲幅過大,,,算力租賃是新動能，觀察實際獲利而非題材
3209,全科,上市電子通路,,,通訊IC代理大廠,Broadcom產品,,,通訊基礎建設,,,網路設備,,,5G基建速度,,,網路設備更換潮,,,營業利益率,,,電信商資本支出減,,,競爭對手搶單,,,匯率波動,,,5G與網路基礎設施升級的受惠股
3055,蔚華科,上市電子通路,,,半導體測試設備的代理與自有研發雙棲,測試設備代理,,,自有測試機,,,晶圓檢測服務,,,自研營收佔比,,,機台交付期,,,半導體資本支出,,,代理權更迭,,,研發費用過高,,,裝機時程延後,,,轉型陣痛期長，但成功後毛利天花板高
3048,益登,上市電子通路,,,手機與穿戴裝置常客,Skyworks代理,,,高通產品,,,感測元件,,,手機出貨量,,,穿戴裝置滲透率,,,營運周轉天數,,,消費電子低迷,,,專利訴訟風險,,,毛利持續探底,,,與消費性電子景氣高度掛鉤，波動較大
3036,文曄,上市電子通路,,,併購Future後晉升全球前三的激進擴張者,車用/工業高毛利產品,,,全球布局,,,併購財務併表,,,併購綜效,,,全球市佔率,,,債務比率,,,組織整合風險,,,高利息負擔,,,景氣大幅反轉,,,已轉型為高利潤率的全球解決方案提供者
3033,威健,上市電子通路,,,老牌電子元件代理商,AMD代理,,,Lattice代理,,,電源管理晶片,,,PC換機潮,,,工業PC訂單,,,現有代理線維持,,,市場競爭激烈,,,成長動能不足,,,毛利空間受壓,,,體質穩健但缺乏話題性，適合長期領息
3028,增你強,上市電子通路,,,視訊與電源管理專家,Sandisk代理,,,電源晶片,,,消費電子零件,,,快閃記憶體價格,,,電源管理需求,,,殖利率,,,記憶體價格波動,,,客戶流失,,,營運效率下降,,,獲利平穩，股利政策對長期股東友善
3010,華立,上市電子通路,,,半導體與綠能材料的全能支援部隊,半導體耗材,,,5G高頻材料,,,太陽能/儲能系統,,,AI伺服器材料佔比,,,CoWoS滲透率,,,ROE,,,原物料價格波動,,,面板需求低迷,,,轉投資收益不穩,,,受惠AI與先進封裝，是具技術含量的個股
2430,燦坤,上市電子通路,,,3C實體通路的老牌龍頭,3C產品銷售,,,企業採購,,,會員收益,,,實體店坪效,,,電商成長率,,,PC換機潮,,,店租成本高,,,電商侵蝕市佔,,,存貨管理失靈,,,處於轉型期，觀察品牌重塑與虛實整合效果
2414,精技,上市電子通路,,,科技產品與自動辨識專家,電腦設備代理,,,掃描感測設備,,,物流服務,,,企業IT預算,,,物流自動化需求,,,營業費用率,,,內需市場飽和,,,品牌方調整通路,,,毛利壓縮,,,整合物流能力強，屬於內需服務型通路
2347,聯強,上市電子通路,,,擁有精實物流核心競爭力的亞太資通訊龍頭,IT分銷,,,商用軟體/雲端,,,海外轉投資,,,商用服務成長,,,海外收益,,,營業費用率,,,地緣政治影響,,,消費性需求萎縮,,,物流成本上漲,,,股息政策穩定，是通路股中的防禦型首選
TSE38,資訊服務,上市資訊服務,,,,,,,,,,,,,,,,,,,,,,,,,,,,,,,
6214,精誠,上市資訊服務,I023330,,台灣資服業的百貨巨頭與轉型領航者,數位轉型服務,,,雲端基礎架構,,,資安解決方案,,,營業利益率,,,年度經常性收入(ARR),,,企業數位支出,,,人才流失風險,,,軟硬體整合毛利波動,,,子公司轉投資損益,,,資服業領頭羊，觀察其從系統整合轉向軟體服務的毛利提升
6183,關貿,上市資訊服務,,,坐穩國家級通關與稅務門票的獲利特區,通關自動化服務,,,政府專案,,,資安與雲端機房,,,進出口貿易量,,,政府資訊預算,,,SaaS服務佔比,,,政策變動影響,,,資安攻擊風險,,,研發費用增加,,,具備壟斷特性的防禦型標的，獲利極其穩定但成長爆發力弱
6112,邁達特,上市資訊服務,I023330,,雲端運算與網路基礎建設的架構師,Cisco/VMware代理,,,雲端維運服務,,,佳世達集團綜效,,,雲端市場滲透率,,,集團內銷綜效,,,海外代理拓展,,,原廠合約變動,,,匯率波動風險,,,庫存去化速度,,,受惠企業上雲趨勢，集團資源挹注是其最強後盾
5203,訊連,上市資訊服務,I023330,,從傳統影音軟體轉型AI辨識的軟體先驅,訂閱制軟體(B2C),,,FaceMe人臉辨識(B2B),,,OEM授權,,,訂閱用戶數,,,ARR成長率,,,AI辨識應用訂單,,,免費軟體競爭,,,行動端成長趨緩,,,R&D成本過高,,,軟體訂閱轉型成功，未來評價取決於AI辨識應用的商業化速度
4994,傳奇,上市資訊服務,,,以IP為核心的老牌遊戲研發與營運商,手機遊戲發行,,,經典PC遊戲營運,,,IP授權收入,,,新遊戲流水(Revenue),,,買量成本(CPI),,,遊戲生命週期,,,新作推出失利,,,買量競爭加劇,,,經典IP過度開發,,,獲利波動極大，投資需關注新遊戲上市時程與首月排名
3029,零壹,上市資訊服務,,,資安、雲端與AI架構的加值代理商,資安產品代理,,,大數據與雲端架構,,,企業IT維護,,,資安需求熱度,,,代理線品牌增減,,,專案毛利率,,,代理權遭收回,,,企業縮減IT支出,,,低價搶單競標,,,資安意識提升的最直接受益者，具備高經常性維護收入
2480,敦陽科,上市資訊服務,,,高端系統整合與半導體廠務的隱形支柱,高端伺服器/儲存系統,,,半導體監測系統,,,定期維護服務,,,半導體資本支出,,,維護收入占比,,,股息配發率,,,科技業景氣反轉,,,人才招募困難,,,硬體採購成本增加,,,與半導體龍頭連動度高，是資服業中的高息穩健股
2471,資通,上市資訊服務,,,深耕製造業與金融業的ERP/HR專業商,ERP軟體研發,,,金融報表系統,,,政府專案導入,,,智慧製造升級潮,,,軟體版權收入,,,專案完工進度,,,專案時程延宕,,,國外軟體大廠競爭,,,本土人力缺口,,,毛利率較傳統SI高，觀察其在碳盤查軟體與ESG轉型之佈局
2468,華經,上市資訊服務,,,數位影像與金融文件處理的資深老兵,數位化掃描服務,,,金融端末系統,,,伺服器維護,,,政府檔案數位化需求,,,銀行分行轉型,,,設備更新週期,,,規模效益較小,,,低毛利專案過多,,,成長動能較單一,,,營運波動小，適合尋求低波動與穩定配息的投資者
2453,凌群,上市資訊服務,,,跨足雲端與AI的資深大型系統整合廠,金融/政府系統整合,,,雲端平台,,,AI智慧服務(如機器人),,,大型專案中標數,,,海外市佔(如日本/東南亞),,,政府基建預算,,,大型專案毛利稀釋,,,軟體開發週期過長,,,市場流動性較低,,,傳統SI背景正積極擁抱AI，觀察其自有軟體產品的營收贡献
2427,三商電,上市資訊服務,,,金融端末設備與公共安全通訊的穩定承包商,ATM設備與維護,,,警察通訊系統,,,金融軟體服務,,,ATM換機潮,,,政府通訊專案,,,集團通路綜效,,,支付習慣改變(少現金化),,,專案驗收延遲,,,匯率波動,,,受惠金融設備維修的長期穩定收益，具備集團支持優勢
TSE39,其他電子,上市其他電子,,,,,,,,,,,,,,,,,,,,,,,,,,,,,,,
8499,鼎炫-KY,上市其他電子,,,橫跨智慧秤重與 EMI 屏蔽材料的混血王者,智慧衡器（電子秤）,,,EMI 屏蔽材料,,,絕緣材料,,,筆電（EMI）換機潮,,,中國超市數位化（秤）,,,毛利率,,,PC 市場成長趨緩,,,原料價格,,,地緣政治合規,,,毛利率維持在 40% 以上，是高技術含量的利基股
8201,無敵,上市其他電子,,,辭典轉型路,企業雲端服務,,,惠普(HP)計算機代銷,,,車用電子(極少),,,英業達集團支援度,,,本業轉虧為盈進度,,,雲端營收佔比,,,電子辭典市場消失,,,長期虧損/淨值低,,,成交量低迷(流動性),,,英業達集團子公司，從電子辭典轉型做企業雲端服務，但目前仍處於「吃老本」階段。
8021,尖點,上市其他電子,I023220|I023430,,PCB 鑽針與代鑽服務的精微加工者,PCB 鑽針銷售,,,代鑽服務,,,磨針服務,,,PCB 產能利用率,,,伺服器板需求,,,鑽針壽命技術,,,消費性板市佔下滑,,,原料成本,,,產能閒置風險,,,隨 AI 板與車用板厚度增加，高端鑽針需求回升
6830,汎銓,上市其他電子,,,半導體材料分析的「顯微鏡專家」,材料分析 (MA),,,故障分析 (FA),,,IC 電路修補,,,先進製程節點,,,分析案量,,,設備投資額,,,人才流失,,,設備折舊費用,,,客戶自行分析風險,,,與先進製程同步成長，分析案量隨技術競爭而增加
6743,安普新,上市其他電子,,,具備高度垂直整合能力的耳機代工大廠,電競耳機,,,TWS 真無線耳機,,,通訊週邊,,,主要客戶訂單佔比,,,越南廠產能利用率,,,匯率損益,,,客戶流失風險,,,耳機市場飽和,,,人力成本上升,,,越南佈局成熟，是品牌廠在避開地緣政治風險時的首選
6698,旭暉應材,上市其他電子,I023600,,OLED 金屬遮罩（FMM）的精密加工者,OLED 遮罩銷售,,,面板設備維修,,,真空鍍膜,,,中國 OLED 滲透率,,,平板與筆電導入 OLED 進度,,,產能利用率,,,OLED 面板廠虧損,,,技術開發進度,,,市場競爭,,,成長性取決於 OLED 在中尺寸產品（筆電/平板）的普及度
6691,洋基工程,上市其他電子,J000500,,專注於高端無塵室與節能環保工程,半導體無塵室,,,面板廠房工程,,,節能系統,,,訂單合約負債,,,主要客戶擴產,,,工程周轉率,,,工程意外,,,原料上漲無法轉嫁,,,集中單一客戶,,,走精緻高端路線，毛利通常優於一般營造
6658,聯策,上市其他電子,I023231,,PCB 與半導體視覺檢測（AOI）的新銳,自動化設備,,,視覺檢測系統,,,耗材服務,,,載板廠產能利用率,,,新設備認證進度,,,研發佔營收比,,,單一客戶依賴度高,,,技術替代風險,,,毛利受壓,,,隨 AI 帶動 PCB 升級，其自動化與檢測需求具備動能
6558,興能高,上市其他電子,J001510,,耳機電池王,微型電池(AHB),,,醫療穿戴電池,,,充電盒電池,,,TWS藍牙耳機銷量,,,產能利用率,,,原料(鈷/鋰)價格,,,中國同業低價搶單,,,消費性電子去庫存,,,單一應用(耳機)佔比過高,,,全球小型「鈕扣電池」的技術領先者，業績與AirPods等高階藍牙耳機的銷量高度連動。
6438,迅得,上市其他電子,J000500|J000600|I023231,,半導體與 PCB 自動化搬運的專家,自動化倉儲,,,機器人搬運,,,半導體晶圓搬運,,,CoWoS 擴產需求,,,載板市佔率,,,自動化滲透率,,,資本支出縮減,,,同業技術追趕,,,庫存去化,,,隨晶圓廠自動化程度提升，其搬運設備重要性大增
6409,旭隼,上市其他電子,I023130,,全球不斷電系統 (UPS) 的「幕後設計王」(DMS),UPS 代工,,,太陽能逆變器,,,儲能系統,,,美元匯率,,,鉛酸電池成本,,,全球資料中心支出,,,零組件成本飆升,,,客戶庫存調整,,,競爭對手切入,,,高毛利&高成長的資優生，股價通常較高但穩定
6283,淳安,上市其他電子,I023210|I023410|I023680,,車用富二代,車載鏡頭,,,導電薄膜(舊業),,,車用電子零部件,,,敏實集團訂單導入狀況,,,ADAS滲透率,,,車用營收佔比,,,轉型陣痛期長,,,車用鏡頭殺價競爭,,,獲利尚未跟上題材,,,背後有「敏實集團」與「鴻海」兩大富爸爸撐腰，題材很性感(車用鏡頭)，但財報數字還在努力追趕夢想。
6215,和椿,上市其他電子,J001500|I023600,,專精於 SMT 設備與自動化驅動組件的資深商,自動化驅動組件,,,SMT 設備,,,機器人關鍵零件,,,電子業擴產需求,,,機器人相關營收佔比,,,存貨周轉率,,,代理權變動,,,市場競爭加劇,,,研發費用過高,,,具備機器人題材，但實際獲利仍需看 SMT 市場臉色
6201,亞弘電,上市其他電子,,,跨足音訊產品與小家電的多元製造商,黑膠唱機,,,音訊處理設備,,,美容/廚房家電,,,產品組合毛利率,,,新客戶開發,,,資本支出回報,,,市場競爭激烈,,,代工利潤稀薄,,,品牌方調整庫存,,,產品分散性佳，獲利波動較小，適合價值型觀察
6196,帆宣,上市其他電子,J000500|I023172,,半導體設備代理與系統整合的全才,設備代理,,,自動化系統,,,ASML 模組代工,,,ASML 代工訂單量,,,海外建廠進度,,,研發投入,,,設備更新週期,,,國際貿易制裁,,,工程款收回風險,,,具備代理與製造雙動能，與歐美大廠連動性強
6192,巨路,上市其他電子,I023600,,兩岸工業程序控制（DCS）的整合權威,程序控制系統整合,,,各類控制閥銷售,,,售後維修服務,,,在手訂單總額,,,半導體與石化業資本支出,,,毛利率,,,原料成本上漲,,,中國市場放緩,,,專案驗收延遲,,,工業儀表界的「大聯大」，獲利極穩且配息大方
6139,亞翔,上市其他電子,J001470,,兩岸半導體與面板廠務工程的高手,潔淨室工程,,,機電系統整合,,,中國半導體擴產案,,,中國標案進度,,,在手訂單總額,,,營益率,,,中國市場不確定性,,,標案競爭削價,,,入帳週期波動,,,訂單能見度極高，主要看入帳時點決定股價爆發力
5225,東科-KY,上市其他電子,,,全球最大影音聲學代工廠（Soundbar）,Soundbar,,,耳機,,,專業音響代工,,,韓系/歐美品牌訂單,,,原料價格,,,毛利率,,,消費力減弱,,,原料漲價,,,代工利潤稀薄,,,專注於中高端音訊，近年體質改善，股息大方
4588,玖鼎電力,上市其他電子,I015030,,智慧電網與電表升級的政策受惠者,智慧電表,,,電力監測系統,,,能源管理,,,台電標案份額,,,智慧電表佈建速度,,,毛利率,,,標案入帳不均,,,材料成本波動,,,政策延續性,,,屬政策題材股，業績隨標案驗收呈現週期性跳動
3665,貿聯-KY,上市其他電子,J001240|I023340,,高階連接線束龍頭，切入 AI 伺服器與醫療,AI 伺服器線束,,,電動車連接器,,,工業設備,,,高速傳輸線佔比,,,特斯拉訂單,,,收購綜效,,,原物料價格,,,地緣政治影響,,,商譽減損,,,已轉型為 AI 基礎建設概念股，不再只是汽車零件
3617,碩天,上市其他電子,,,品牌與代工並重的不斷電系統 (UPS) 專家,自有品牌 CyberPower,,,北美通路,,,雲端中心電源,,,北美市場市佔,,,海運費率,,,銅材價格,,,消費性需求下滑,,,物流塞港,,,品牌行銷費用,,,獲利受惠於北美資料中心更新，股價彈性較大
3518,柏騰,上市其他電子,,,專精於真空鍍膜與 EMI 屏蔽處理,筆電機殼鍍膜,,,EMI 處理,,,汽車輪圈鍍膜,,,筆電市場復甦,,,汽車配件需求,,,研發費用佔比,,,單一產業過度集中,,,技術替代,,,市場需求萎縮,,,長期與 PC 產業連動，近年努力轉向車用領域
3305,昇貿,上市其他電子,,,焊錫材料專家，切入低軌衛星與 AI,錫條/錫膏,,,低軌衛星應用,,,低溫焊接技術,,,錫價,,,低軌衛星發射頻率,,,環保銲材佔比,,,國際錫價劇烈波動,,,下游電子業衰退,,,匯損,,,與原物料價格高度掛鉤，低軌衛星是新成長點
3043,科風,上市其他電子,,,不斷電老兵,不斷電系統(UPS),,,逆變器,,,太陽能設備,,,鉛酸電池價格,,,國際代工訂單(ODM),,,匯率波動,,,產品缺乏護城河,,,中國低價UPS競爭,,,原物料成本無法轉嫁,,,老牌UPS廠，產業成熟且競爭激烈，除非有特定的能源危機或標案，否則爆發力有限。
3030,德律,上市其他電子,,,電子產品「健康檢查」的 AOI 檢測設備大廠,光學檢測設備 (AOI),,,電路板測試,,,半導體檢測,,,車用/伺服器檢測需求,,,毛利率 (通常很高),,,股息,,,下游庫存修正,,,技術迭代風險,,,同業殺價,,,產品高毛利且具競爭力，是隱形的設備標杆
3018,隆銘綠能,上市其他電子,,,經營權宮鬥劇,工程標案(機電/土木),,,綠能環保(極少),,,飯店經營,,,股票恢復交易狀況,,,經營層穩定度,,,工程款回收進度,,,財務不透明/財報卡關,,,內部股權爭奪戰,,,下市風險(全額交割),,,前身為「同開」，過去幾年因經營權爭奪頻上新聞，屬高風險的「問題股」，非專業投資人勿碰。
2488,漢平,上市其他電子,,,全球黑膠唱盤與 DJ 設備的隱形冠軍,黑膠唱盤,,,專業 DJ 控制器,,,專業音響,,,歐美消費能力,,,黑膠文藝復興潮,,,海運運費,,,關鍵組件短缺,,,消費性支出縮減,,,存貨呆滯風險,,,利基市場龍頭，獲利能力隨音樂文化復古而起伏
2482,連宇,上市其他電子,,,支付終端利基,電子支付終端機,,,電動車充電樁支付模組,,,POS系統,,,美國自助支付需求,,,電動車充電站建置速度,,,毛利率(高於同業),,,專案型營收波動大,,,關鍵晶片缺料,,,行動支付(QR Code)取代硬體,,,在「無人商店」與「充電樁讀卡機」找到藍海，不跟大廠拚量，專做高毛利的利基市場。
2477,美隆電,上市其他電子,,,專注於音響系統與家用揚聲器的老牌廠商,揚聲器系統,,,車用音響,,,智慧音箱,,,車用音頻滲透率,,,家用音響需求,,,美元匯率,,,原物料價格,,,客戶轉換週期長,,,營收成長停滯,,,穩健保守，車用電子是其目前最有潛力的成長動能
2474,可成,上市其他電子,,,手握巨額現金，正由機殼轉型醫材與工業的轉型者,筆電機殼,,,平板零件,,,醫療/航太利基產品,,,淨現金流,,,醫材營收貢獻,,,庫藏股執行,,,傳統機殼市佔萎縮,,,轉型期過長,,,現金運用效率,,,目前是「現金王」，價值取決於轉型併購的成效
2464,盟立,上市其他電子,,,半導體與物流自動化系統的元老級整合商,自動化倉儲,,,機器人整合,,,面板自動化設備,,,AI 算力中心建設,,,CoWoS 設備需求,,,合約負債,,,下游面板業蕭條,,,研發費用高昂,,,工程利潤率,,,積極切入半導體封裝自動化，老公司正迎來新動能
2461,光群雷,上市其他電子,,,全球最大雷射全像材料（防偽標籤）供應商,雷射全像包裝材料,,,防偽標籤,,,光學薄膜,,,菸酒包裝需求,,,印度/東南亞擴廠,,,毛利率,,,數位防偽替代風險,,,原料價格,,,匯率風險,,,壟斷利基市場，獲利與全球防偽包裝需求高度相關
2459,敦吉,上市其他電子,,,通路、製造與檢測「三位一體」的半導體服務商,零件代理,,,模組製造,,,安規認證測試,,,代理權續約情況,,,製造部營收佔比,,,股息發放,,,客戶轉向直購,,,技術認證過期,,,製造端毛利下滑,,,獲利結構轉向「高毛利製造與測試」，非純通路股
2433,互盛電,上市其他電子,,,震旦集團下，深耕台灣影印機服務的子公司,辦公室設備租賃,,,耗材收入,,,雲端解決方案,,,合約續約率,,,每台機器平均產值,,,營運費用率,,,市場飽和成長慢,,,設備汰換週期拉長,,,利潤微薄,,,獲利極穩但缺乏成長故事，適合追求固定收益
2423,固緯,上市其他電子,,,電子量測儀器的品牌老牌，深耕基礎研發,電子量測儀器,,,電源供應器,,,環境試驗設備,,,品牌市佔率,,,教育與研究機構訂單,,,營業費用率,,,消費電子景氣下滑,,,中國品牌低價競爭,,,技術迭代,,,獲利極其穩健的「冷門好公司」，是電子業的基礎建設
2404,漢唐,上市其他電子,,,台積電建廠最依賴的無塵室工程龍頭,無塵室整合工程,,,系統維護,,,化學供應系統,,,台積電資本支出,,,訂單能見度,,,工程毛利率,,,客戶過度集中,,,工程進度延宕,,,人力成本上漲,,,半導體擴產的先行指標，入帳週期是獲利關鍵
2390,云辰,上市其他電子,,,高端房產兼生技,安控系統/智慧家庭,,,房地產開發(豪宅),,,轉投資(高端疫苗),,,物聯網(IoT)需求,,,建案入帳時程,,,子公司(高端/基亞)股價,,,本業安控獲利平平,,,業外投資波動劇烈,,,房市景氣反轉,,,本業做防盜器很普通，市場關注點全在它的轉投資(高端疫苗)與高價豪宅建案上。
2373,震旦行,上市其他電子,,,兩岸 OA 辦公設備與家具的服務龍頭,影印機出租與租賃,,,辦公家具,,,3D 列印,,,企業數位轉型支出,,,中國辦公市場成長,,,合約量,,,中國房產蕭條影響,,,無紙化趨勢,,,辦公室縮減,,,具備強大後勤維護與租賃收入，是典型的「收租型」公司
2360,致茂,上市其他電子,,,全球半導體與電動車測試設備的「裁判長」,精密電子量測,,,半導體測試,,,電動車動力測試,,,AI 晶片測試需求,,,毛利率,,,研發費用,,,研發失敗風險,,,下游資本支出縮減,,,同業競爭,,,高技術門檻帶動高毛利，是 AI 趨勢下的穩定贏家
2359,所羅門,上市其他電子,,,以「AI 視覺」賦予機器人靈魂的先驅,AI 3D 視覺系統,,,工業自動化,,,能源發電,,,NVIDIA 合作關係,,,視覺軟體授權數,,,營益率,,,營收尚未跟上股價,,,技術研發落後,,,市場競爭,,,題材性強，股價受 NVIDIA 消息影響極大
2354,鴻準,上市其他電子,,,鴻海集團下最強的散熱與金屬機殼支柱,iPhone 金屬機殼,,,遊戲機組裝,,,散熱模組,,,蘋果訂單佔比,,,散熱技術研發,,,集團內部整合,,,機殼材質轉換,,,競爭對手搶單,,,消費電子低迷,,,隨 AI 伺服器散熱需求增加，其技術轉型值得關注
2317,鴻海,上市其他電子,,,橫跨電子代工、AI 伺服器與電動車的全球帝國,iPhone 組裝,,,AI 伺服器 (GB200),,,雲端網絡設備,,,AI 伺服器營收佔比,,,毛利率 (目標 8%),,,電動車量產進度,,,毛利率過低,,,地緣政治風險,,,中國產能依賴,,,規模巨大，轉型 AI 與電動車是評價回升的關鍵
2312,金寶,上市其他電子,,,具備全球佈局能力的資通訊與印表機代工廠,儲存設備,,,印表機,,,通訊網路產品,,,東南亞產能利用率,,,全球通訊需求,,,集團轉投資,,,低毛利競爭,,,匯率變動,,,債務比率較高,,,佈局東南亞早，是去中國化趨勢下的避風港
TSE40,油電燃氣,上市油電燃氣,,,,,,,,,,,,,,,,,,,,,,,,,,,,,,,
9937,全國,上市油電燃氣,I010001,,行銷力最強的私營加油站通路商,燃油零售,,,洗車服務,,,加油站空間租賃,,,汽油銷售毛利,,,會員黏著度,,,電動車滲透率,,,油價崩跌的庫存損失,,,電競/電動車威脅,,,地租上漲,,,現金流極強，但面臨電動車長期的產業轉型挑戰
9931,欣高,上市油電燃氣,I010001,,南台灣高雄地區的能源門神,高雄市瓦斯供應,,,設備安裝維護,,,長期投資收益,,,高雄工業區景氣,,,冬季均溫（南部較短）,,,配息率,,,氣爆相關賠償與維護,,,南部暖冬影響,,,工業轉型,,,股性相較北部瓦斯股略有波動，但仍屬防禦佳品
9926,新海,上市油電燃氣,I010001,,掌管三重、新莊區域的藍領與工業氣體商,工業用瓦斯,,,民生供氣,,,管線維護工程,,,區域工商業景氣,,,房地產成交量,,,ROE,,,替代能源競爭,,,政策干預價格,,,供氣系統老化,,,殖利率通常不錯，是新北市開發趨勢下的穩健標的
9918,欣天然,上市油電燃氣,I010001,,深耕中永和與新店的民生基礎支柱,民生瓦斯供應,,,裝置工程收入,,,熱水器等器材銷售,,,區域新屋開案量,,,住宅密度,,,天然氣採購成本,,,都更速度放緩,,,公安安全風險,,,區域人口外移,,,獲利極度透明，適合不求爆發只要穩定領息的人
9908,大台北,上市油電燃氣,,,坐擁天龍國核心區的能源提款機,瓦斯銷售,,,掛表與管線安裝,,,電信與大樓租賃,,,冬季均溫(越冷越賺),,,台北市人口動態,,,股息配發率,,,天然氣價格凍漲,,,老舊管線維護成本,,,供氣中斷,,,存股首選中的首選，股價跟心電圖一樣平穩
8926,台汽電,上市油電燃氣,,,協助台電補足缺口的神救援,民營電廠(IPP)收益,,,綠能工程(EPC),,,售電服務,,,台電購電價格,,,離岸風電與光電進度,,,天然氣成本,,,能源政策反轉,,,發電設備故障,,,原物料上漲,,,台灣能源轉型的核心受益者，具備政策保護傘
6505,台塑化,上市油電燃氣,,,亞洲煉油界的「大鯨魚」，景氣循環指標,汽柴油外銷,,,乙烯/丙烯裂解,,,發電收益,,,煉油利差(Crack Spread),,,國際油價,,,開工率,,,全球經濟衰退,,,碳費與環保法規,,,油價劇烈波動,,,它是週期性巨頭，投資要看全球景氣而非台灣內需
2616,山隆,上市油電燃氣,,,同時掌握油品與物流的物流業油箱,加油站銷售,,,貨運與物流收入,,,車輛維修,,,物流運費,,,油品價差,,,正隆集團內部物流需求,,,物流司機缺工,,,運輸成本增加,,,EV貨車轉型風險,,,它是披著加油站外衣的物流股，跟景氣連動較強
TSE41,綠能環保,上市綠能環保,,,,,,,,,,,,,,,,,,,,,,,,,,,,,,,
9955,佳龍,上市綠能環保,J001380|I099022,,電子廢料回收與貴金屬提煉的老牌,金/銀/銅回收提煉,,,電子廢棄物清運,,,綠能投資,,,國際金價,,,電子垃圾來源量,,,精煉技術良率,,,金價波動劇烈,,,回收料源競爭,,,營運週轉率低,,,股性與金價連動，屬於高槓桿的資源循環標的
9930,中聯資源,上市綠能環保,I011010,,中鋼集團下，專吃廢渣的綠色水泥推手,高爐石粉銷售,,,資源回收處理,,,環保工程,,,中鋼產量,,,水泥市場需求,,,營造業景氣,,,營建業需求下滑,,,原料成本上漲,,,法規變動,,,穩定領息的防禦標的，成長性取決於公共工程量
8476,台境,上市綠能環保,J001380,,土壤整治與地下水淨化的工程專家,土壤整治工程,,,環境檢測,,,廢棄物清運,,,政府標案得標率,,,整治場址完成進度,,,負債比,,,工程延宕,,,財務壓力較大,,,單一案場風險,,,營運波動大，需關注大型政府標案的釋出時程
8473,山林水,上市綠能環保,J001380,,兩岸水務處理與生活污水代操作專家,水務處理工程,,,污水廠 O&M 維運,,,廢棄物回收,,,政府水務標案量,,,每日處理水體積,,,營益率,,,工程款回收延後,,,中國水務資產減損,,,折舊成本高,,,獲利穩定但成長緩慢，適合長期持有的防禦股
8438,昶昕,上市綠能環保,J001380|I099022,,PCB 產業的化學藥水循環管家,蝕刻液再生服務,,,回收銅鹽銷售,,,電子化學品,,,國際銅價,,,PCB 產業產能利用率,,,回收提煉純度,,,銅價崩跌損失,,,PCB 產業外移,,,環保法規開罰,,,獲利與銅價高度相關，是 PCB 供應鏈的隱形一環
8422,可寧衛,上市綠能環保,J000500|J001380|I099022,,擁抱高毛利的掩埋與土壤修復龍頭,有害事業廢棄物處理,,,大型土壤整治專案,,,綠能轉投資,,,掩埋場剩餘空間,,,大型整治案入帳進度,,,毛利率,,,掩埋場許可證到期,,,專案標案空窗期,,,新場開發受阻,,,現金流強大，但需關注其在太陽能與廢棄物發電的轉型進度
8341,日友,上市綠能環保,J001380,,具備高度護城河的醫廢與有害廢棄物專家,醫療廢棄物處理,,,有害事業廢棄物,,,中國市場處置費,,,醫廢處理量,,,彰濱廠稼動率,,,中國廠獲利貢獻,,,兩岸法規趨嚴,,,競爭對手切入醫廢,,,中國營收匯回風險,,,醫廢市場穩定，是特許行業中的優等生
6873,泓德能源-創,上市綠能環保,I023130,,打造「智慧電力調度平台」的綠能整合商,太陽能 EPC 工程,,,售電收入 (CPPA),,,儲能系統維運,,,綠電簽署量,,,儲能案場掛牌數,,,經常性收入佔比,,,工程入帳週期不穩,,,融資利率上漲,,,電網併網延遲,,,成長性極強，正從「蓋電廠」轉向「賣綠電」服務商
6869,雲豹能源-創,上市綠能環保,I023130,,擅長跨界整合與綠電交易的「綠能國家隊」,太陽能與風電工程,,,綠電轉供 (天能綠電),,,水處理,,,綠電交易市佔率,,,海外電廠布局,,,合約負債,,,政策轉向風險,,,標案毛利稀釋,,,政治議題干擾,,,題材多元且布局靈活，是目前綠電交易最活耀的標的
6806,森崴能源,上市綠能環保,I025020,,鴻海集團背景，專攻離岸風電與儲能,離岸風電 EPC 工程,,,維運服務 (O&M),,,節能與售電,,,台電二期工程進度,,,維運合約年限,,,儲能建置量,,,天候影響工程進度,,,利息支出增加,,,維運成本超支,,,離岸風電是未來幾年營收支柱，關注標案驗收時點
6641,基士德-KY,上市綠能環保,,,耕耘中國與東南亞的智慧水務設備商,水務泵浦/風機銷售,,,智慧化管理系統,,,售後服務,,,中國環保法規執行力,,,東南亞擴產速度,,,應收帳款,,,中國經濟下行,,,信用風險,,,低價搶單競爭,,,正轉向智慧水務轉型，需觀察海外市場的成長貢獻
6581,鋼聯,上市綠能環保,,,將電弧爐集塵灰變換成「鋅」的煉金術士,氧化鋅銷售,,,汙染土壤處理,,,各類事業廢棄物,,,國際鋅價 (LME Zinc),,,電爐廠產出量,,,電力成本,,,鋅價劇烈下跌,,,鋼鐵廠減產,,,廢棄物來源短缺,,,獲利高度連動鋅價，是具備環保題材的原物料股
5292,華懋,上市綠能環保,,,半導體先進製程必備的「空汙過濾器」,VOCs 處理設備,,,耗材與維護,,,節能系統,,,台積電等半導體資本支出,,,維修收入占比,,,接單能見度,,,半導體擴產放緩,,,競爭對手切入,,,專案毛利下降,,,純度最高的半導體環保股，跟隨先進製程成長
3708,上緯投控,上市綠能環保,,,從傳統風電葉片樹脂轉向「可回收材料」新創,風電葉片樹脂,,,碳纖維複合材料,,,環保循環樹脂,,,全球風機安裝量,,,新材料 EzCiclo 滲透率,,,碳費政策,,,原物料價格波動,,,大陸對手殺價競爭,,,研發落空,,,具備轉型題材，由材料供應商轉化為循環經濟技術商
TSE42,數位雲端,上市數位雲端,,,,,,,,,,,,,,,,,,,,,,,,,,,,,,,
8454,富邦媒,上市數位雲端,,,台灣亞馬遜,momo購物網銷售,,,電視購物,,,倉儲物流服務,,,GMV(網站成交金額),,,物流中心建置進度,,,每股盈餘(EPS),,,酷澎(Coupang)補貼戰競爭,,,物流與人力成本上升,,,個資外洩風險,,,台灣電商絕對霸主，護城河在於強大的「衛星倉儲」物流體系。
6906,現觀科,上市數位雲端,,,電信大數據王,電信數據分析平台(CovMo),,,數位廣告行銷(Mobility),,,地緣定位數據,,,海外電信商標案,,,5G基地台佈建量,,,訂單能見度,,,單一客戶/標案依賴,,,新興市場匯率風險,,,研發人才短缺,,,專做電信業者的生意，利用手機移動軌跡大數據來優化網路與投放廣告。
6902,走著瞧-創,上市數位雲端,,,防詐守門員,Whoscall(防詐APP)訂閱,,,企業端防詐服務,,,金融科技防詐,,,APP活躍用戶數(MAU),,,企業客戶(B2B)營收佔比,,,海外市場(泰國/日本)滲透,,,免費仔多(付費轉換率低),,,Google/Apple原生功能競爭,,,行銷費用高昂,,,靠Whoscall起家，現在重點在轉型做「企業防詐」服務，擺脫純APP廣告模式。
6689,伊雲谷,上市數位雲端,I023720,,雲端二房東,AWS雲端代理與託管,,,雲端專業服務(MSP),,,存儲商品銷售,,,企業數位轉型預算,,,雲端續約率,,,微軟/Google雲端佔比,,,原廠(AWS)政策變動,,,雲端價格戰,,,代理毛利遭到壓縮,,,台灣最大的AWS代理商，獲利關鍵在於能否提供更高階的「顧問服務」而非單純轉售。
6165,浪凡,上市數位雲端,,,直播抖內王,浪Live直播平台,,,電競陪玩平台,,,網紅經紀,,,付費以戶數(ARPPU),,,直播主簽約數,,,平台抽成率,,,直播法規監管,,,抖內大戶流失,,,新興娛樂(短影音)瓜分時間,,,台灣本土最大的直播平台，獲利全看「大戶乾爹」的心情與打賞意願。
3130,一零四,上市數位雲端,,,人資包租公,人力銀行刊登費,,,人資系統(HR),,,獵才顧問服務,,,台灣失業率(反向指標),,,企業徵才職缺數,,,現金股利殖利率,,,LinkedIn等國際平台競爭,,,少子化導致缺工(企業找不到人),,,資安風險,,,台灣人資市場的現金牛，景氣好時企業搶人，景氣壞時獲利仍穩，高殖利率代表。
TSE43,運動休閒,上市運動休閒,,,,,,,,,,,,,,,,,,,,,,,,,,,,,,,
9921,巨大,上市運動休閒,,,全球自行車品牌與代工的雙冠王,自有品牌(Giant),,,代工業務,,,高階零件銷售,,,庫存周轉率,,,中國市場銷量,,,高階 E-bike 佔比,,,庫存去化過慢,,,全球消費力下降,,,中低階市場競爭,,,2026 年重點在於 E-bike 是否能重啟成長動能
9914,美利達,上市運動休閒,,,專注於中高階車款與利基品牌的獲利高手,自有品牌,,,Specialized (轉投資收益),,,E-bike,,,Specialized 銷量,,,歐洲電力輔助車需求,,,毛利率,,,供應鏈斷鏈殘餘影響,,,匯率損益,,,研發成本增加,,,獲利高度連動美商 Specialized，是高階市場風向球
9910,豐泰,上市運動休閒,,,Nike 最忠誠且研發力最強的製鞋夥伴,Nike 運動鞋代工,,,專業運動鞋,,,海外產能擴充,,,Nike 庫存天數,,,越南/印尼產能佔比,,,原料價格,,,客戶過度集中(Nike),,,勞工成本上漲,,,貿易關稅,,,Nike 的興衰直接決定豐泰的股價高度
9904,寶成,上市運動休閒,,,全球最大製鞋代工與通路並重的巨頭,鞋類代工,,,裕元零售通路(YY Sports),,,房產投資,,,全球運動品牌下單意願,,,中國零售買氣,,,員工成本比,,,零售毛利下降,,,代工利潤稀薄,,,龐大組織管理風險,,,它是代工與零售的混合體，需觀察中國消費復甦力道
9802,鈺齊-KY,上市運動休閒,,,專攻 GORE-TEX 高規戶外鞋的利基王,戶外登山鞋代工,,,功能性鞋款,,,小量多樣生產,,,戶外運動風氣,,,GORE-TEX 認證門檻,,,產能稼動率,,,訂單季節性波動大,,,新廠開出初期折舊,,,匯率損失,,,戶外鞋毛利較一般球鞋高，是避開紅海競爭的優等生
8478,東哥遊艇,上市運動休閒,,,鎖定全球 0.01% 超級富豪的奢侈品品牌,自有品牌 OA 遊艇銷售,,,售後維修,,,二手游艇,,,美國頂級消費力,,,訂單排期,,,產能擴建進度,,,經濟衰退影響奢侈品需求,,,利率上漲,,,原料成本,,,營收波動大但毛利驚人，屬於高槓桿的資產配置標的
8467,波力-KY,上市運動休閒,J001450,,碳纖維冰上曲棍球桿與航太的新貴,曲棍球桿代工(Bauer),,,碳纖維輪圈,,,航太零組件,,,Bauer 訂單份額,,,航太產品認證進度,,,研發費用,,,客戶過度集中,,,新領域認證失敗,,,市場規模受限,,,航太題材是目前的成長引擎，需觀察實際貢獻
8462,柏文,上市運動休閒,I027010,,台灣最純粹的健身品牌（健身工廠）,會員費用,,,教練課,,,入會手續費,,,展店目標達成率,,,平均會員消費金額,,,勞務成本,,,消費力減弱,,,教練流失,,,店租成本上漲,,,營運策略穩健，是追求長期收租穩定性的選擇
6768,志強-KY,上市運動休閒,,,全球足球鞋代工的隱形冠軍,足球鞋(Adidas/Nike),,,專業跑步鞋,,,東南亞製造,,,大型足球賽事,,,品牌足球鞋市佔,,,生產自動化,,,賽事週期性影響,,,功能性單一,,,勞動力供應,,,它是「世界盃/歐國盃」題材的最直接受益者
6670,復盛應用,上市運動休閒,,,全球高爾夫球頭代工的霸主,高爾夫球頭,,,航太零件,,,民用/醫療精密零件,,,美國高爾夫打球人口,,,品牌新桿發表週期,,,航太佔比,,,高爾夫熱度消退,,,鈦合金成本,,,單一產業過度集中,,,高爾夫獲利穩，但航太是決定本益比拉升的關鍵
5306,桂盟,上市運動休閒,,,全球自行車「鏈條」的壟斷級王者,自行車鏈條(AM/OE),,,機車鏈條,,,車庫門傳動系統,,,售後維修市場(AM)佔比,,,新車組裝需求,,,鋼鐵原料成本,,,庫存調整期拉長,,,低價品牌挑戰,,,自動化成本,,,維修市場毛利高，是產業低迷時的獲利支撐
4536,拓凱,上市運動休閒,J001450,,碳纖維複合材料的高階應用專家,高階車架,,,網球拍,,,航太與醫療結構件,,,碳纖維產能利用率,,,航太訂單入帳,,,研發專利數,,,研發週期過長,,,原料供應不穩,,,技術外流風險,,,技術門檻極高，是運動休閒族群中的「科技股」
2762,世界健身-KY,上市運動休閒,,,台灣健身房連鎖龍頭，主打美式風格,會員月費,,,教練課程,,,零售/週邊收入,,,新店開出速度,,,會員續約率,,,PT(教練)營收佔比,,,合約糾紛風險,,,同業殺價競爭,,,人力成本壓力,,,現金流強大，但需觀察擴張後單店獲利是否稀釋
1736,喬山,上市運動休閒,,,全球商用健身器材的龍頭，品牌佈局極深,商用健身器材(Matrix),,,家用器材,,,售後維修,,,全球大型健身房展店速,,,運輸費率,,,商用訂單續約率,,,家用市場疲軟,,,物流塞港重複發生,,,高債務比,,,商用市場回溫強勁，是全球健身房擴張的最大受益者
1598,岱宇,上市運動休閒,,,專注家用健身與醫療復健的品牌商,自有品牌(Sole/Spirit),,,電商銷售,,,復健器材,,,線上購物節表現,,,家用市場去庫存,,,新產品開發,,,家用競爭加劇,,,行銷費用高,,,存貨跌價損失,,,正在渡過家用市場寒冬，醫療復健是轉型方向
1432,大魯閣,上市運動休閒,,,轉型休閒娛樂與體驗式消費的場景王,棒壘球打擊場,,,購物中心營運,,,股東會贈品題材,,,內需消費熱度,,,商場出租率,,,品牌授權金,,,固定成本高(房租/人力),,,資產負債比,,,業外損益,,,雖有贈品題材，但回歸本業需關注轉虧為盈的持續性
TSE44,居家生活,上市居家生活,,,,,,,,,,,,,,,,,,,,,,,,,,,,,,,
9935,慶豐富,上市居家生活,I018020,,鎖定 DIY 電商與大型賣場的窗簾大廠,DIY 窗簾產品,,,安全拉繩專利產品,,,家飾織品,,,全球零售通路庫存,,,電商營收成長率,,,自動化生產比,,,競爭對手削價,,,單一客戶依賴度高,,,存貨周轉率,,,轉型高毛利安全窗簾有成，成長動能優於傳統同業
9934,成霖,上市居家生活,I018020,,橫跨代工與品牌的全球水龍頭專家,品牌水龍頭 (Gerber),,,五金件代工,,,衛浴陶瓷,,,英國與北美零售需求,,,品牌事業轉盈進度,,,匯損,,,品牌推廣費用過高,,,低價進口貨競爭,,,庫存呆滯,,,轉型專注高毛利品牌，需觀察北美 Gerber 的獲利貢獻
9924,福興,上市居家生活,I018020,,全球門鎖與安全門禁的隱形冠軍,家用門鎖,,,商用門鎖,,,關門器與五金件,,,國際鋼與鋅價,,,美國 DIY 市場需求,,,美元匯率,,,原物料價格飆漲,,,貿易保護主義,,,代工毛利被壓縮,,,獲利極其穩健，是典型的美房市復甦受益股
9911,櫻花,上市居家生活,I018020,,台灣廚衛家電的絕對霸主,除油煙機/瓦斯爐,,,熱水器,,,整體廚房規劃,,,台灣新屋完工量,,,淨水器滲透率,,,維修服務收益,,,台灣房市冷縮,,,進口品牌競爭,,,原料成本上漲,,,內需之王，具備強大維修護城河與高配息能力
8482,商億-KY,上市居家生活,,,專為美國富豪客製化沙發的推手,高階客製化沙發,,,室內裝飾服務,,,軟裝產品,,,美國高端消費支出,,,設計師通路接單量,,,毛利率,,,高階消費縮減,,,人才流失,,,中國生產基地風險,,,鎖定金字塔頂端客戶，毛利高但受景氣波動感受深
8464,億豐,上市居家生活,,,窗簾界的「台積電」，擁有極高毛利,客製化窗簾,,,固定尺寸窗簾,,,高端電動窗簾,,,美國房市銷售,,,客製化產品佔比,,,美元匯率,,,勞動力成本上升,,,海運費率波動,,,反傾銷關稅,,,毛利率維持在 50% 以上，是居家股中的獲利標杆
6807,峰源-KY,上市居家生活,,,IKEA 最大的沙發供應商,品牌沙發代工,,,家具零件,,,海外產能擴張,,,IKEA 訂單份額,,,泡棉/皮革原料價,,,運費波動,,,過度集中單一客戶,,,地緣政治影響產地,,,匯率,,,產能佈局亞洲第一，獲利隨全球零售景氣跳動
6754,匯僑設計,上市居家生活,I025020,,頂級精品店與商辦空間的幕後設計師,精品門市裝修,,,商辦空間規劃,,,飯店空間設計,,,國際精品在台/中設點速,,,公共工程合約,,,完工進度,,,人力成本上升,,,標案空窗期,,,收款帳齡過長,,,受惠精品業擴展，是居家生活族群中唯一的「奢侈品概念股」
6671,三能-KY,上市居家生活,,,亞洲烘焙模組與器具的領導品牌,專業烘焙模組,,,家用烘焙器具,,,塗層服務,,,中國餐飲連鎖擴店速,,,台灣烘焙賽事,,,原料鋁/不銹鋼價,,,中國消費力下滑,,,仿冒品競爭,,,不沾塗層專利挑戰,,,烘焙愛好者與連鎖店必備，具備品牌力與技術護城河
3557,嘉威,上市居家生活,,,環保餐具進入美國家庭的領航者,塑膠/餐具代工,,,環保回收材料產品,,,廚房小家電,,,沃爾瑪 (Walmart) 訂單量,,,塑膠原料價格,,,環保認證進度,,,塑膠原料暴漲,,,歐美環保法規變動,,,客戶轉單,,,積極布局環保材料轉型，產品組合優化使獲利回升
2062,橋椿,上市居家生活,,,全球高級水龍頭零件的鋅壓鑄龍頭,鋅合金水龍頭零件,,,銅/塑膠複合材料,,,表面處理服務,,,自動化產線稼動率,,,國際鋅價,,,主要客戶 (Kohler/TOTO) 訂單,,,鋅價大幅波動,,,自動化折舊負擔,,,勞動力短缺,,,處於技術升級轉型期，自動化良率決定其獲利天花板
TSE99,其他,上市其他,,,,,,,,,,,,,,,,,,,,,,,,,,,,,,,
1342,八貫,上市其他,,,應用於醫療與航太的「機能性膜材」專家,航太逃生滑梯,,,醫療級充氣床,,,戶外高端運動器材,,,航太產品認證,,,稼動率,,,原物料 TPU 價格,,,關鍵客戶流失,,,國際認證撤銷,,,產能閒置,,,專注於生命安全與高端利基，獲利穩健且毛利高
1416,廣豐,上市其他,I099030,,桃園資產股,廣豐新天地(商場)租金,,,營建開發,,,金融投資,,,桃園房市價格,,,商場出租率,,,轉投資損益,,,本業紡織已結束,,,資產開發是一次性,,,業外投資波動,,,以前做毛巾，現在是桃園八德的大地主，價值全在土地資產與商場租金。
1435,中福,上市其他,,,經營權戰場,資產租賃(中壢廠),,,倉儲業務,,,極少量貿易,,,經營權穩定度,,,財報簽核狀況,,,股票交易狀態,,,經營權爭奪頻傳,,,財報卡關(下市風險),,,資產被大股東賤賣疑慮,,,長年處於經營權鬥爭與財報難產的風暴中心，屬極高風險的全額交割股。
1437,勤益控,上市其他,I099030,,新莊IKEA房東,租金收入(新莊IKEA/Uniqlo),,,電子零組件代理,,,投資收益,,,新莊土地重估價值,,,租金調漲幅度,,,股利配發率,,,電子本業獲利微薄,,,升息影響資產評價,,,單一租戶風險,,,電子業是晃子，本體是「新莊精華區大地主」，光收IKEA的租金就吃穿不愁。
1443,立益物流,上市其他,,,物流地產商,物流倉儲租金,,,棉紡(已式微),,,冷鏈物流,,,主要客戶(超商/電商)續約,,,倉儲出租率,,,桃園物流地產價格,,,老舊倉庫翻新成本,,,電商成長趨緩,,,土地增值稅壓力,,,轉型做物流地產相當成功，受惠於電商對倉儲的剛性需求。
1516,川飛,上市其他,,,能源貿易商,煤炭貿易,,,生技醫療(極少),,,自行車變速器(舊業),,,國際煤價,,,匯率波動,,,貿易融資額度,,,煤價暴跌,,,營收波動劇烈,,,轉型方向雜亂,,,業務從自行車轉到能源貿易，營收雖大但毛利極低，且受煤價波動影響大。
2348,海悅,上市其他,I025010,,台灣房地產代銷業的「訂單之王」,房地產代銷佣金,,,自營建案開發,,,子公司投資,,,代銷案總量,,,房市成交熱度,,,完工入帳時程,,,房市政策打壓,,,利率大幅跳升,,,推案進度延後,,,房市景氣的先行指標，只要建商敢開案，它就能賺錢
2358,廷鑫,上市其他,,,財務危機股,鋁合金棒材,,,皮件,,,鎂合金生醫材,,,債務協商進度,,,現金流狀況,,,工廠稼動率,,,跳票/財務危機,,,高負債比,,,下市風險,,,近期爆發財務困難與跳票危機，營運陷入停擺，屬極高風險標的。
2443,昶虹,上市其他,,,光碟轉型迷途,光碟片(舊業),,,醫療器材貿易,,,建材,,,財報真實性,,,新業務營收貢獻,,,全額交割解除進度,,,長期虧損,,,會計師出具保留意見,,,轉型成效不明,,,前身是「億麗」，轉型過程坎坷，財務透明度低，長期處於虧損狀態。
2496,卓越,上市其他,,,補教數學王,陳立數學(高中補習),,,光纖業務(舊業),,,幼兒教育,,,補習班招生人數,,,少子化速度,,,K12教育政策,,,少子化衝擊生源,,,名師流失風險,,,新課綱變動,,,借殼上市的補教股，核心資產是「陳立數學」，現金流穩定但成長受限於少子化。
2514,龍邦,上市其他,I025010,,泰山的影武者,營建開發,,,殯葬業務,,,轉投資(泰山/中信金),,,泰山經營權之爭,,,股利收入,,,房地產建案進度,,,過度槓桿投資,,,經營權爭議,,,業外投資波動大,,,比起本業營建，市場更關注它與泰山企業的股權糾葛，本質是投資控股公司。
2614,東森,上市其他,,,媒體寵物商,新媒體廣告,,,寵物店(東森寵物雲),,,倉儲貿易,,,廣告營收成長,,,寵物店展店數,,,轉投資(東森購物)獲利,,,媒體碎片化競爭,,,寵物市場整合難度,,,業外投資複雜,,,集團版圖龐大，橫跨媒體、貿易、倉儲與寵物，近年重心在整合線上線下寵物商機。
2904,匯僑,上市其他,,,油槽收租公,化學品儲槽租賃,,,物流服務,,,油品貿易,,,台中港油槽出租率,,,石化產業景氣,,,高現金殖利率,,,工安意外風險,,,石化業歲修,,,租約長短,,,擁有台中港龐大的化學品儲槽，獲利極度穩定且不受景氣影響太大，是冷門定存股。
3040,遠見,上市其他,I025030,,北京收租公,北京科技園區租金,,,翻譯機(舊業),,,創投,,,北京商辦出租率,,,人民幣匯率,,,轉投資新創損益,,,中國商辦空置率高,,,本業電子早已沒落,,,資金匯出限制,,,以前做「哈電族」翻譯機，現在是北京科技園區的包租公，資產色彩濃厚。
5284,jpp-KY,上市其他,J001450|I023471,,掌握航太與伺服器外殼的「精密鈑金王」,航太駕駛艙零件,,,AI 伺服器機殼,,,自動販賣機/通訊,,,航太產能利用率,,,伺服器客戶訂單,,,匯率變動,,,航太需求突然下滑,,,新廠產能開出過慢,,,原料漲價,,,是台股中少見的航太/AI 雙題材精密製造商
5871,中租-KY,上市其他,,,中小企業融資與能源轉型的「影子銀行」,設備租賃,,,太陽能電廠發電,,,東南亞/中國融資,,,延滯率(NPL),,,資金成本差,,,太陽能建置容量,,,中國經濟大幅衰退,,,高利率環境侵蝕利差,,,信用違約,,,它是融資界龍頭，獲利能力取決於對風險的管控與利差
6184,大豐電,上市其他,,,數位有線電視與寬頻上網的區域龍頭,寬頻上網費,,,有線電視收視費,,,廣告收入,,,寬頻滲透率,,,ARPU(每戶貢獻),,,現金流量,,,剪線潮(OTT競爭),,,同業價格戰,,,頻譜費用,,,轉型寬頻服務成功，擁有極強的現金產生能力
6464,台數科,上市其他,,,中台灣有線霸主,有線電視收視費,,,寬頻上網,,,媒體廣告,,,寬頻用戶數,,,5G企業專網案量,,,剪線潮速度,,,有線電視用戶流失,,,OTT平台競爭,,,費率管制風險,,,中台灣有線電視龍頭，雖然第四台用戶在流失，但寬頻上網業務彌補了缺口，現金流強勁。
6504,南六,上市其他,,,不織布亞洲王,水針不織布(濕紙巾/面膜),,,手術衣,,,熱風不織布(尿布),,,原物料(PP/PET)價格,,,中國/印度內需消費,,,產能利用率,,,中國市場內捲,,,疫情紅利消退,,,原料價格波動,,,亞洲最大的水針不織布廠，是嬌生、聯合利華等國際大廠的供應商。
6585,鼎基,上市其他,I017022,,高端 TPU 材料廠商，成功切入醫療與車用,車漆保護膜(PPF),,,醫療導管材料,,,電子產品應用,,,PPF 市場滲透率,,,高毛利產品占比,,,研發進度,,,品牌客戶轉單,,,化工原料價格,,,技術替代風險,,,產品從傳產轉向高端應用，是毛利率改善的典範
6592,和潤企業,上市其他,I022010,,和泰集團的銀彈庫，專注於汽車金融與綠能,Toyota/Lexus 購車分期,,,企業融資,,,儲能與充電,,,新車市佔率,,,海外融資規模,,,淨利差,,,消費者信用惡化,,,集團品牌召回風險,,,競爭者搶市,,,緊跟和泰車銷量，是參與車市與儲能成長的優質工具
6625,必應,上市其他,,,五月天幕後手,演唱會製作,,,硬體租賃,,,展演活動策劃,,,演唱會場次數量,,,海外巡演規模,,,毛利率,,,疫情/天災導致活動取消,,,過度依賴單一藝人(五月天),,,人力成本上升,,,台灣演唱會製作龍頭，獲利與「五月天」巡演頻率高度正相關，解封後營運大爆發。
6655,科定,上市其他,,,裝潢建材精品,塗裝木皮板,,,環保無毒建材,,,系統櫃,,,中國房市景氣,,,台灣裝修市場需求,,,毛利率(品牌溢價),,,中國房地產崩盤,,,裝潢缺工影響進度,,,原物料木材漲價,,,在室內設計界擁有高知名度的品牌，毛利高，但受中國房市低迷拖累嚴重。
6901,鑽石投資,上市其他,,,專注生技產業轉化的「生醫創投旗艦」,標的公司上市後價差,,,股利收入,,,顧問服務,,,轉投資標的臨床進度,,,生技股整體估值,,,資金水位,,,生技研發失敗,,,公開發行案(IPO)受阻,,,投資週期過長,,,股價受標的公司漲跌影響極大，適合對生技有長期耐心的投資者
8033,雷虎,上市其他,J001450|J001490,,轉型國防軍用無人機的「空中尖兵」,軍用/商用無人機,,,牙科醫療器材,,,遙控模型,,,政府國防標案進度,,,無人機研發認證,,,毛利率,,,標案入帳不均,,,研發費用過高,,,國防預算調整,,,股性與政策連動極強，是純度很高的軍工題材股
8404,百和興業-KY,上市其他,,,織帶地產雙棲,鞋帶/織帶(中國內需),,,無錫房地產開發,,,3C周邊配件,,,中國運動鞋銷量,,,無錫建案交屋進度,,,原物料價格,,,中國消費降級,,,房地產政策打壓,,,母公司(百和)競爭,,,百和集團子公司，專攻中國內需市場，近年獲利亮點在無錫的房地產開發案。
8411,福貞-KY,上市其他,,,深耕中國市場的「兩片罐」包裝專家,涼茶與啤酒罐代工,,,三片罐包裝,,,海外廠收益,,,中國餐飲消費力,,,鋁價波動,,,新廠利用率,,,中國競爭削價,,,鋁價轉嫁困難,,,單一市場風險,,,股價與中國內需消費情緒高度相關
8442,威宏-KY,上市其他,,,行李箱精品匠,精品包袋代工(Tumi/Kipling),,,運動裝備(Nike),,,護具,,,旅遊復甦程度,,,柬埔寨/越南產能,,,主要客戶庫存,,,全球旅遊景氣衰退,,,人工成本上漲,,,匯率波動,,,併購多個工廠後成為全球精品行李箱代工龍頭，是「報復性旅遊」的直接受惠者。
8463,潤泰材,上市其他,I011010,,水泥風電推手,水泥建材,,,室內設計(潤德),,,離岸風電灌漿材,,,國內房市推案量,,,離岸風電裝機進度,,,潤德(子公司)獲利,,,水泥價格波動,,,房市景氣反轉,,,原料煤價成本,,,潤泰集團成員，除了做水泥，離岸風電的「基座灌漿材」是特殊利基。
8466,美吉吉-KY,上市其他,,,地板鋪設王,LVT/SPC石塑地板,,,PP環保地板,,,建材貿易,,,北美房市/裝修需求,,,台南新廠稼動率,,,PVC原料價格,,,美國關稅壁壘(反傾銷),,,新廠折舊壓力,,,海運運費,,,全球主要的塑膠地板代工廠，原本重心在中國，現積極轉向台灣製造以供應北美市場。
8481,政伸,上市其他,,,貼紙美學家,自行車貼標,,,運動器材貼標,,,電子產品貼標,,,巨大/美利達訂單,,,自行車庫存去化,,,毛利率(高標),,,自行車產業高庫存,,,新技術(免貼標)替代,,,匯率波動,,,全球自行車貼標龍頭，市佔率極高，毛利驚人，但受自行車產業庫存調整影響大。
8488,吉源-KY,上市其他,,,中國製罐廠,三片式馬口鐵罐(八寶粥/飲料),,,鋁罐(啤酒),,,彩印,,,中國飲料消費量,,,原物料(馬口鐵/鋁)價格,,,加多寶/銀鷺訂單,,,中國內需疲弱,,,原物料成本暴漲,,,單一市場(中國)風險,,,營運完全依賴中國飲料市場，受中國消費降級與原物料價格夾擊。
9902,台火,上市其他,I027014|I099030,,士林大地主,資產租賃,,,商用車貿易,,,投資,,,士林官邸土地開發案,,,租金收益率,,,公車/垃圾車標案,,,本業獲利微薄,,,資產開發進度延宕,,,業外投資虧損,,,本業幾乎沒在賺錢，股價完全取決於士林土地資產的重估與開發題材。
9905,大華,上市其他,,,鋁罐定存股,鋁罐(啤酒/飲料),,,易開蓋,,,塑膠膜,,,兩岸飲料消費量,,,國際鋁價走勢,,,越南廠營運,,,鋁價劇烈波動,,,環保法規限制,,,中國市場競爭,,,台灣與中國主要的鋁罐供應商，獲利與配息長年穩定，受鋁價成本影響大。
9907,統一實,上市其他,,,統一集團下的包材大本營，專攻馬口鐵與PET,馬口鐵與飲料罐,,,PET飲料包裝,,,乳品代工,,,鋼材成本,,,統一集團訂單,,,中國飲料市場,,,鋼價大幅變動,,,替代包材競爭,,,中國內需疲軟,,,集團色彩濃厚，是獲利非常穩健的傳產包材股
9917,中保科,上市其他,I099080,,從保全龍頭轉型為「智慧城市」的守護者,系統保全月費,,,智慧城市標案,,,物業管理服務,,,經常性收入(ARR),,,智慧工程簽約額,,,股息配發率,,,人力成本上升,,,新事業推廣緩慢,,,資安風險,,,是台股中最穩定的「收租型」科技服務標的之一
9919,康那香,上市其他,,,衛生棉老牌,衛生棉,,,濕紙巾,,,不織布材料,,,原物料(漿/纖維)價格,,,新品市佔率,,,中國揚州廠狀況,,,出生率下降(嬰兒用品減),,,同業價格戰,,,原物料上漲,,,老牌衛生棉廠，近年積極開發高階不織布材料與代工業務，但成長動能平緩。
9925,新保,上市其他,I099080,,穩健經營的保全二哥，強攻高齡化照護,電子保全,,,智慧辦公室,,,長期照護服務,,,續約率,,,銀髮市場營收,,,營益率,,,市場競爭激烈,,,勞動力缺口,,,數位化轉型門檻,,,獲利穩定&殖利率優，是防禦型投資的首選
9927,泰銘,上市其他,,,鉛回收霸主,鉛錠(電池原料),,,鉛回收處理,,,貴金屬提煉,,,LME鉛價走勢,,,電動機車(鉛酸電池)需求,,,泰國/越南佈局,,,鉛價崩跌,,,環保法規趨嚴,,,鋰電池取代鉛酸電池,,,亞洲最大的鉛回收廠，獲利與國際鉛價高度連動，高殖利率常客。
9928,中視,上市其他,I099070,,旺旺傳聲筒,電視廣告,,,版權授權,,,土地資產,,,收視率排名,,,廣告營收佔比,,,資產活化,,,傳統電視廣告衰退,,,政治色彩濃厚,,,連年虧損,,,旺旺集團旗下媒體，本業經營辛苦，偶爾有資產活化或選舉題材才會動。
9929,秋雨,上市其他,I099070,,商業印刷廠,商業傳單,,,雜誌印刷,,,數位印刷,,,紙漿價格,,,廣告傳單需求,,,新客戶開發,,,紙本媒體式微,,,無紙化趨勢,,,原料成本高漲,,,台灣最大的商業印刷廠，受到數位化衝擊最大，營運長期處於轉型與縮減規模的壓力下。
9933,中鼎,上市其他,I025020,,全球百大、台灣第一的「大型工程統包商」,石化工程,,,煉油與天然氣電廠,,,環保綠能工程,,,在手訂單金額,,,工程毛利率,,,政府能源預算,,,投標失敗,,,缺工導致工期延誤,,,國際標案收款風險,,,它是台灣能源轉型與全球石化擴產的關鍵執行者
9938,百和,上市其他,,,鞋帶魔鬼氈王,黏扣帶(魔鬼氈),,,織帶/鞋帶,,,梭織緹花布,,,Nike/Adidas訂單,,,印尼/越南擴產進度,,,房地產銷售(無錫),,,奧運/世足題材,,,運動品牌庫存調整,,,原物料成本,,,全球最大的黏扣帶與鞋帶廠，是運動鞋供應鏈不可或缺的一環，基本面紮實。
9939,宏全,上市其他,,,橫跨亞太的「飲料包材與充填」代工龍頭,瓶蓋與標籤銷售,,,飲料代工(In-house),,,吹瓶服務,,,夏季均溫,,,東南亞廠稼動率,,,鋁與塑膠成本,,,主要客戶自行建線,,,原料價格飆漲,,,地緣政治,,,飲料界的隱形冠軍，隨東南亞擴廠進入快速成長期
9940,信義,上市其他,I099080,,擁有強大數據與品牌力的房仲服務龍頭,房屋仲介佣金,,,建案開發,,,大陸房地產投資,,,台灣成屋交易量,,,人才留存率,,,代銷案進度,,,中國房產減損風險,,,實體店面成本上升,,,數位轉型失敗,,,獲利與全台交易量高度連動，是穩健的房市指標股
9941,裕融,上市其他,I022010,,裕隆集團的金融核心，從車貸走向多元,新/中古車貸款,,,機車/消費融資,,,能源與出行服務,,,壞帳率,,,租賃資產規模,,,裕隆新車銷售數據,,,汽車市場景氣反轉,,,債信品質下降,,,利率上揚,,,隨電動車與多元融資佈局，是相對穩健的內需金融股
9942,茂順,上市其他,,,油封隱形冠軍,工業/車用油封,,,防塵套,,,密封元件,,,工業自動化訂單,,,中國車市復甦,,,毛利率(高標),,,原物料橡膠價格,,,匯率波動,,,中國景氣下行,,,台灣少數的油封大廠，產品應用廣泛(從汽車到怪手都要用)，獲利能力極強且穩定。
9944,新麗,上市其他,,,纖維棉專家,樹脂棉(成衣保溫),,,車用不織布(內裝/隔音),,,過濾材,,,冬季成衣需求,,,全球汽車銷量,,,美國/東南亞產能,,,暖冬影響成衣銷量,,,原料價格波動,,,車市殺價競爭,,,亞洲最大的樹脂棉製造商，主要供應給知名戶外品牌(如The North Face)做保暖內襯，也切入車用隔音市場。
9945,潤泰新,上市其他,,,橫跨營建、零售與「南山人壽」的綜合體,建案入帳,,,南山人壽業外貢獻,,,潤泰全轉投資,,,南山人壽淨值,,,營建案量,,,內需消費景氣,,,壽險淨值波動,,,建案工期延宕,,,利率敏感度高,,,獲利受南山人壽影響極大，比起營建股更像控股公司
OTC41,生技醫療,上櫃生技醫療,,,,,,,,,,,,,,,,,,,,,,,,,,,,,,,
8436,大江,上櫃生技醫療,I017060,,保健代工王,保健飲品/面膜ODM,,,機能性食品,,,膠原蛋白,,,中國市場營收,,,歐美客戶佔比,,,新廠稼動率,,,中國消費降級,,,客戶庫存調整,,,行銷費用高,,,台灣保健食品代工龍頭，高度依賴中國市場，近年積極拓展歐美。
8432,東生華,上櫃生技醫療,I017032|I017033,,慢性病藥,心血管用藥,,,腸胃藥,,,新藥開發/代理,,,健保藥價調整,,,新藥授權金,,,代理藥品銷量,,,健保砍價壓力,,,新藥開發失敗,,,權利金波動,,,洋華集團轉投資，專攻慢性病藥物的開發與行銷。
8409,商之器,上櫃生技醫療,,,醫療影像,PACS(醫療影像系統),,,行動醫療,,,AI診斷,,,醫院標案市佔,,,維護合約收入,,,AI新產品,,,醫療預算縮減,,,標案競爭,,,軟體人才短缺,,,台灣PACS系統龍頭，醫生看X光片都靠它的軟體，近年導入AI輔助診斷。
8403,盛弘,上櫃生技醫療,I017090,,醫療集團,敏盛醫院(管理),,,醫藥物流,,,健檢,,,醫院管理收入,,,藥品物流規模,,,轉投資效益,,,健保政策變動,,,業外投資波動,,,人力成本,,,敏盛醫院集團的核心，整合了醫院管理、藥品物流與健檢，是醫療控股平台。
8279,生展,上櫃生技醫療,I017060,,醱酵保健王,益生菌/靈芝原料,,,保健品代工,,,特殊劑型,,,主要客戶(Weider)訂單,,,新廠產能,,,原料銷售,,,代工毛利壓力,,,大客戶依賴,,,市場競爭,,,生達集團成員，專攻微生物醱酵技術，是Costco暢銷益生菌的代工廠。
6841,長佳智能,上櫃生技醫療,,,醫療AI先驅,AI醫療輔助診斷,,,醫療大數據,,,雲端平台,,,AI醫材取證數,,,醫院導入家數,,,授權金,,,AI落地變現慢,,,法規限制,,,數據隱私風險,,,擁有全台最多的醫療AI醫材許可證，重點在於如何將技術轉化為穩定的現金流。
6785,昱展新藥,上櫃生技醫療,I017033,,長效注射劑,新藥(ALA-1000),,,戒毒癮/疼痛藥,,,授權金,,,授權金(Indivior)認列,,,臨床試驗進度,,,505(b)(2)路徑,,,解盲失敗,,,授權夥伴違約,,,藥證審查延宕,,,專攻長效型注射劑，已將主力藥物授權給國際大廠Indivior，享有高額授權金與分潤。
6767,台微醫,上櫃生技醫療,I017036,,脊椎微創,脊椎融合器,,,骨水泥,,,微創手術器械,,,自費醫材使用率,,,醫院進貨量,,,新產品認證,,,健保砍價,,,微創手術競爭,,,市場推廣難,,,專做脊椎微創手術的高階醫材，主打傷口小、復原快的自費市場。
6762,達亞,上櫃生技醫療,I017036,,醫材模具王,醫療器材模具,,,射出成型,,,手術器械,,,國際大廠(J&J/Ethicon)訂單,,,新模具開案量,,,毛利率,,,單一客戶依賴,,,新產品認證慢,,,匯率波動,,,專做高精密醫療器材模具，客戶都是國際醫材巨頭，獲利能力極強。
6747,亨泰光,上櫃生技醫療,,,角膜塑型片,角膜塑型片(OK鏡),,,硬式隱形眼鏡,,,護理液,,,中國/台灣近視人口,,,OK鏡滲透率,,,中國集採政策,,,中國消費降級,,,同業價格戰,,,法規變動,,,台灣角膜塑型片龍頭，主攻兒童近視防控，中國是最大成長市場，但面臨集採降價壓力。
6733,博晟生醫,上櫃生技醫療,I017036,,骨科再生,軟骨修復(RevoCart),,,骨生長因子,,,抗生素,,,自費手術案例數,,,醫院通路覆蓋,,,海外授權,,,推廣速度不如預期,,,健保核價低,,,研發燒錢,,,主打「一次性自體軟骨修復」技術，需要持續教育醫師與病患接受新療法。
6712,長聖,上櫃生技醫療,I017033|I017034,,細胞治療王,免疫細胞治療,,,幹細胞治療,,,特管法專案,,,收案病患數,,,細胞製備產能,,,新藥臨床數據,,,法規政策變動,,,治療費用高昂,,,臨床失敗風險,,,台灣細胞治療龍頭，受惠特管法開放，已有穩定的細胞製備收入，並開發異體細胞新藥。
6703,軒郁,上櫃生技醫療,,,美妝電商,面膜(未來的),,,保養品,,,保健品(M2),,,雙11/618檔期銷量,,,代言人效益,,,回購率,,,行銷費用高漲,,,電商流量紅利消失,,,品牌老化,,,靠「未來的」面膜與「M2」膠原蛋白爆紅，擅長網紅行銷與電商操作。
6662,樂斯科,上櫃生技醫療,I017052,,實驗鼠王,實驗動物養殖,,,檢測服務,,,儀器代理,,,新藥研發案量,,,實驗鼠銷量,,,代理設備營收,,,生技研發縮減,,,動物保護法規,,,疫情影響物流,,,供應全台灣生技實驗室所需的實驗鼠，是生技研發供應鏈的最上游。
6661,威健生技,上櫃生技醫療,I017052,,基因檢測,晶片檢測服務,,,基因定序,,,試劑銷售,,,產前/癌症檢測量,,,實驗室產能,,,新產品認證,,,少子化影響產前檢測,,,市場競爭,,,法規限制,,,提供基因晶片檢測服務，應用在產前篩檢與癌症用藥評估。
6649,台生材,上櫃生技醫療,I017036,,腦中風醫材,血栓移除裝置,,,腦膜,,,人工發泡腦膜,,,美國市場銷售,,,台灣健保給付,,,授權金,,,市場推廣慢,,,競爭對手強大,,,認證延宕,,,專攻腦中風血栓移除與腦膜修補醫材，結合工研院技術與臨床醫師需求。
6615,慧智,上櫃生技醫療,,,基因檢測權威,產前基因檢測,,,癌症檢測,,,新生兒篩檢,,,新生兒出生數,,,高階檢測滲透率,,,檢測樣本數,,,少子化衝擊,,,檢測價格競爭,,,法規風險,,,由蘇怡寧醫師創辦，在產前基因檢測領域有高知名度，但受少子化影響大。
6612,奈米醫材,上櫃生技醫療,I017036,,白內障醫材,人工水晶體植入器,,,人工水晶體,,,授權金,,,權利金收入,,,產品銷量,,,愛爾康(Alcon)合作,,,專利訴訟,,,單一產品風險,,,匯率波動,,,技術授權給國際大廠愛爾康，收取穩定的權利金，並銷售自有品牌人工水晶體。
6589,台康生技,上櫃生技醫療,,,生物藥CDMO,乳癌生物相似藥,,,CDMO代工,,,授權金,,,乳癌藥(EG12014)銷售,,,CDMO訂單,,,郭台銘投資效益,,,生物相似藥競爭,,,新廠折舊,,,銷售分潤波動,,,鴻海郭台銘投資的CDMO大廠，乳癌生物相似藥已由Sandoz銷售，進入收割期。
6576,逸達,上櫃生技醫療,I017033|I017034,,緩釋針劑平台,前列腺癌藥(Camcevi),,,氣喘新藥,,,罕病藥,,,美國市佔率,,,授權金,,,新適應症臨床,,,銷售不如預期,,,授權夥伴銷售力,,,臨床失敗,,,擁有獨家緩釋針劑平台，前列腺癌藥已在美國上市，長期看權利金收入。
6574,霈方,上櫃生技醫療,,,百貨美妝,保養品(Envie de Neuf),,,美容護膚,,,會員制,,,百貨專櫃坪效,,,會員回購率,,,新品牌成效,,,百貨人流減少,,,行銷成本高,,,品牌競爭,,,主攻百貨專櫃的高單價保養品，擁有多個自有品牌。
6569,醫揚,上櫃生技醫療,I023110,,醫療電腦,醫療用電腦,,,生理監測系統,,,行動護理車,,,歐美醫院標案,,,AI醫療專案,,,毛利率,,,醫療預算縮減,,,晶片缺料,,,匯率風險,,,華碩集團成員，專做醫療等級的電腦與顯示器，獲利穩健。
6547,高端疫苗,上櫃生技醫療,,,國產疫苗,新冠疫苗,,,腸病毒疫苗,,,流感公費疫苗,,,腸病毒疫苗銷量,,,海外認證(WHO),,,流感標案,,,政治輿論風險,,,單一產品週期,,,研發燒錢,,,新冠疫苗爭議大，目前營運重心轉向「腸病毒71型疫苗」的銷售與海外佈局。
6535,順藥,上櫃生技醫療,J001190|I017032|I017033,,長效止痛藥,長效止痛針(LT1001),,,中風新藥(LT3001),,,授權金,,,中風藥解盲數據,,,止痛針海外銷售,,,授權進度,,,解盲失敗(一翻兩瞪眼),,,資金短缺,,,研發週期長,,,中風新藥LT3001是市場關注焦點，若成功將是重磅級新藥，風險極高。
6527,明達醫,上櫃生技醫療,I017036,,眼科儀器,眼底照相機,,,眼壓計,,,代工(ODM),,,ODM訂單,,,自有品牌銷量,,,毛利率,,,主要客戶策略,,,競爭激烈,,,匯率波動,,,明基友達集團成員，專做眼科診斷儀器，代工與自有品牌並重。
6523,達爾膚,上櫃生技醫療,,,醫美保養品,DR.WU品牌,,,保養品銷售,,,海外授權,,,藥妝通路銷量,,,線上電商成長,,,中國市場授權金,,,品牌老化,,,市場競爭,,,中國消費疲弱,,,台灣知名醫美保養品牌DR.WU，採輕資產模式，獲利能力強，高殖利率概念。
6499,益安,上櫃生技醫療,I017036,,高階醫材研發,微創手術醫材,,,心導管,,,授權金,,,產品授權進度,,,里程碑金(Milestone),,,CDMO轉型,,,授權談判破局,,,研發燒錢,,,收購整合風險,,,由張有德博士領軍，專做高階醫材研發與授權，近年併購美國公司轉型CDMO。
6496,科懋,上櫃生技醫療,,,罕病藥代理,罕見疾病藥物,,,特殊醫療服務,,,保健品,,,新藥健保核價,,,代理權續約,,,保健品營收,,,健保砍價,,,原廠收回代理,,,市場規模小,,,專攻罕見疾病藥物代理與銷售，提供特殊醫療服務，獲利受健保政策影響大。
6492,生華科,上櫃生技醫療,J001190|I017033,,抗癌新藥,新藥(CX-5461),,,抗感染藥,,,臨床試驗,,,臨床數據讀取,,,授權談判,,,現金水位,,,臨床失敗,,,研發進度延宕,,,資金籌措,,,開發機制獨特的抗癌新藥(如抑制DNA修復)，鎖定膽管癌等未滿足醫療需求。
6469,大樹,上櫃生技醫療,,,藥局龍頭,連鎖藥局,,,婦嬰用品,,,處方籤調劑,,,展店速度(目標500店),,,同店營收成長,,,毛利率,,,展店租金成本,,,藥師短缺,,,電商競爭,,,台灣連鎖藥局霸主，展店速度快，規模經濟效益顯現，是內需成長股代表。
6461,益得,上櫃生技醫療,J001190|I017032|I017033,,吸入劑專家,呼吸道藥物(MDI),,,代工,,,CDMO,,,美國藥證申請,,,CDMO訂單,,,產能利用率,,,藥證審查延宕,,,研發燒錢,,,設備折舊,,,台灣唯一具備定量吸入劑(MDI)技術的藥廠，鎖定氣喘與COPD龐大市場。
6242,立康,上櫃生技醫療,I017060,,觀光工廠,中草藥觀光工廠,,,保健品,,,會員銷售,,,遊覽車來客數,,,客單價,,,會員回購率,,,國旅景氣下滑,,,遊覽車客源不穩,,,法規限制,,,經營中草藥觀光工廠，靠遊覽車帶團與會員回購創造驚人獲利，是生技界的傳產股。
6130,上亞科技,上櫃生技醫療,,,軟體轉生技,軟體專案(舊業),,,生技投資,,,其他,,,新業務營收,,,轉型成效,,,流動性,,,業務變動頻繁,,,本業無競爭力,,,全額交割風險,,,原名基因國際，經歷多次更名與業務調整，營運狀況不穩定。
5312,寶島科,上櫃生技醫療,,,眼鏡通路王,寶島眼鏡,,,隱形眼鏡銷售,,,驗光服務,,,配鏡營收,,,門市坪效,,,隱眼自有品牌,,,雷射手術競爭,,,店租/人力成本,,,市場飽和,,,台灣最大的眼鏡連鎖通路，營運極度穩定，也是高殖利率定存股。
4911,德英,上櫃生技醫療,J001190|I017033,,植物新藥,皮膚癌藥(SR-T100),,,保健品(利保肝),,,原料藥,,,新藥藥證,,,保健品銷量,,,原料銷售,,,新藥銷售慢,,,健保核價,,,單一產品依賴,,,專攻植物萃取技術，主力產品是治療皮膚鱗狀細胞癌的外用藥膏與保肝健康食品。
4747,強生,上櫃生技醫療,I017032,,學名藥老廠,學名藥(神經/精神科),,,代工,,,經銷,,,健保藥價,,,新品上市,,,代工訂單,,,健保砍價,,,市場競爭,,,原料成本,,,專精於神經與精神科用藥的學名藥廠，獲利平穩。
4745,合富-KY,上櫃生技醫療,,,檢驗試劑通路,臨床檢驗試劑,,,設備代理,,,合資合作,,,醫院採購合約,,,中國醫療政策,,,新代理線,,,中國集採降價,,,代理權變動,,,應收帳款風險,,,主要在中國經營檢驗試劑與設備通路，首創「層峰計畫」與醫院合作，受中國醫改政策影響大。
4744,皇將,上櫃生技醫療,,,製藥設備,製藥包裝設備,,,貼標機,,,數粒機,,,全球藥廠擴產,,,CVC(連續式數粒)銷量,,,美國市場營收,,,藥廠資本支出縮減,,,匯率波動,,,競爭激烈,,,台灣最大的製藥包裝設備廠，併購韓國軟膠囊設備廠後，產品線更完整。
4743,合一,上櫃生技醫療,I017033,,傷口新藥,糖尿病足潰瘍藥(速必一),,,抗體新藥(FB825),,,授權金,,,中國/美國藥證銷售,,,FB825臨床進度,,,授權金認列,,,銷售不如預期,,,臨床失敗,,,研發燒錢,,,中天集團旗艦，糖尿病足新藥「速必一」已取得多國藥證，重點在於銷售放量與新藥授權。
4735,豪展,上櫃生技醫療,I017036,,體溫測量王,耳溫槍,,,額溫槍,,,血壓計,,,主要客戶(Braun)訂單,,,非接觸商機,,,匯率,,,疫情紅利消退,,,客戶庫存調整,,,低價競爭,,,全球體溫量測大廠，百靈(Braun)的主要代工廠，獲利隨國際大廠訂單波動。
4728,雙美,上櫃生技醫療,I017036,,膠原蛋白針,膠原蛋白植入劑(膚力原),,,保養品,,,骨科牙科材,,,中國醫美銷量,,,台灣市佔率,,,產能擴充,,,中國監管加嚴,,,經營權紛爭(過去),,,競爭品(玻尿酸),,,專做膠原蛋白注射劑，在中國醫美市場有高知名度，獲利能力強。
4726,永昕,上櫃生技醫療,,,生物藥CDMO,CDMO代工,,,生物相似藥開發,,,技術服務,,,CDMO產能利用率,,,日本/韓國客戶訂單,,,新廠折舊,,,CDMO殺價競爭,,,研發成本,,,客戶臨床失敗,,,轉型純CDMO公司，主要服務日韓客戶，擁有生物藥開發到生產的完整平台。
4198,欣大健康,上櫃生技醫療,I017036,,環保與生技,環保工程,,,生技醫療(轉型),,,其他,,,新業務營收,,,轉型成效,,,流動性,,,業務雜亂,,,本業無競爭力,,,全額交割風險,,,原名環保，經歷多次轉型，目前業務方向較為發散。
4192,杏國,上櫃生技醫療,I017033|I017060,,新藥研發,胰臟癌新藥(SB05PC),,,黃斑部病變藥,,,母公司(杏輝)資源,,,臨床試驗結果,,,授權談判,,,現金流,,,臨床解盲失敗(曾失敗),,,資金短缺,,,研發漫長,,,杏輝子公司，主攻胰臟癌新藥，曾面臨解盲失敗，仍持續嘗試二線治療開發，風險極高。
4188,安克,上櫃生技醫療,,,超音波AI,甲狀腺超音波AI,,,呼吸中止症檢測,,,聲波散射技術,,,健保給付進度,,,醫院導入量,,,海外授權,,,推廣速度慢,,,軟體收費難,,,長期虧損,,,美吾華集團成員，全球首創甲狀腺超音波AI檢測軟體，已獲FDA上市許可，但在推廣上仍需努力。
4183,福永生技,上櫃生技醫療,,,檢測與試劑,血糖檢測,,,檢驗試劑,,,其他,,,試劑銷量,,,代工訂單,,,毛利率,,,市場競爭,,,規模小,,,流動性低,,,規模較小的檢測廠商，主要產品為血糖監測系統。
4175,杏一,上櫃生技醫療,,,醫療通路后,醫療用品連鎖,,,長照輔具,,,醫院型商場,,,展店數,,,同店營收成長,,,商場標案,,,醫院門診量(疫情影響),,,電商競爭,,,租金/人力成本,,,台灣醫療用品通路龍頭，店面多開在醫院旁，專攻出院準備與長照需求，營運穩健。
4174,浩鼎,上櫃生技醫療,,,抗癌新藥,乳癌疫苗(OBI-822),,,ADC藥物,,,單抗新藥,,,二/三期臨床數據,,,授權金,,,新經營團隊策略,,,解盲失敗(歷史陰影),,,研發燒錢,,,資金壓力,,,台灣最知名的新藥公司，經歷解盲風暴與創辦人過世，目前轉向ADC藥物與主動免疫療法開發。
4173,久裕,上櫃生技醫療,,,藥品經銷,婦科/泌尿科藥品代理,,,疫苗經銷,,,物流服務,,,健保核價,,,新代理線,,,醫院標案,,,原廠收回代理,,,健保砍價,,,市場飽和,,,佳醫集團成員，專做藥品推廣與經銷，擁有強大的醫院通路網絡。
4168,醣聯,上櫃生技醫療,,,抗體新藥,抗癌抗體新藥,,,生物相似藥,,,技術授權,,,臨床數據,,,授權談判,,,相似藥進度,,,研發燒錢,,,臨床失敗,,,資金籌措,,,專攻醣分子抗原的抗體新藥開發，技術獨特但研發週期長。
4167,松瑞藥,上櫃生技醫療,,,培南抗生素,培南類抗生素(Ertapenem),,,原料藥,,,針劑,,,美國市佔率,,,產能利用率,,,原料藥價格,,,抗生素價格戰,,,原料成本上漲,,,匯率波動,,,全球前三大培南類抗生素供應商，垂直整合原料藥到針劑，主攻美國市場。
4163,鐿鈦,上櫃生技醫療,I017036,,微創手術刀,微創手術器械,,,精密扣件,,,微波開關,,,J&J/Ethicon訂單,,,扣件營收,,,微波開關(手機)需求,,,單一客戶依賴,,,匯率波動,,,醫療預算縮減,,,嬌生(J&J)微創手術器械的主要代工廠，技術精密度高，獲利穩定。
4162,智擎,上櫃生技醫療,I017032,,新藥獲利王,胰臟癌藥(安能得),,,PEP503,,,授權金,,,歐亞銷售權利金,,,新適應症(小細胞肺癌),,,現金股利,,,銷售成長趨緩,,,新藥開發風險,,,匯率影響,,,台灣最成功的授權獲利模式(NRDO)，靠胰臟癌藥的銷售分潤就能穩定獲利並配息。
4161,聿新科,上櫃生技醫療,,,居家檢測,血糖/膽固醇檢測,,,美容保養,,,生質能源(已減),,,檢測儀銷量,,,保養品營收,,,轉型成效,,,市場競爭,,,多元化導致聚焦難,,,流動性低,,,結合居家檢測與美容保養品，業務較雜。
4160,訊聯基因,上櫃生技醫療,,,精準醫療,產前基因檢測,,,癌症基因檢測,,,實驗室服務,,,檢測檢體量,,,高階檢測佔比,,,新生兒數,,,少子化衝擊,,,檢測價格戰,,,法規限制,,,訊聯集團成員，專攻基因檢測服務，受少子化影響，積極拓展癌症與預防醫學檢測。
4157,太景*-KY,上櫃生技醫療,I017032,,抗感染新藥,流感新藥(TG-1000),,,抗生素(太捷信),,,C肝藥,,,中國銷售授權金,,,流感藥臨床/授權,,,藥品銷售量,,,授權談判變數,,,新藥推廣慢,,,長期虧損,,,流感新藥TG-1000是市場焦點，已授權中國健康元，期待銷售權利金貢獻。
4153,鈺緯,上櫃生技醫療,,,醫療螢幕,診斷用顯示器,,,手術螢幕,,,特殊應用顯示器,,,歐美醫療大廠訂單,,,高階螢幕佔比,,,毛利率,,,面板價格波動,,,醫療預算縮減,,,匯率風險,,,佳世達集團成員，專做高階醫療診斷用螢幕，技術門檻比一般螢幕高。
4147,中裕,上櫃生技醫療,,,愛滋新藥,愛滋病新藥(Trogarzo),,,長效型新藥,,,授權金,,,美國銷售量,,,長效型臨床數據,,,產能利用率,,,銷售不如預期,,,推廣難度高,,,研發燒錢,,,專攻愛滋病新藥，Trogarzo已在美上市，目前致力於開發更具競爭力的長效劑型。
4139,馬光-KY,上櫃生技醫療,,,中醫連鎖,中醫診所(天津/新加坡),,,保健品,,,醫療管理,,,門診人次,,,新加坡公費醫療標案,,,天津診所擴張,,,中國疫情/封控,,,健保政策,,,人力成本,,,主要在新加坡與中國天津經營連鎖中醫診所，新加坡業務穩健，中國業務具成長潛力。
4138,曜亞,上櫃生技醫療,,,醫美設備,醫美雷射設備代理,,,保養品,,,植髮設備,,,醫美診所採購量,,,新設備上市,,,耗材收入,,,醫美市場競爭,,,代理權變動,,,景氣影響醫美消費,,,佳醫集團子公司，代理高階醫美設備與耗材，是醫美診所的主要供應商。
4131,浩泰,上櫃生技醫療,,,視聽轉生技,視聽設備(舊業),,,生技醫療(轉型),,,其他,,,新業務營收,,,轉型計畫,,,流動性,,,本業無競爭力,,,業務變動大,,,全額交割風險,,,業務轉型中，目前營運狀況不明朗。
4130,健亞,上櫃生技醫療,I017032,,製藥與創投,學名藥,,,新藥開發(PMR),,,轉投資(生控/心悅),,,學名藥營收,,,新藥授權,,,轉投資評價,,,健保砍價,,,新藥開發失敗,,,業外波動,,,本業學名藥穩定，特色在於投資了許多新藥公司，是生技界的創投概念股。
4129,聯合,上櫃生技醫療,I017036,,人工關節,人工膝/髖關節,,,骨科器械,,,代工,,,歐美/日本銷售成長,,,刀量(手術量),,,毛利率,,,中國集採降價,,,競爭對手(Zimmer/Stryker),,,匯率波動,,,亞洲唯一具有國際競爭力的人工關節廠，自有品牌與代工並重，近年歐美市場成長強勁。
4128,中天,上櫃生技醫療,I017060,,生技控股,轉投資(合一/中天上海),,,保健品,,,創投,,,合一(速必一)授權金,,,投資評價利益,,,保健品營收,,,新藥開發風險,,,轉投資波動大,,,依賴業外獲利,,,中天集團母艦，主要價值在於持有合一、鑽石生技等公司的股權與新藥開發潛力。
4127,天良,上櫃生技醫療,I017060,,成藥老牌,天良牌成藥,,,諾得感冒膠囊,,,保健品,,,廣告投放效益,,,藥局通路鋪貨,,,新品銷量,,,品牌老化,,,廣告法規限制,,,市場競爭,,,靠著「天良牌」成藥與電台/電視廣告建立知名度，營運平穩。
4126,太醫,上櫃生技醫療,I017036,,醫療耗材,密閉式抽痰管,,,傷口引流管,,,醫療氣體設備,,,歐美/日本訂單,,,新廠稼動率,,,毛利率,,,匯率波動,,,低價競爭,,,原物料成本,,,台灣醫療耗材出口大廠，密閉式抽痰管在全球市佔率高，獲利穩健。
4123,晟德,上櫃生技醫療,I017032|I017060,,生技工業銀行,生技創投,,,水劑藥品(本業),,,轉投資收益,,,轉投資IPO/處分利益,,,水劑市佔率,,,投資評價波動,,,轉投資公司虧損,,,新藥開發風險,,,現金流不穩,,,定位為「生技工業銀行」，透過投資、孵化生技公司並處分獲利，本業水劑市佔高。
4121,優盛,上櫃生技醫療,I017036,,血壓計與藥局,血壓計代工,,,佑全藥局(子公司),,,健康管理,,,血壓計出貨,,,藥局展店/獲利,,,毛利率,,,血壓計殺價,,,藥局競爭,,,匯率風險,,,雙引擎：血壓計代工+佑全藥局通路，藥局業務已分拆掛牌(佑全)。
4120,友華,上櫃生技醫療,I017060,,藥品代理,奶粉(卡洛塔妮),,,藥品(降血脂/醫美),,,西藥製造,,,奶粉銷量,,,新藥代理,,,自行研發新藥,,,少子化衝擊奶粉,,,健保砍價,,,代理權風險,,,奶粉與藥品代理雙主軸，近年積極投入自行研發新藥與醫美產品。
4116,明基醫,上櫃生技醫療,,,手術室設備,手術燈/床,,,超音波,,,牙科耗材,,,明基集團資源,,,海外經銷擴張,,,耗材佔比,,,醫院採購預算,,,匯率波動,,,競爭激烈,,,明基佳世達集團成員，專攻手術室設備與耗材，積極併購拓展通路。
4114,健喬,上櫃生技醫療,I017032,,併購成長王,學名藥(呼吸道/泌尿),,,代理藥品,,,購併藥證,,,愛克痰銷量,,,中國市場營收,,,購併綜效,,,健保砍價,,,財務槓桿高,,,股本膨脹,,,透過不斷併購藥廠與藥證壯大，呼吸道用藥「愛克痰」是超級明星商品，營收成長快。
4111,濟生,上櫃生技醫療,I017032,,洗腎液老廠,血液透析液,,,葡萄糖液,,,保健品,,,洗腎人口需求,,,醫院標案,,,保健品營收,,,健保砍價,,,原料成本,,,市場競爭,,,專做血液透析液(洗腎液)，市佔率高，獲利隨洗腎人口穩定成長。
4109,加捷生醫,上櫃生技醫療,I017060,,甲魚保健,甲魚精,,,保健食品,,,直銷/電商,,,甲魚原料產量,,,會員銷售,,,新通路成效,,,直銷法規,,,市場小眾,,,品牌老化,,,台灣唯一的甲魚保健品上市公司，近年積極轉型電商與年輕化。
4107,邦特,上櫃生技醫療,,,洗腎耗材,血液迴路管,,,穿刺針,,,TPU導管(高階),,,菲律賓廠產能,,,TPU導管銷量,,,毛利率,,,匯率波動,,,新廠折舊,,,低價競爭,,,洗腎耗材大廠，近年積極轉攻高毛利的TPU體內導管，菲律賓新廠是未來成長關鍵。
4105,東洋,上櫃生技醫療,,,微脂體專家,抗癌藥(微脂體/困難學名藥),,,代工,,,流感疫苗代理,,,微脂體藥物外銷,,,疫苗標案,,,授權金,,,健保砍價,,,海外訴訟(已解),,,代理權風險,,,台灣高端藥物傳輸系統(微脂體)的領導者，擁有困難學名藥開發能力與疫苗代理業務。
4102,永日,上櫃生技醫療,,,原料藥廠,原料藥(消炎/身心科),,,代工,,,化學中間體,,,永信集團資源,,,美日代工訂單,,,原料藥價格,,,環保成本,,,匯率波動,,,原料上漲,,,永信集團旗下的原料藥廠，品質獲國際認證，獲利穩健。
3218,大學光,上櫃生技醫療,,,眼科連鎖王,眼科診所(大學眼科),,,眼鏡門市,,,雷射手術,,,屈光/白內障手術量,,,中國據點營運,,,單店營收,,,中國消費疲弱,,,手術價格戰,,,醫師人力不足,,,台灣眼科連鎖龍頭，近視雷射與白內障手術需求強勁，是高成長的醫療服務股。
3205,佰研,上櫃生技醫療,,,保健品研發,保健食品ODM,,,中草藥新藥,,,有機食品,,,代工訂單,,,新藥研發進度,,,轉投資(麗豐)綜效,,,直銷客戶庫存,,,研發燒錢,,,市場競爭,,,克麗緹娜集團成員，主要幫直銷與品牌商代工保健食品。
3176,基亞,上櫃生技醫療,,,細胞治療,細胞治療(特管法),,,疫苗(高端母公司),,,新藥(溶瘤病毒),,,細胞治療案例數,,,授權金,,,轉投資損益,,,新藥開發失敗,,,高端疫苗爭議,,,監管法規,,,專攻細胞治療與核酸藥物，也是高端疫苗的母公司，評價受轉投資影響大。
3118,進階,上櫃生技醫療,,,生技服務,檢測服務,,,實驗動物,,,試劑代理,,,CRO服務訂單,,,實驗動物銷量,,,代理營收,,,研發預算縮減,,,市場競爭,,,代理權變動,,,提供生技業研發所需的檢測服務與實驗動物，是生技研發供應鏈的一環。
1813,寶利徠,上櫃生技醫療,,,鏡片專家,聚碳酸酯(PC)鏡片,,,光學鏡片,,,授權,,,鏡片銷量,,,權利金收入,,,匯率,,,眼鏡市場競爭,,,單一產品風險,,,技術替代,,,專做PC光學鏡片，擁有專利技術授權收入。
1799,易威,上櫃生技醫療,,,醫材與新藥,數位體溫計,,,新藥開發(TCell),,,再生醫學,,,美國代工訂單,,,新藥臨床進度,,,虧損改善,,,新藥燒錢,,,市場競爭,,,美國FDA查廠,,,以醫療器材代工起家，轉型開發再生醫學與困難學名藥，美國市場是重點。
1788,杏昌,上櫃生技醫療,,,洗腎通路,洗腎設備/耗材代理,,,牙科材料,,,醫美,,,洗腎標案,,,耗材銷售,,,代理權穩定度,,,健保砍價,,,原廠收回代理,,,匯率波動,,,杏輝集團成員，代理日本Toray洗腎設備，在台灣市佔率高，現金流穩定。
1784,訊聯,上櫃生技醫療,,,幹細胞儲存,臍帶血/幹細胞銀行,,,細胞治療,,,基因檢測,,,新生兒數,,,細胞治療案量,,,特管法開放,,,少子化衝擊儲存業務,,,細胞治療法規,,,市場競爭,,,台灣臍帶血儲存龍頭，受少子化影響，積極轉型細胞治療與外泌體應用。
1781,合世,上櫃生技醫療,,,醫材代工,血壓計,,,霧化器,,,呼吸治療器,,,歐美代工訂單,,,新產品(聽力輔具),,,毛利率,,,低價競爭,,,客戶集中,,,匯率波動,,,主要做居家醫療器材代工，獲利受國際大廠訂單與匯率影響。
1777,生泰,上櫃生技醫療,,,原料藥模範,原料藥(肌肉鬆弛/呼吸道),,,火災復工,,,學名藥原料,,,產能利用率,,,新廠進度,,,生達集團綜效,,,匯率波動,,,原料成本,,,火災理賠/重建,,,生達集團成員，獲利能力強的原料藥廠，火災後產能陸續恢復，重回成長軌道。
1565,精華,上櫃生技醫療,,,隱眼代工前球后,隱形眼鏡代工,,,彩拋,,,水膠/矽水膠,,,日本/歐美訂單,,,產能利用率,,,毛利率防守,,,價格戰(晶碩/金可),,,矽水膠轉型慢,,,匯率波動,,,曾經的生技股王，受紅色供應鏈與同業競爭影響，獲利衰退，正努力提升矽水膠佔比。
OTC44,紡織纖維,上櫃紡織纖維,,,,,,,,,,,,,,,,,,,,,,,,,,,,,,,
6506,雙邦,上櫃紡織纖維,I014040|I017022,,TPU塗層專家,透濕防水塗層(TPU),,,鞋材貼合,,,硬化劑,,,Nike/Adidas下單量,,,TPU報價,,,環保溶劑滲透率,,,原料(MDI/AA)漲價,,,單一產業(鞋業)依賴,,,匯率波動,,,專攻「透氣防水」的高階化學塗層，是機能性布料與鞋材的幕後功臣。
4442,竣邦-KY,上櫃紡織纖維,I014040,,輕資產布料腦,滑雪/戶外機能布研發,,,布料貿易,,,成衣接單,,,國際滑雪品牌(Burton/Helly Hansen)訂單,,,Vuori/Lululemon成長率,,,毛利率(研發導向),,,庫存去化速度,,,新興品牌崛起/沒落,,,匯率風險,,,不設大工廠，專做「布料研發設計」的輕資產公司，主要賺取設計溢價。
4433,興采,上櫃紡織纖維,I014040,,咖啡紗行銷王,S.Café環保咖啡紗,,,透氣防水布,,,成衣代工(神采),,,Patagonia/North Face訂單,,,環保材質滲透率,,,品牌行銷支出,,,行銷大於實質獲利,,,專利過期風險,,,成衣子公司管理,,,最會說故事的紡織廠(咖啡紗)，行銷能力強，但需檢視本業獲利是否跟上名氣。
4432,銘旺實,上櫃紡織纖維,I014030,,台灣制服王,成衣代工(運動/休閒),,,學校制服/團體服,,,自有品牌(HAKERS),,,歐美運動品牌訂單,,,台灣開學季(制服),,,自有品牌虧損收斂,,,歐美客戶砍單,,,匯率波動,,,自有品牌推廣不易,,,除了做出口代工，台灣許多學校的制服都是它做的，有穩定的基本盤。
4420,光明,上櫃紡織纖維,,,宜進加工手,加工絲(委託加工),,,布料買賣,,,資產租賃,,,母公司(宜進)策略,,,加工絲盤價,,,桃園資產重估,,,市場關注度低(流動性差),,,本業缺乏爆發力,,,依賴母公司訂單,,,宜進集團成員，本業是幫母公司做加工，主要看點在於跟隨集團的資產活化腳步。
4419,元勝,上櫃紡織纖維,I027011,,壽喜燒轉型,餐飲事業(潮肉壽喜燒),,,紡織貿易(舊業),,,家飾布,,,餐飲展店速度,,,單店營收,,,毛利率變化,,,轉型成效未定,,,餐飲競爭激烈,,,流動性風險,,,原名松懋，經營權易主後轉型做餐飲(潮肉)，已非純紡織股，屬轉型投機股。
4417,金洲,上櫃紡織纖維,,,全球漁網霸主,遠洋漁網,,,養殖箱網,,,圍網/拖網,,,全球漁業配額,,,箱網養殖滲透率,,,原料(尼龍/PE)價格,,,原油價格暴漲(原料與運費),,,海運運費,,,匯率波動,,,全球前三大漁網廠，真正的隱形冠軍，不管景氣好壞，漁夫都要補魚，獲利極穩。
4413,飛寶企業,上櫃紡織纖維,I014030,,成衣貿易商,成衣貿易,,,運動服飾,,,布料買賣,,,主要客戶(美國/歐洲)訂單,,,營收波動度,,,毛利率,,,營運規模過小,,,客戶集中度高,,,流動性不足,,,規模較小的成衣貿易商，營運起伏較大，市場關注度低。
4406,新昕纖,上櫃紡織纖維,,,特殊紗線廠,聚酯加工絲,,,特殊機能紗,,,少量多樣訂單,,,加工絲與原料價差,,,下游織布廠需求,,,新產品(環保紗)比重,,,大宗規格價格戰,,,中國產能傾銷,,,原料成本轉嫁不易,,,專做少量多樣的特殊規格加工絲，避開大廠殺價紅海，獲利尚稱穩健。
4402,福大,上櫃紡織纖維,,,尼龍困境,尼龍原絲,,,尼龍加工絲,,,醫療口罩(疫情期間),,,尼龍粒原料價格,,,產能利用率,,,財務結構,,,本業長期虧損,,,全額交割風險,,,產業競爭力流失,,,主要做尼龍絲，但規模不敵大廠，營運長期辛苦，屬高風險股。
4401,東隆興,上櫃紡織纖維,,,Lululemon的線,尼龍66縫紉線,,,胚紗/色紗,,,彈性紗,,,Lululemon財報/展望,,,尼龍66原料價格,,,越南廠產能,,,單一客戶(Lulu)依賴過高,,,瑜珈運動退燒,,,匯率波動,,,亞洲最大的尼龍66線廠，Lululemon是最大客戶，股價與瑜珈褲的銷量綁在一起。
OTC45,電機機械,上櫃電機機械,,,,,,,,,,,,,,,,,,,,,,,,,,,,,,,
9951,皇田,上櫃電機機械,J000170,,汽車窗簾王,汽車天窗窗簾,,,側窗窗簾,,,遮物簾,,,全球SUV銷量,,,全景天窗滲透率,,,歐美車市庫存,,,中國廠商低價競爭,,,匯率波動,,,單一產品(窗簾)天花板,,,全球第二大汽車窗簾廠，獲利高度依賴SUV全景天窗的流行趨勢。
8255,朋程,上櫃電機機械,I023120|I023680,,整流二極體霸主,車用發電機二極體,,,超高效二極體(ULLD),,,IGBT/SiC功率模組,,,全球燃油車保有量,,,48V輕油電滲透率,,,SiC產能擴充,,,燃油車銷量長期衰退,,,電動車轉型陣痛期,,,新技術研發燒錢,,,燃油車發電機二極體的絕對王者，現在全力轉型做電動車的SiC功率模組。
8107,大億金茂,上櫃電機機械,,,車燈與濾材,汽車內裝/外觀件,,,濾材(空氣清淨),,,車燈模具,,,大億集團資源,,,主要客戶(Nissan/Ford)銷量,,,台南房地產(業外),,,本業獲利邊緣化,,,客戶集中度高,,,主要靠業外與集團挹注,,,大億集團成員，本業車燈與內裝件表現平平，近年亮點在高效濾材。
8083,瑞穎,上櫃電機機械,,,軸承獲利王,自動倉儲軸承,,,手推車軸承,,,車庫門軸承,,,Amazon/物流業資本支出,,,美國房市(車庫門),,,毛利率(長期>35%),,,海運運費暴漲,,,美國經濟衰退,,,匯率波動,,,不起眼的軸承做得像精品，毛利驚人，是物流倉儲自動化趨勢的受惠者。
8027,鈦昇,上櫃電機機械,J000250|J001470|I023172,,雷射手術刀,雷射切割設備,,,電漿清洗設備,,,先進封裝(CoWoS/Panel),,,台積電/Intel資本支出,,,CoWoS擴產進度,,,玻璃基板技術,,,半導體設備驗收遞延,,,研發費用高昂,,,景氣循環波動大,,,切入台積電與Intel先進封裝供應鏈，雷射設備是玻璃基板封裝的關鍵技術。
6843,進典,上櫃電機機械,I015041,,高階閥門匠,金屬密封閥(半導體),,,控制閥(石化/電廠),,,球閥,,,台積電美日建廠進度,,,中油/台塑歲修標案,,,毛利率(高階閥門),,,原物料(不鏽鋼)價格,,,標案入帳週期,,,同業價格競爭,,,台灣少數能做半導體級「金屬密封閥」的高端廠商，技術門檻遠高於一般水閥。
6829,千附精密,上櫃電機機械,J001450|I023172,,軍工航太精兵,國防飛彈零組件(洛馬),,,航太引擎機匣,,,半導體設備腔體,,,美國國防預算,,,洛歇馬丁(Lockheed)訂單,,,全球航空客運量,,,地緣政治風險,,,航太認證週期長,,,匯率波動,,,直接打入洛歇馬丁供應鏈的台灣軍工股，做愛國者飛彈零件，純度極高。
6609,瀧澤科,上櫃電機機械,I015010,,車床隱形冠軍,CNC車床,,,PCB鑽孔機,,,日本瀧澤代工,,,日本母公司(Nidec收購)策略,,,工具機展接單量,,,日圓匯率,,,日圓貶值(利於母公司不利台灣),,,中國工具機內捲,,,景氣循環敏感,,,日系血統純正的工具機廠，近期因母公司被Nidec收購而有新的集團資源想像。
6603,富強鑫,上櫃電機機械,,,塑膠射出巨人,塑膠射出成型機,,,多色機(車燈),,,印度廠產能,,,比亞迪/Tesla車燈訂單,,,印度市場營收成長,,,原物料鋼價,,,中國車市殺價影響設備採購,,,印度廠匯率風險,,,同業競爭,,,台灣最大的塑膠射出機廠，押注印度市場成功，車燈多色成型機是強項。
6425,易發,上櫃電機機械,,,面板半導體手,面板貼合設備,,,半導體檢測設備,,,自動化產線,,,面板廠擴產計畫(少),,,半導體轉型進度,,,CoWoS設備訂單,,,面板產業夕陽化,,,半導體設備佔比仍低,,,客戶集中度,,,原本做面板設備，正努力轉型半導體CoWoS檢測，轉型成效是觀察重點。
6122,擎邦,上櫃電機機械,I025020,,南部建廠工頭,機電工程(石化/半導體),,,採購施工,,,風電陸域工程,,,台塑/奇美建廠預算,,,南部半導體聚落工程,,,風電標案,,,原物料與缺工成本,,,工程延宕罰款,,,房地產景氣(排擠資源),,,主要做石化與半導體廠的機電工程，近期受惠於南台灣科技廊道的建廠熱潮。
4584,君帆,上櫃電機機械,I015041,,油壓系統肌力,油壓缸(輪胎機/射出機),,,醫療手術台油壓,,,風電變槳系統,,,輪胎業資本支出,,,醫療床訂單,,,日本油研(Yuken)合作,,,中國自動化需求疲弱,,,鋼材成本上升,,,關鍵油封缺料,,,台灣油壓缸大廠，與日本大廠技術合作，醫療手術台油壓系統是高毛利利基。
4580,捷流閥業,上櫃電機機械,I015041,,蝶閥台灣王,蝶閥,,,球閥,,,控制閥,,,半導體/晶圓廠建廠,,,石化業歲修,,,船舶排煙脫硫,,,原物料價格,,,新廠產能利用率,,,中國同業低價搶單,,,台灣閥門龍頭，產品應用廣泛(半導體、石化、船舶)，獲利極度穩健的績優股。
4568,科際精密,上櫃電機機械,I015041,,微型幫浦巫師,微型氣泵(咖啡機),,,水泵(醫療),,,車用氣動腰托,,,Keurig/Nestle訂單,,,醫療霧化器需求,,,車用座椅舒適系統,,,單一客戶(柯瑞格)庫存調整,,,家電消費疲弱,,,匯率風險,,,專做微型幫浦，全球膠囊咖啡機都少不了它，近年切入車用座椅氣囊與醫療器材。
4563,百德,上櫃電機機械,,,航太五軸機,五軸加工機,,,航太引擎零組件,,,氫能設備,,,航太引擎(LEAP)訂單,,,歐洲工具機展接單,,,氫能電池殼體,,,航太認證嚴格,,,歐洲經濟衰退,,,匯率(歐元/台幣),,,併購Winbro後掌握航太雷射鑽孔技術，是工具機廠中航太純度最高的。
4561,健椿,上櫃電機機械,,,主軸心臟,精密主軸,,,刀具,,,主軸維修,,,工具機產業景氣,,,中國自動化需求,,,精密主軸單價,,,中國工具機內捲,,,日系主軸降價競爭,,,鋼材成本,,,專做工具機的心臟「主軸」，景氣循環極其明顯，工具機好它就好。
4558,寶緯,上櫃電機機械,,,鋁擠型老店,鋁擠型(氣密窗/工業),,,太陽能支架,,,半導體無塵室骨架,,,鋁錠價格LME,,,營建開工率,,,太陽能案場進度,,,鋁價暴跌(庫存損失),,,房市急凍,,,公共工程延宕,,,除了做氣密窗，現在重點在太陽能支架與半導體廠房的鋁骨架。
4550,長佳,上櫃電機機械,I015030,,運動中心房東,機電工程,,,運動中心經營(OT),,,游泳池維護,,,運動中心來客數,,,機電標案毛利,,,夏季電費成本,,,疫情/公衛事件(閉館),,,工程款追加困難,,,電價調漲,,,本業是機電工程，但長期穩定的現金流來自經營全台多座國民運動中心。
4549,桓達,上櫃電機機械,I023600,,液冷感測新星,製程感測器(料位/液位),,,流量計,,,AI伺服器液冷感測,,,美國頁岩油開採,,,AI伺服器液冷滲透率,,,食品/水處理訂單,,,AI液冷認證失敗,,,美國景氣波動,,,匯率風險,,,工業感測器龍頭，因切入AI伺服器水冷系統的「洩漏偵測」與「流量監控」而股價大漲。
4543,萬在,上櫃電機機械,I022020,,汽車散熱老兵,汽車水箱,,,冷凝器,,,蒸發器,,,AM市場旺季(冬季),,,鋁價走勢,,,車用散熱模組,,,海運運費,,,匯率波動,,,電動車不需要水箱(長期風險),,,主要做AM(售後維修)市場的汽車水箱，獲利隨季節性與鋁價波動。
4538,大詠城,上櫃電機機械,,,工具機鑄件,鑄鐵件(工具機底座),,,產業機械鑄件,,,半導體設備鑄件,,,工具機出口值,,,鑄造產能利用率,,,廢鋼/生鐵價格,,,電價調漲(高耗能),,,環保法規限制,,,工具機景氣寒冬,,,提供工具機的「底座」，是產業鏈的最上游，景氣敏感度高。
4535,至興,上櫃電機機械,I022020,,精密沖壓座椅,機車碟煞盤,,,汽車座椅調角器,,,精沖件,,,越南機車銷量,,,汽車座椅訂單,,,鋼材價格,,,越南經濟波動,,,電動機車改變煞車設計,,,匯率風險,,,獲利核心在越南機車市場的煞車盤與汽車座椅零件，獲利長期穩定。
4534,慶騰,上櫃電機機械,,,粉末冶金齒輪,粉末冶金(齒輪/零件),,,電動工具零件,,,車用零件,,,DIY電動工具銷量,,,汽車齒輪滲透率,,,金屬粉末價格,,,主要客戶(Bosch/Makita)庫存,,,中國車市殺價,,,匯率波動,,,主要做電動工具的齒輪，與歐美房市與DIY修繕市場連動。
4533,協易機,上櫃電機機械,,,伺服沖壓王,伺服沖床,,,傳統沖床,,,維修服務,,,歐美車廠沖壓線訂單,,,伺服沖床佔比,,,家電業需求,,,全球汽車資本支出週期,,,鋼材成本,,,匯率(美金/歐元),,,主攻高階「伺服沖床」，受惠於電動車輕量化與家電業的高階成型需求。
4528,江興鍛,上櫃電機機械,I022020,,傳動軸鍛造,鍛造件(傳動軸/底盤),,,Honda/Toyota供應鏈,,,泰國/美國廠產能,,,日系車廠銷量,,,鋼價走勢,,,鍛造設備折舊,,,日系車在中國市佔崩跌,,,電動車輪轂馬達取代傳動軸(長期),,,運費成本,,,Honda與Toyota傳動軸鍛造件的核心供應商，近期受日系車在中國銷售疲軟拖累。
4527,方土霖,上櫃電機機械,,,工廠冷氣專家,冰水主機,,,空調箱,,,維修保養,,,半導體/電子廠擴廠,,,資料中心冷卻需求,,,越南建廠熱潮,,,銅價成本,,,建廠進度延宕,,,同業價格戰,,,不作家用冷氣，專攻工廠與商辦的大型冰水主機，受惠於東南亞建廠熱。
4523,永彰,上櫃電機機械,I022020,,熱管理轉型,汽車空調,,,機電工程,,,儲能熱管理,,,納智捷n7訂單,,,儲能案場熱管理,,,汽車電子,,,本業長期虧損,,,轉型成效緩慢,,,電動車空調競爭,,,過去主要供應納智捷，現在積極轉型做儲能系統的熱管理與機電工程。
4513,福裕,上櫃電機機械,,,磨床兼建商,平面磨床,,,CNC磨床,,,房地產開發(高雄),,,高雄建案完工入帳,,,工具機接單,,,每股淨值,,,建案銷售不如預期,,,打房政策,,,工具機本業低迷,,,被建商入主後，現在是「磨床廠」皮「建設公司」骨，股價波動主要看建案入帳。
4510,高鋒,上櫃電機機械,,,龍門機大戶,龍門機,,,切削中心機,,,模具加工設備,,,模具產業景氣,,,中國汽車開模需求,,,和大集團資源,,,工具機景氣下行,,,匯率競爭,,,應收帳款風險,,,和大集團成員，專攻大型龍門機，主要應用在汽車與模具業。
4506,崇友,上櫃電機機械,,,電梯維保王,電梯銷售,,,電梯維修保養,,,汰舊換新,,,全台電梯維保台數(現金流),,,房市完工量,,,高速梯佔比,,,房市急凍影響新梯,,,缺工問題,,,鋼材成本,,,台灣本土電梯龍頭，擁有龐大的「維保收入」，是不受景氣影響的超級現金牛。
4503,金雨,上櫃電機機械,,,販賣機轉電池,自動販賣機,,,電池交換站(Gogoro),,,博弈機台,,,Gogoro換電站訂單,,,與樺漢/高通合作,,,販賣機維修,,,Gogoro擴張速度放緩,,,新業務毛利低,,,博弈訂單不穩,,,從販賣機代工轉型做電池交換站機殼，與樺漢(鴻海集團)合作密切。
4502,健信,上櫃電機機械,I022020,,輪圈老廠,鋼圈,,,鋁圈,,,輕量化輪圈,,,全球新車銷量,,,鋁價/鋼價,,,OEM訂單份額,,,原物料價格暴漲,,,車市銷售疲弱,,,單一產品風險,,,主要做汽車輪圈，屬成熟產業，獲利隨車市與原物料價格波動。
3685,元創精密,上櫃電機機械,I022020,,光學車用雙刀,車用金屬沖壓件,,,光學微結構(導光),,,顯示器保護,,,比亞迪/中國車廠訂單,,,光學新技術應用,,,毛利率,,,中國車市殺價,,,面板產業衰退,,,技術轉型風險,,,結合了「車用沖壓」與「光學技術」，主要市場在中國，與比亞迪關係密切。
3426,台興,上櫃電機機械,,,電磁鐵專家,電磁鐵(Solenoid),,,電磁閥,,,繼電器,,,智慧電表/水表換機,,,工業自動化,,,博弈機台,,,能源管理需求,,,原物料(銅)價格,,,匯率波動,,,專做電磁鐵與電磁閥，應用在智慧電表、Kiosk與工業控制，利基型的小而美公司。
3379,彬台,上櫃電機機械,,,飲料產線王,飲料填充設備,,,包裝機械,,,系統整合,,,東南亞飲料廠擴產,,,統一/宏全訂單,,,自動化程度,,,客戶資本支出週期,,,原物料成本,,,匯率(泰銖/美金),,,台灣最大的飲料包裝設備廠，客戶都是統一、可口可樂等大廠，受惠東南亞飲料消費成長。
3226,至寶電,上櫃電機機械,I022020,,電源小兵,交換式電源,,,工業用電源,,,電競電源,,,電競PC市場,,,工業自動化需求,,,毛利率,,,消費電子去庫存,,,規模經濟不足,,,匯率風險,,,規模較小的電源廠，主攻電競與工業應用，避開殺價激烈的標準品。
3162,精確,上櫃電機機械,I022020,,電池盒軍火商,電動車電池盒(鋁合金),,,汽車壓鑄件,,,自行車零件,,,敏實集團訂單,,,電池盒出貨量(CATL/BYD),,,鋁價,,,中國電動車產能過剩,,,單一客戶依賴,,,新廠折舊壓力,,,敏實集團入主後，全力轉攻電動車電池盒，是電池大廠(寧德時代)的供應商。
2235,謚源,上櫃電機機械,I022020,,散熱風扇AM,汽車散熱風扇,,,鼓風機,,,TPMS,,,北美AM市場需求,,,台幣匯率,,,新產品(TPMS)滲透,,,海運運費,,,原料銅/塑膠漲價,,,競爭對手低價搶單,,,專攻北美AM(售後)市場的散熱風扇，獲利穩定，高殖利率概念股。
2230,泰茂,上櫃電機機械,I022020,,活塞環轉儲能,活塞環(AM),,,儲能系統(中國),,,酒水事業,,,俄羅斯/拉美AM訂單,,,儲能新事業營收,,,活塞環毛利,,,儲能業務不確定性高,,,俄羅斯匯率風險,,,轉型跨度過大,,,本業活塞環在俄羅斯與拉美賣得很好，近期跨足中國儲能業務，股價波動劇烈。
2070,精湛,上櫃電機機械,,,螺絲篩選王,光學影像篩選機,,,緊固件成型機,,,代工篩選,,,扣件產業資本支出,,,機器視覺技術,,,篩選代工量,,,扣件業景氣寒冬,,,電動車減少螺絲用量,,,匯率波動,,,全球螺絲篩選機龍頭，能把不良品挑出來的關鍵設備，是扣件業升級的推手。
2067,嘉鋼,上櫃電機機械,,,鑄造老兵,球墨鑄鐵,,,灰口鑄鐵,,,油壓/農機零件,,,農業機械(John Deere)需求,,,油壓零件訂單,,,廢鋼/生鐵價格,,,原物料暴漲,,,電價調漲,,,匯率波動,,,主要做鑄造件，供應給農業機械與油壓設備，受全球農機景氣影響。
2066,世德,上櫃電機機械,I020040,,特斯拉螺絲,精密扣件(Tesla/GM),,,車用零件,,,風電扣件,,,Tesla產量/交車量,,,Tier 1車廠認證,,,屏東新廠產能,,,電動車殺價傳導至零件,,,原料盤元價格,,,匯率風險,,,特斯拉的一階(Tier 1)供應商，專做高強度的車用扣件，獲利與Tesla高度連動。
1599,宏佳騰,上櫃電機機械,,,沙灘車與機車,沙灘車(ATV)代工,,,機車(Aeon),,,電動機車(Gogoro聯盟),,,Polaris(北極星)訂單,,,國內機車銷量,,,越南廠產能,,,美國休閒消費力衰退,,,電動機車補助減少,,,匯率風險,,,獲利主力是幫美國Polaris代工沙灘車，國內機車品牌Aeon主打年輕族群。
1591,駿吉-KY,上櫃電機機械,,,馬來西亞釘王,氣動打釘槍專用釘,,,捲釘,,,傢俱釘,,,美國房市新屋開工,,,鋼線原料價格,,,反傾銷稅率,,,美國房市衰退,,,海運運費,,,原料成本轉嫁,,,位於馬來西亞的釘子廠，主要出口美國，與美國房地產景氣連動極高。
1586,和勤,上櫃電機機械,I022020,,硬碟車用雙棲,硬碟(HDD)VCM構件,,,汽車變速箱零件,,,電動車零件,,,雲端伺服器HDD需求,,,中國車市銷量,,,精沖技術良率,,,SSD取代HDD趨勢,,,中國車市內捲,,,鋼材成本,,,一手做硬碟零件(雲端需求)，一手做汽車精沖件，兩邊都是成熟且競爭激烈的市場。
1580,新麥,上櫃電機機械,,,烘焙設備王,攪拌機,,,烤箱,,,發酵箱,,,中國連鎖麵包店展店,,,美國市場成長,,,毛利率(自有品牌),,,中國消費降級(關店潮),,,原物料不鏽鋼價格,,,匯率波動,,,亞洲最大的烘焙設備廠，自有品牌Sinmag市佔極高，獲利能力強大的現金牛。
1570,力肯,上櫃電機機械,,,釘槍代工廠,氣動釘槍,,,充電式釘槍,,,車用氣動工具,,,美國房市(Home Depot),,,主要客戶(Makita/TTI)庫存,,,新產品ASP,,,美國房市急凍,,,客戶去庫存砍單,,,匯率風險,,,專業的釘槍代工廠，終端市場在美國，是美國房市修繕與新屋開工的風向球。
OTC47,化工,上櫃化工,,,,,,,,,,,,,,,,,,,,,,,,,,,,,,,
6509,聚和,上櫃化工,J001240,,便利貼與電池液,N條貼(便利貼),,,精密化學品(鋰電池添加劑),,,生物緩衝劑,,,中國電動車銷量,,,紙漿價格,,,鋰電池電解液報價,,,中國車市殺價競爭,,,原料成本上漲,,,匯率波動,,,左手賣便利貼賺現金，右手做電池添加劑拚成長，是化工股中的獨特存在。
4768,晶呈科技,上櫃化工,,,半導體氣體精靈,特殊氣體(C4F8/雷射氣體),,,晶圓再生(Reclaim),,,銅磁晶片,,,台積電/記憶體廠產能利用率,,,特殊氣體報價,,,新廠產能開出進度,,,氖氣等原料短缺,,,半導體景氣修正,,,高本益比修正風險,,,台積電先進製程氣體的核心供應商，技術門檻極高，享有高本益比。
4767,誠泰科技,上櫃化工,I017022,,熱熔膠專家,熱熔膠(包裝/書本/衛材),,,防水膜,,,自黏式標籤膠,,,原油價格(影響EVA成本),,,自動化產線需求,,,環保法規(無溶劑趨勢),,,原料價格暴漲侵蝕毛利,,,建築業景氣下滑,,,同業低價搶單,,,專攻「熱熔膠」利基市場，獲利穩定，受惠於環保無溶劑趨勢。
4754,國碳科,上櫃化工,,,防火守護神,防火塗料,,,防火泥/板,,,耐燃電纜披覆,,,公共工程標案預算,,,建築法規嚴格度,,,阻燃劑原料價格,,,工程延宕入帳遞延,,,原料成本高漲,,,市場規模受限(利基型),,,專做「防火工程」材料，跟著政府基建與消防法規走，股性較冷門。
4741,泓瀚,上櫃化工,,,墨水調色師,UV光固化墨水,,,弱溶劑墨水,,,紡織數位印花墨水,,,戶外廣告看板景氣,,,數位印花滲透率,,,代工(OEM)訂單量,,,數位廣告取代實體看板,,,中國墨水廠低價競爭,,,環保法規限制,,,原廠(日本Roland)代工夥伴，高殖利率概念，但實體廣告看板市場成長受限。
4721,美琪瑪,上櫃化工,J001240,,鈷鎳電池鏈,PTA氧化觸媒,,,鋰電池正極材料原料(硫酸鈷/鎳),,,金屬回收,,,國際鈷/鎳金屬價格,,,PTA產業開工率,,,電動車銷量,,,金屬價格崩跌(庫存損失),,,磷酸鐵鋰(LFP)取代三元電池,,,匯率波動,,,雖是電池材料概念股，但獲利本質是賺「金屬加工費」，股價與鈷鎳價格高度連動。
4716,大立,上櫃化工,,,樹脂老兵,合成樹脂(塗料/PU),,,光電材料(光阻劑),,,可塑劑,,,原油價格,,,下游紡織/合成皮景氣,,,轉型電子材料進度,,,原料成本無法轉嫁,,,市場需求疲弱,,,電子材料佔比過低,,,傳統樹脂廠，獲利隨景氣循環與油價波動，缺乏爆發性題材。
4714,永捷,上櫃化工,,,摺疊手機膜,PU合成樹脂,,,HC耐磨材料(摺疊手機),,,環保無毒膠,,,摺疊手機出貨量,,,PU樹脂報價,,,營建推案(轉投資),,,房市景氣反轉,,,摺疊機材料認證延遲,,,原料價格波動,,,台光電集團關聯企業，市場期待全在「可撓式HC材料」能否打入摺疊手機供應鏈。
4711,永純,上櫃化工,,,傳統樹脂廠,聚酯樹脂,,,醇酸樹脂,,,工程塑料,,,營建開工率(防水材),,,塗料市場需求,,,原料(SM/PA)價格,,,市場成熟成長停滯,,,環保成本上升,,,流動性不足,,,極度傳統的樹脂廠，主要應用在建築防水與塗料，股性非常冷門。
4707,磐亞,上櫃化工,,,洗劑原料王,非離子界面活性劑(清潔劑原料),,,聚醚多元醇,,,生質能源材料,,,中纖集團(原料供應),,,EO(環氧乙烷)價格,,,清潔用品市場需求,,,原料EO價格劇烈波動,,,下游需求疲弱,,,毛利利差縮小,,,中纖集團成員，生產清潔劑的關鍵原料，獲利取決於原料EO與產品的利差。
4706,大恭,上櫃化工,,,顏料調色盤,顏料(油墨/塑膠),,,色粉,,,加工助劑,,,塑膠/印刷業景氣,,,環保顏料需求,,,原物料價格,,,中國環保稽查(影響原料),,,下游產業外移,,,匯率風險,,,老牌顏料廠，專注於高品質與環保顏料，避開低價紅海，獲利平穩。
3430,奇鈦科,上櫃化工,,,特化小巨人,光引發劑(UV塗料),,,抗氧化劑,,,牙科3D列印材料,,,美國房市(塗料需求),,,特用化學品毛利,,,新廠產能利用率,,,全球經濟衰退,,,專利過期風險,,,匯率波動(外銷為主),,,獲利能力強的特用化學品廠，產品應用在高階塗料與醫療(牙科)，受惠美國基建與房市。
1742,台蠟,上櫃化工,,,蠟轉綠能漁夫,水產養殖(主力),,,太陽能電廠,,,蠟品(逐漸淡出),,,水產收成價格,,,太陽能躉購費率,,,財務結構改善,,,轉型執行風險,,,養殖天災風險,,,本業(蠟)萎縮,,,本業做蠟已沒落，現在轉型做「太陽能」與「水產養殖」，屬高風險轉型股。
OTC50,鋼鐵,上櫃鋼鐵,,,,,,,,,,,,,,,,,,,,,,,,,,,,,,,
9962,有益,上櫃鋼鐵,J000350|I020010,,不鏽鋼厚板王,不鏽鋼厚板(工業用),,,代工裁剪,,,特殊鋼種貿易,,,國際鎳價LME,,,化工/機械廠資本支出,,,利基市場報價,,,鎳價崩跌(庫存損失),,,市場規模受限(太利基),,,匯率波動,,,國內唯一專做「不鏽鋼厚板」的廠商，主要應用於巨大的化工桶槽與機械設備，股性冷門但獲利穩。
8930,青鋼,上櫃鋼鐵,I018010,,裝潢骨架王,金屬天花板,,,隔間輕鋼架,,,微孔吸音板,,,公共工程預算(捷運/機場),,,營建完工交屋量,,,金屬原料成本,,,鋼價與合約價差風險,,,房市急凍,,,缺工影響安裝進度,,,不只是賣鋼材，而是賣「室內裝修」解決方案，受惠於商辦與公共工程的完工潮。
8415,大國鋼,上櫃鋼鐵,J001320|I020040,,螺絲亞馬遜,扣件通路(美國),,,工業防護具,,,網路平台銷售,,,美國PMI指數,,,每日網上下單量,,,鋁/鎳價走勢,,,美國反傾銷稅調查,,,美中貿易戰升級,,,運費侵蝕毛利,,,大成鋼集團的小金雞，在美國擁有定價權的「扣件電商平台」，毛利比製造商高且穩。
8349,恒耀,上櫃鋼鐵,J001320|I020040,,頂級車用螺絲,車用扣件(Tesla/VW),,,焊接螺帽,,,電動車輕量化扣件,,,全球汽車銷量,,,電動車滲透率,,,鋼材價格,,,車廠降價壓力轉嫁,,,電動車需求放緩,,,歐美關稅壁壘,,,全球前十大車用扣件廠，直接打入Tesla與歐美車廠供應鏈，是螺絲界的精品股。
6248,沛波,上櫃鋼鐵,J001000|I020050,,鋼筋通路小霸王,鋼筋加工與買賣,,,台鋼集團資源,,,營建專案,,,國內建築開工率,,,鋼筋盤價,,,台鋼集團整合效益,,,房市政策打壓,,,預售屋買氣急凍,,,庫存跌價風險,,,台鋼集團成員，不做煉鋼，專做「鋼筋通路與加工」，獲利與營建業景氣高度連動。
5016,松和,上櫃鋼鐵,J001000|J001320|I020040|I020050,,鋼纜拉力士,預力鋼絞線(橋樑),,,電梯鋼索,,,光纜鋼絲,,,公共工程發包量,,,盤元線材價格,,,電梯汰換需求,,,公共建設延宕,,,原料成本暴漲,,,同業殺價競爭,,,專做要把橋樑拉起來的「預力鋼絞線」，是國家基礎建設概念股。
5015,華祺,上櫃鋼鐵,J000350|I020010,,不鏽鋼螺絲龍頭,不鏽鋼小螺絲,,,車用/建築螺絲,,,歐美通路,,,國際鎳價走勢,,,歐美房市修繕需求,,,反傾銷稅率,,,鎳價崩跌,,,歐美經濟衰退,,,匯率風險,,,全球最大的不鏽鋼小螺絲專業製造廠，獲利極度依賴鎳價走勢與歐美景氣。
5014,建錩,上櫃鋼鐵,J000350|I020010,,不鏽鋼裁剪快手,不鏽鋼板/捲加工,,,表面處理,,,中國市場通路,,,國際鎳價LME,,,中國不鏽鋼庫存,,,加工費率,,,鎳價暴跌(庫存損失),,,中國經濟通縮,,,應收帳款風險,,,主要產能與市場都在中國，營運模式是賺取「加工費」與「庫存機會財」，風險較高。
5013,強新,上櫃鋼鐵,J001320|I020040,,線材酸洗王,線材酸洗/球化(車用),,,車用螺絲,,,不鏽鋼管,,,全球車市銷量,,,線材加工量,,,環保法規門檻,,,車市殺價競爭,,,環保成本上升,,,原料價格波動,,,螺絲產業的上游加工廠(酸洗)，以及車用螺絲製造，是環保法規趨嚴下的受惠者(因為小廠做不了酸洗)。
5011,久陽,上櫃鋼鐵,J001320|I020040,,螺絲控股家,螺絲螺帽(外銷),,,環保資源回收(轉投資),,,運輸(台鋼),,,歐美扣件需求,,,海運運費,,,子公司(榮福/台鋼)獲利,,,本業毛利低,,,控股折價,,,轉投資營運波動,,,台鋼集團成員，本業螺絲平平，看點在於旗下環保與運輸子公司的轉型題材。
5009,榮剛,上櫃鋼鐵,J000350|J001450|I020010,,航太特殊鋼,特殊鋼(航太/軍工/能源),,,工具鋼,,,高清淨鋼,,,波音/空巴交機量,,,全球國防預算,,,鎳/鉻合金價格,,,原料短缺(特殊合金),,,航太認證失效,,,地緣政治風險,,,台鋼集團旗艦，擁有極高技術門檻的「特殊鋼」，是台灣唯二能做飛機起落架與砲管材料的廠商。
2073,雄順,上櫃鋼鐵,I020040,,盤元加工新秀,盤元酸洗/抽線,,,線材加工,,,客製化線材,,,扣件業出口景氣,,,加工費收入,,,環保牌照價值,,,螺絲產業去庫存,,,單一產業(扣件)依賴,,,環保法規變動,,,位於高雄岡山螺絲聚落的核心，專做螺絲原料的「前處理」，賺的是穩定的加工費。
2065,世豐,上櫃鋼鐵,I020040,,居家修繕螺絲,建築扣件(木螺絲),,,DIY市場(Home Depot),,,烤漆螺絲,,,美國新屋開工率,,,房屋修繕支出,,,烤漆螺絲滲透率,,,美國房市衰退,,,客戶庫存調整,,,匯率波動,,,不走標準品紅海，專攻美國DIY賣場的「烤漆與木工螺絲」，獲利能力在螺絲廠中名列前茅。
2064,晉椿,上櫃鋼鐵,J001000|I020050,,鋼棒加工廠,磨光鋼棒,,,線材加工,,,機械零件,,,工具機產業景氣,,,東南亞市場需求,,,原料盤元價格,,,機械業接單下滑,,,加工毛利微薄,,,庫存跌價損失,,,主要做鋼棒加工，供應給機械與工具機產業，景氣循環明顯。
2063,世鎧,上櫃鋼鐵,,,複合螺絲王,複合螺絲(不鏽鋼+碳鋼),,,太陽能鎖固件,,,水泥鑽頭,,,太陽能案場安裝量,,,複合技術良率,,,歐美建築法規,,,太陽能政策變動,,,低價仿冒品競爭,,,原料成本,,,擁有「硬頭軟身」的複合螺絲專利技術，在太陽能板安裝與高階建築上有獨佔優勢。
2035,唐榮,上櫃鋼鐵,I099030,,國營不鏽鋼老店,不鏽鋼捲/板,,,資產活化(土地),,,軌道車輛(子公司),,,國際鎳價LME,,,土地資產重估,,,產能利用率,,,長期虧損/效率低,,,鎳價崩跌,,,官股包袱僵化,,,本業煉鋼長年辛苦，股價支撐主要來自龐大的土地資產價值與國營背景。
OTC55,建材營造,上櫃建材營造,,,,,,,,,,,,,,,,,,,,,,,,,,,,,,,
8424,惠普,上櫃建材營造,,,矽酸鈣板王,矽酸鈣板,,,纖維水泥板,,,內裝建材,,,台灣房市完工量,,,裝修市場需求,,,原料(紙漿/水泥)價格,,,房市打房政策,,,原料成本上漲,,,產能限制,,,國產實業集團成員，台灣市佔率第一的防火建材(矽酸鈣板)廠，獲利隨房市裝修潮穩定成長。
8080,印鉐,上櫃建材營造,I025020,,營建新面孔,住宅建案,,,石材貿易(舊業),,,其他,,,新案開發進度,,,營收來源,,,轉型計畫,,,知名度不足,,,案源不穩,,,流動性風險,,,原名永裕石業，轉型建設開發，營運規模尚小。
6264,富裔,上櫃建材營造,,,飯店與豪宅,豪宅建案,,,飯店經營(富裔商旅),,,都更,,,豪宅去化,,,飯店住房率,,,都更進度,,,豪宅市場急凍,,,觀光景氣波動,,,財務結構,,,推案以高價豪宅為主，受政策影響大，並經營商旅。
6219,富旺,上櫃建材營造,,,台中推案王,住宅建案(台中/高雄),,,工業區開發,,,商場,,,推案完工量,,,預售屋銷售,,,工業地銷售,,,房市反轉,,,推案擴張過快,,,升息壓力,,,推案積極的台中建廠，近年跨足高雄與工業區開發。
6212,理銘,上櫃建材營造,,,新竹在地建商,住宅建案(新竹/竹北),,,都更,,,合建,,,新竹房市熱度,,,竹科人購屋力,,,完工入帳,,,新竹房價過熱修正,,,推案量少,,,土地取得難,,,深耕新竹地區，受惠竹科新貴購屋實力，推案精準。
6186,新潤,上櫃建材營造,,,新北重劃王,住宅建案(板橋/土城),,,首購宅,,,商辦,,,重劃區推案進度,,,預售屋銷售率,,,營建成本,,,打房影響首購,,,推案集中新北,,,高槓桿,,,專攻新北重劃區的首購與換屋族群，推案速度快，週轉率高。
6171,大城地產,上櫃建材營造,,,台中北屯建商,住宅建案,,,土地開發,,,其他,,,台中北屯房價,,,建案完工,,,土地庫存,,,單一區域風險,,,房市打房,,,營運規模小,,,原名亞銳士，專攻台中北屯與十期重劃區的透天與大樓。
5543,桓鼎-KY,上櫃建材營造,,,建材與電池,金屬建材(中國),,,儲能電池模組,,,營造,,,中國建材需求,,,儲能新業務營收,,,轉型成效,,,中國房市崩盤,,,儲能競爭激烈,,,業務雜亂,,,本業是中國金屬建材，近年積極轉型儲能電池模組與綠能。
5529,鉅陞,上櫃建材營造,,,裝潢一條龍,住宅建案(有感建築),,,室內設計,,,售後服務,,,全台推案量,,,品牌口碑,,,完工入帳,,,擴張過快風險,,,營建成本,,,房市景氣,,,主打「有感建築」與全裝修服務，解決購屋者痛點，品牌成長迅速。
5523,豐謙,上櫃建材營造,,,台中在地建商,住宅建案(台中/竹北),,,土地開發,,,商場,,,建案完工,,,預售銷售,,,轉投資收益,,,推案量不穩,,,房市波動,,,土地取得成本,,,豐邑機構關聯企業，推案集中在台中與竹北精華區。
5520,力泰,上櫃建材營造,,,預拌混凝土,預拌混凝土,,,水泥製品,,,建材,,,北部工程需求,,,混凝土發貨量,,,砂石成本,,,房市/工程放緩,,,原料價格波動,,,市場競爭,,,潤泰集團關聯企業，專供北部預拌混凝土，獲利隨工程需求穩定。
5516,雙喜,上櫃建材營造,I025020,,老牌營造,公共工程,,,建築工程,,,廠辦,,,在手標案金額,,,工程毛利,,,政府預算,,,低價搶標,,,缺工成本,,,工程延宕,,,老字號營造廠，以承攬公共工程與廠辦為主。
5514,三豐,上櫃建材營造,I025030,,大同區都更王,住宅建案(北市大同區),,,都更/危老,,,醫療(轉投資),,,都更案進度,,,北市房價,,,完工入帳,,,都更整合難度高,,,入帳空窗期,,,單一區域風險,,,深耕台北市大同區的都更建商，推案量少但質精。
5512,力麒,上櫃建材營造,I027012,,水資源建商,住宅建案(北市),,,污水處理(山林水),,,飯店(力麗),,,都更進度,,,水務營收貢獻,,,飯店觀光景氣,,,都更整合慢,,,觀光業波動,,,房市打房,,,力麗集團成員，結合建設、水資源(山林水)與飯店(力麗酒店)的多角化經營。
5511,德昌,上櫃建材營造,I025020,,營造資優生,公共工程,,,廠辦,,,BOT開發,,,標案毛利率,,,在手訂單,,,轉投資收益,,,原物料上漲,,,工程延宕,,,缺工,,,中部知名營造廠，獲利能力優於同業，標案管理能力強。
5508,永信建,上櫃建材營造,,,高雄營建資優生,成屋銷售(高雄),,,住宅建案,,,土地開發,,,高雄房市移轉棟數,,,成屋去化速度,,,高殖利率,,,高雄房價波動,,,推案集中高雄,,,囤房稅,,,堅持「先建後售」的高雄建商，零負債經營，現金流強勁，配息大方。
5455,昇益,上櫃建材營造,,,屏東建商,住宅建案(屏東市),,,透天別墅,,,大樓,,,屏東房市買氣,,,建案完工,,,高鐵延伸題材,,,區域市場小,,,推案量少,,,流動性低,,,深耕屏東地區的建商，受惠高鐵延伸與屏東科學園區題材。
5324,士開,上櫃建材營造,I027012,,士林開發,住宅建案,,,飯店(仰德),,,休閒產業,,,建案銷售,,,飯店營收,,,資產開發,,,推案不連續,,,觀光景氣,,,營運規模小,,,仰德集團成員，擁有士林電機等集團資源，推案量不大。
5213,亞昕,上櫃建材營造,,,林口推案王,住宅建案(林口/桃園),,,馬來西亞開發,,,飯店,,,林口房價,,,預售屋銷售,,,馬來西亞案況,,,海外開發風險,,,房市打房,,,推案擴張快,,,深耕林口重劃區，並積極拓展桃園與馬來西亞房地產。
5206,坤悅,上櫃建材營造,,,台中自住首選,住宅建案(台中),,,首購/換屋,,,土地開發,,,台中建案進度,,,預售銷售率,,,營建成本,,,台中房市供給大,,,打房影響買氣,,,缺工,,,聚焦台中自住市場，推案穩定，產品規劃符合剛性需求。
4907,富宇,上櫃建材營造,,,台中豪宅品牌,住宅建案(台中/新竹),,,豪宅/換屋,,,土地開發,,,台中新竹房價,,,預售銷售,,,完工入帳,,,打房政策,,,營建成本,,,推案集中,,,在台中與新竹擁有高知名度，產品力強，受惠竹科與中科買盤。
4416,三圓,上櫃建材營造,I025030,,都更豪宅王,豪宅建案(正義國宅),,,都更,,,土地開發,,,鑽石塔(Diamond Towers)銷售,,,豪宅去化,,,資產價值,,,豪宅稅,,,銷售期長,,,單一建案依賴,,,耗時30年整合完成「鑽石塔」都更案，獲利爆發力集中在該案銷售。
4113,聯上,上櫃建材營造,,,高雄營建股,住宅建案(高雄/台南),,,聯上集團,,,公共工程,,,南部推案量,,,預售銷售,,,營建成本,,,南部房市波動,,,財務槓桿,,,打房政策,,,聯上集團成員(另一家是聯上發)，主攻南部房地產市場。
3512,皇龍,上櫃建材營造,,,台南在地建商,住宅建案(台南),,,透天/大樓,,,營造,,,台南房價,,,南科效應,,,建案完工,,,台南房市過熱,,,推案量少,,,營建成本,,,原名能率豐聲，轉型為台南在地建商，受惠南科帶動台南房市。
3489,森寶,上櫃建材營造,I025020,,營建與綠能,住宅建案,,,綠能投資,,,其他,,,建案入帳,,,綠能收益,,,轉型成效,,,營運規模小,,,推案不穩,,,流動性低,,,原名筌寶，轉型建設後又切入綠能，營運規模尚小。
3188,鑫龍騰,上櫃建材營造,I025010,,高雄建商,住宅建案(高雄),,,豪宅/換屋,,,土地開發,,,高雄推案進度,,,建案銷售,,,營建成本,,,高雄房市波動,,,豪宅去化慢,,,品牌知名度,,,高雄在地建商，推案以高質感住宅為主。
2718,晶悅,上櫃建材營造,I025010,,飯店轉營建,住宅建案(桃園),,,飯店(已轉型),,,土地開發,,,桃園建案銷售,,,飯店重建進度,,,資產價值,,,推案空窗期,,,房市景氣,,,轉型風險,,,原桃園晶悅飯店，飯店拆除改建為住宅，轉型為純資產開發商。
2596,綠意,上櫃建材營造,I025010,,廠辦專家,廠辦建案(土城/桃園),,,住宅,,,物流倉儲,,,廠辦銷售率,,,企業擴廠需求,,,建案完工,,,景氣影響擴廠,,,推案量少,,,土地取得,,,專攻廠辦與物流倉儲開發，避開住宅紅海，獲利相對穩健。
OTC56,航運業,上櫃航運,,,,,,,,,,,,,,,,,,,,,,,,,,,,,,,
5609,中菲行,上櫃航運,I026040,,貨代模範生,空運承攬,,,海運承攬,,,物流倉儲,,,空運/海運運價指數,,,股利殖利率,,,貨量成長率,,,運價崩跌(營收減),,,航空公司直客化,,,全球貿易衰退,,,輕資產經營的貨運承攬商，獲利與配息長年穩定，是航運股中的防禦型標的。
5603,陸海,上櫃航運,I026040,,重件運輸手,貨櫃運輸(內陸),,,重機件吊裝(風電),,,貨櫃集散站,,,風電/重機件標案,,,貨櫃吞吐量,,,油價成本,,,公共工程延宕,,,油價暴漲,,,單一客戶依賴,,,主要做內陸貨櫃運輸與「超大型重件」(如風機葉片)的吊掛運輸，屬利基型物流。
5601,台聯櫃,上櫃航運,I026040,,貨櫃包租公,貨櫃集散站租金,,,倉儲服務,,,土地資產,,,進出口貨櫃量,,,土地資產重估,,,出租率,,,貿易戰影響貨量,,,土地開發限制,,,本業成長停滯,,,獲利平穩但無聊，股價支撐主要來自汐止龐大的土地資產價值。
2643,捷迅,上櫃航運,I026040,,電商物流快手,空運承攬,,,海運承攬,,,電商物流專案,,,AI伺服器/遊戲機出貨,,,空運運價,,,客戶(電商/科技)庫存,,,消費電子需求疲弱,,,運價快速下跌,,,單一客戶佔比高,,,專攻高科技與電商客戶(如遊戲機、伺服器)的貨代，對電子業景氣敏感度高。
2641,正德,上櫃航運,,,散裝收租公,散裝航運(長約),,,船舶管理,,,運費收入,,,BDI指數(影響換約),,,新船交付進度,,,長約鎖定比率,,,全球經濟衰退,,,燃油成本(若非長約),,,拆船價格波動,,,採取「長約鎖定」策略，雖爆發力不如現貨船，但獲利像收租一樣穩定。
OTC57,觀光餐旅,上櫃觀光餐旅,,,,,,,,,,,,,,,,,,,,,,,,,,,,,,,
8077,洛碁,上櫃觀光餐旅,J001170|I027012,,北市商旅地主,客房收入(台北商旅),,,餐飲,,,日客觀光服務,,,日本觀光客入境數,,,台北飯店住房率,,,租金成本壓力,,,租約到期租金調漲,,,過度依賴日本客源,,,疫情/地緣政治風險,,,在台北市擁有最多據點的連鎖商旅，營運與「日本觀光客」數量高度連動。
5905,南仁湖,上櫃觀光餐旅,I027012,,國道服務區王,高速公路休息站(權利金),,,海生館(屏東)經營,,,休閒農場,,,國道車流量,,,休息站標案續約,,,連假出遊人次,,,休息站換約失敗,,,權利金成本上升,,,天災影響觀光,,,本業是國道休息站的二房東，現金流穩定，但成長受限於政府標案週期。
5704,老爺知,上櫃觀光餐旅,J001170|I027012,,知本溫泉老店,客房收入,,,餐飲,,,溫泉服務,,,台東旅遊人次,,,平均房價(ADR),,,股利配發率,,,設施老化需整修,,,國內旅遊退燒(出國潮),,,天災(地震/颱風)影響路況,,,台東知本的老字號飯店，股性冷門，主要賺取穩定的國旅與泡湯財，高殖利率常客。
5703,亞都,上櫃觀光餐旅,J001170|I027012,,精緻商務管家,客房收入(台北/台中),,,高端餐飲(巴黎廳),,,烘焙坊,,,國際商務客入境數,,,米其林星級評鑑,,,平均房價,,,商務客流失,,,人力成本高漲,,,餐飲毛利壓縮,,,堅持高服務品質導致成本居高不下，獲利能力長期受壓抑，餐飲名氣大於實質獲利。
5701,劍湖山,上櫃觀光餐旅,J001170|I027012,,樂園南霸天,遊樂園門票,,,飯店住宿,,,餐飲,,,連假入園人數,,,飯店住房率,,,折舊攤提費用,,,設施維護成本極高,,,少子化衝擊,,,大型新建案折舊拖累,,,長年受鉅額折舊與利息費用拖累，獲利不易，股價多隨寒暑假題材短線波動。
5364,力麗店,上櫃觀光餐旅,J001170|I027012,,連鎖度假村,飯店經營(日月潭/宜蘭),,,營建(轉投資),,,會員證銷售,,,日月潭/宜蘭旅遊人次,,,力麗馬告園區營運,,,資產價值,,,景點老化,,,國旅成本過高,,,轉投資波動,,,力麗集團旗下飯店，據點多在風景區(日月潭、馬告)，受國旅景氣循環影響大。
5301,寶得利,上櫃觀光餐旅,,,珠寶轉型迷途,珠寶精品(陸客團),,,餐飲,,,保健食品,,,陸客來台人數,,,新事業營收佔比,,,財務流動性,,,長期虧損,,,轉型方向不明,,,全額交割/下市風險,,,昔日的「陸客一條龍」珠寶店王，陸客沒了之後轉型多次皆未見起色，屬高風險股。
4804,大略-KY,上櫃觀光餐旅,I027012,,婚宴地雷股,婚宴會所(中國),,,婚紗攝影,,,餐飲,,,中國結婚對數,,,財務現金流,,,訴訟案件進度,,,財務危機/跳票,,,中國消費降級,,,財報難產/下市風險,,,營運重心在中國婚宴市場，近年爆發嚴重財務危機與積欠薪資，極度危險，勿輕易介入。
4530,宏易,上櫃觀光餐旅,I027011,,營建轉觀光,餐飲營收,,,飯店管理,,,營建土方(舊業),,,新經營團隊策略,,,併購餐廳效益,,,每股淨值,,,轉型成效不明,,,借殼上市疑慮,,,流動性風險,,,前身為營造廠，現轉型經營餐飲與飯店(如尖鳥)，營運模式仍在調整中，投機色彩濃。
3522,御頂,上櫃觀光餐旅,J001090|I027011,,婚宴轉型燒肉,婚宴會館(晶宴),,,頂鮮餐廳,,,燒肉/烤鴨(轉型),,,結婚對數,,,商務聚餐需求,,,新品牌展店數,,,少子化/不婚潮,,,大型場地租金壓力,,,轉型燒肉競爭激烈,,,原本專攻大型婚宴，因應少子化積極轉型做「高單價燒肉」與「烤鴨」，試圖縮小場地規模降成本。
3252,海灣,上櫃觀光餐旅,J001170|I027012,,中台灣地產旅宿,飯店(台中海灣),,,主題樂園(海灣樂世界),,,房地產開發,,,台中旅遊人次,,,房地產銷售入帳,,,樂園來客數,,,本業飯店獲利微薄,,,樂園經營成本高,,,資產開發延宕,,,本質是房地產開發商跨足飯店與寵物樂園，股價支撐來自資產而非營運現金流。
2756,聯發國際,上櫃觀光餐旅,J001090|I027011,,珍奶美國夢,歇腳亭(Sharetea)加盟金,,,原料銷售,,,權利金,,,美國展店數,,,澳洲市場營收,,,單店日均銷量,,,美國缺工/通膨,,,加盟主管理風險,,,手搖飲競爭紅海,,,主攻高毛利的「美國」手搖飲市場，賺取美元加盟金與原料費，獲利含金量高。
2755,揚秦,上櫃觀光餐旅,J001090|I027011,,早餐店霸主,麥味登(MWD)加盟,,,炸雞(炸雞大獅),,,涮涮鍋,,,加盟店數成長率,,,同店營收成長(SSSG),,,原物料成本,,,早餐市場飽和,,,缺工影響加盟意願,,,食安問題,,,台灣早餐店龍頭，營運極度穩健，並成功將「炸雞大獅」輸出海外，是餐飲股的資優生。
2754,亞洲藏壽司,上櫃觀光餐旅,J001090|I027011,,迴轉壽司王,迴轉壽司營收,,,扭蛋行銷活動,,,海外(中國)投資,,,台灣展店速度,,,單店日均翻桌率,,,食安事件影響,,,食安風暴(如日本惡作劇),,,漁獲成本上漲,,,中國市場消費降級,,,日系迴轉壽司龍頭，靠「扭蛋」行銷黏住親子客群，但在中國市場面臨價格戰挑戰。
2752,豆府,上櫃觀光餐旅,I027011,,韓式料理王,韓式餐廳(涓豆腐),,,泰式/越式料理,,,阿達師五星麵舖,,,商場人流量,,,新品牌成功率,,,毛利率(集團採購),,,百貨商場抽成調漲,,,新品牌不如預期,,,人力成本上升,,,獲利能力極強的韓式餐飲集團，展店策略精準(全進百貨)，是餐飲股的高獲利代表。
2745,五福,上櫃觀光餐旅,,,日本旅遊團,東北亞旅遊團,,,郵輪代理,,,機票銷售,,,日本旅遊熱度,,,日圓匯率,,,郵輪銷售狀況,,,航空公司減班,,,地緣政治風險,,,天災(地震/颱風),,,以日本線為主的旅行社，日圓貶值時獲利最佳，是國人報復性出國的直接受惠者。
2743,山富,上櫃觀光餐旅,,,旅遊高價團,企業獎勵旅遊,,,日本/越南團,,,機票票務,,,企業旅遊預算,,,高價團佔比,,,航空公司機位取得,,,景氣衰退影響高價團,,,航空公司直售競爭,,,旅遊糾紛,,,專攻「企業獎勵旅遊」與「高價團」，毛利比一般殺價競爭的旅行社好，越南線也是強項。
2740,天蔥,上櫃觀光餐旅,,,西餐轉型路,西式餐飲(Mr. Onion),,,港點(點8號),,,新品牌,,,新品牌展店數,,,單店營收,,,每股淨值,,,長期虧損,,,品牌老化,,,經營權變動頻繁,,,昔日牛排股王，經歷長期虧損與經營權易主，現以「點8號」港點力圖振作，但成效仍待觀察。
2736,富野,上櫃觀光餐旅,,,高山飯店王,武陵富野渡假村,,,台東富野,,,知本富野,,,武陵農場櫻花季,,,整修後房價調漲,,,台東旅遊熱度,,,武陵農場整修(停業影響),,,天災導致道路中斷,,,國旅退燒,,,擁有武陵農場的獨佔住宿優勢(整修後重新開幕)，獲利爆發力集中在櫻花季與寒暑假。
2734,易飛網,上櫃觀光餐旅,,,旅遊電商,機票/訂房OTA,,,免稅店(桃機/離島),,,包機業務,,,主要航線載客率,,,免稅店營收,,,電商流量成本,,,大型OTA(Agoda/Klook)夾殺,,,離島天候影響交通,,,低毛利競爭,,,台灣老牌旅遊電商，近年靠「包機」與「飛機上/機場免稅店」尋找差異化出路。
2732,六角,上櫃觀光餐旅,,,全球珍奶軍,Chatime日出茶太,,,王座國際(餐飲),,,權利金收入,,,東南亞/澳洲店數,,,王座國際獲利貢獻,,,原物料出口,,,全球景氣影響加盟,,,海外人力成本,,,匯率波動,,,版圖遍及全球(印尼、澳洲、加拿大)的手搖飲集團，旗下還有「王座國際」(杏子豬排)掛牌。
2729,瓦城,上櫃觀光餐旅,,,泰菜獲利王,泰式料理(瓦城),,,中式/南洋料理,,,美國市場佈局,,,翻桌率(業界最高),,,美國展店進度,,,同店營收成長,,,美國市場水土不服,,,人力成本上升,,,商場租金壓力,,,台灣最會賺錢的餐廳集團，標準化能力極強，現在最大的夢想是進軍美國市場。
2726,雅茗-KY,上櫃觀光餐旅,,,快樂檸檬,手搖飲(Happy Lemon),,,海外授權,,,中國市場,,,美國/歐洲展店數,,,中國門市縮減速度,,,現金流狀況,,,中國消費崩盤,,,轉型陣痛期,,,加盟主解約潮,,,重心原本在中國，受中國內捲影響嚴重，正痛苦地「去中國化」並轉往歐美市場發展。
2724,藝舍-KY,上櫃觀光餐旅,,,飯店轉建商,飯店經營(富驛),,,營建開發,,,裝修工程,,,建案完工入帳,,,飯店住房率,,,經營權穩定度,,,建案銷售風險,,,飯店設備老舊,,,營建政策打壓,,,前身是「富驛-KY」，引入建設公司背景資金後，變成「飯店+營建」的雙引擎公司。
2719,燦星旅,上櫃觀光餐旅,,,遊艇旅遊夢,旅遊團(東北亞/東南亞),,,遊艇休憩(亞果遊艇),,,台鋼集團資源,,,亞果遊艇會員數,,,高價團佔比,,,台鋼集團整合,,,高端旅遊市場小,,,一般團毛利低,,,人才流失,,,被亞果遊艇與台鋼集團入主後，主打「遊艇+旅遊」的高端差異化路線。
1268,漢來美食,上櫃觀光餐旅,,,南霸天Buffet,海港自助餐,,,名人坊(米其林),,,宴會廳,,,台北南港店營收,,,自助餐漲價效應,,,新品牌展店,,,食材成本暴漲,,,展店速度過快稀釋獲利,,,食安風險,,,高雄餐飲南霸天，北上插旗南港成功，自助餐(海港)是超強現金牛，高端餐飲(名人坊)提升品牌價值。
1259,安心,上櫃觀光餐旅,,,摩斯漢堡,Mos Burger速食,,,早餐/正餐銷售,,,儲值卡現金流,,,基本工資調漲幅度,,,同店營收成長,,,展店淨增加數,,,人力極度短缺,,,食材成本通膨,,,超商鮮食競爭,,,台灣摩斯漢堡，營運穩健如山，但受「基本工資調漲」衝擊最大(人力需求高)，適合防禦型投資。
OTC62,半導體,上櫃半導體,,,,,,,,,,,,,,,,,,,,,,,,,,,,,,,
8299,群聯,上櫃半導體,J001480,,NAND控制晶片王,SSD控制晶片,,,NAND模組,,,aiDAPTIV+方案,,,NAND Flash報價,,,企業級SSD市佔,,,AI專案營收,,,NAND景氣循環劇烈,,,模組庫存跌價,,,低價競爭者,,,努力從「模組廠」轉型為「AI儲存解決方案」商，NAND漲價時獲利爆發力強。
8277,商丞,上櫃半導體,,,記憶體模組老兵,DRAM模組,,,NAND Flash產品,,,代工服務,,,DRAM報價,,,現貨市場需求,,,庫存水位,,,記憶體價格崩跌,,,流動性低,,,缺乏核心技術,,,傳統記憶體模組廠，營運隨報價波動，缺乏明顯護城河。
8227,巨有科技,上櫃半導體,,,台積電的小跟班,ASIC設計服務,,,晶圓代工管理,,,封測管理,,,台積電成熟製程產能,,,NRE(委託設計)收入,,,量產權利金,,,先進製程接單能力弱,,,客戶取消開案,,,IP專利糾紛,,,台積電的Design House夥伴，專攻成熟製程的ASIC，比創意/世芯規模小但靈活。
8088,品安,上櫃半導體,I023430,,代工型模組廠,DRAM模組代工,,,Flash產品,,,工控記憶體,,,大客戶(Kingston)訂單,,,記憶體封測稼動率,,,代工費率,,,單一客戶依賴極高,,,記憶體景氣下行,,,毛利率微薄,,,金士頓(Kingston)的重要代工夥伴，獲利穩定但缺乏爆發力，屬代工屬性。
8086,宏捷科,上櫃半導體,J001010,,手機PA二哥,砷化鎵代工(手機),,,Wi-Fi 7 PA,,,VCSEL元件,,,中低階手機銷量,,,Wi-Fi 7滲透率,,,立積/中美晶訂單,,,中國手機庫存調整,,,穩懋/陸廠價格戰,,,產能利用率波動,,,中美晶入主後體質改善，主攻中低階手機與Wi-Fi PA，與穩懋做出市場區隔。
8054,安國,上櫃半導體,,,ASIC轉型黑馬,IP授權與ASIC(星河半導體),,,控制晶片(舊業),,,轉投資收益,,,神盾集團資源整合,,,ASIC開案量,,,新事業營收佔比,,,併購綜效不明,,,本業長期獲利不穩,,,高本益比修正,,,神盾集團成員，併購星河半導體後轉型IP/ASIC，股價從控制晶片廠變身為IP股。
8040,九暘,上櫃半導體,,,聯發科網通兵,乙太網路收發器(PHY),,,交換器晶片,,,PoE晶片,,,聯發科/達發入主綜效,,,網通標案需求,,,毛利率改善,,,產品規格落後大廠,,,庫存去化慢,,,轉型陣痛期,,,被聯發科集團(達發)收編，未來將整合進集團的網通平台，具轉機題材。
8024,佑華,上櫃半導體,,,語音晶片廠,語音控制IC,,,微控制器(MCU),,,消費性玩具晶片,,,消費性電子景氣,,,玩具/禮品訂單,,,MCU價格,,,市場規模萎縮,,,中國低價MCU競爭,,,產品單價低,,,專做會說話/發聲的玩具晶片，市場成熟且利基，缺乏成長爆發力。
7556,意德士,上櫃半導體,J000490|I023172,,氟素設備里長,全氟橡膠密封環(O-ring),,,靜電吸盤維修,,,半導體耗材,,,台積電先進製程產能,,,耗材更換頻率,,,新廠產能,,,半導體擴廠放緩,,,原材料漲價,,,單一客戶佔比高,,,台積電供應鏈，專做曝光/蝕刻製程的關鍵耗材(密封環)，先進製程越複雜，更換頻率越高。
6895,宏碩系統,上櫃半導體,J000490|J001450|I023172,,微波真空管軍火,微波管(軍工飛彈),,,半導體微波加熱器,,,真空設備,,,國防預算,,,台積電/ASML訂單,,,高毛利(獨佔),,,國防標案延宕,,,半導體資本支出縮減,,,產能擴充受限,,,台灣唯一能做高功率微波真空管的廠商，橫跨「半導體設備」與「國防軍工」雙領域。
6823,濾能,上櫃半導體,,,AMC防治專家,微污染防治濾網(AMC),,,模組化濾網,,,安裝工程,,,晶圓廠新廠潔淨室面積,,,耗材更換週期,,,環保濾網佔比,,,建廠進度延後,,,同業價格競爭,,,原物料成本,,,半導體先進製程對潔淨度要求極高，其AMC濾網是消耗品，擁有持續性營收。
6788,華景電,上櫃半導體,J000490|J000500|I023172,,晶圓載具捷運,晶圓製程AMC設備,,,RFID追蹤系統,,,自動化搬運,,,台積電先進製程擴產,,,晶圓廠自動化預算,,,系統安裝量,,,單一客戶依賴,,,資本支出週期性,,,競爭對手切入,,,專做「晶圓載具」的微環境控制與追蹤，確保晶圓在移動中不被汙染，台積電概念股。
6732,昇佳電子,上櫃半導體,J000020,,感測器小天王,近距離感測器(P-sensor),,,環境光感測器(ALS),,,加速度計,,,安卓手機銷量,,,全屏手機滲透率,,,矽盾(Silicon Labs)專利戰,,,手機市場飽和,,,OLED屏下技術變革,,,晶圓代工成本,,,矽創子公司，專攻手機感測器，與旗艦手機規格高度連動，高殖利率常客。
6716,應廣,上櫃半導體,,,多核心MCU,微控制器(MCU),,,無刷馬達控制IC,,,消費性IC,,,中國家電/玩具需求,,,MCU庫存水位,,,新品ASP,,,MCU價格戰(紅海),,,中國經濟通縮,,,晶圓成本轉嫁難,,,主打「多核心」架構的MCU，在中國消費性電子市場有一定份額，受景氣循環影響大。
6708,天擎,上櫃半導體,,,雲端監控SoC,無線影音監控SoC,,,雲端SaaS服務,,,嬰兒監視器晶片,,,標案入帳週期,,,SaaS訂閱收入,,,監控晶片市佔,,,晶片市場殺價,,,雲端推廣速度慢,,,庫存風險,,,從晶片廠轉型做「宮廟點燈系統」等SaaS服務，試圖擺脫純硬體競爭。
6693,廣閎科,上櫃半導體,I023120,,散熱風扇驅動,無刷馬達驅動IC(BLDC),,,MOSFET,,,數位類比整合IC,,,散熱風扇需求(伺服器),,,筆電/家電銷量,,,毛利率,,,晶圓產能取得成本,,,PC市場衰退,,,庫存跌價,,,茂達子公司，專攻散熱風扇馬達驅動，受惠於伺服器與電競PC散熱需求。
6684,安格,上櫃半導體,,,Type-C影像手,Type-C視訊轉換晶片,,,高速傳輸IC,,,多媒體控制IC,,,筆電/周邊配件銷量,,,USB4滲透率,,,神盾集團整合效益,,,消費電子疲弱,,,同業(譜瑞/威鋒)競爭,,,併購後的磨合期,,,神盾集團成員，併購展匯科後產品線擴大，主攻USB Type-C影像轉換。
6683,雍智科技,上櫃半導體,J001390|I023021,,IC測試載板王,IC測試載板(Load Board),,,老化測試板(Burn-in),,,探針卡PCB,,,聯發科天璣晶片出貨,,,AI晶片測試需求,,,5G手機滲透率,,,晶片設計改版變慢,,,測試介面競爭(精測/旺矽),,,客戶砍價,,,IC測試板龍頭，與聯發科關係緊密，AI晶片測試時間拉長對其有利。
6679,鈺太,上櫃半導體,J000260,,MEMS麥克風王,微機電麥克風(D-Mic),,,筆電/耳機應用,,,助聽器/車用,,,筆電窄邊框滲透率,,,AI PC語音輸入需求,,,聯發科入股綜效,,,PC市場衰退,,,新應用(車用)發酵慢,,,匯率波動,,,全球筆電麥克風龍頭，聯發科入股後，未來在手機與AI語音互動裝置有很大想像空間。
6651,全宇昕,上櫃半導體,I023120,,功率元件小兵,MOSFET,,,電晶體,,,二極體,,,網通/車用電子需求,,,寬能隙材料(GaN)進度,,,毛利率,,,標準品殺價競爭,,,晶圓代工成本,,,庫存去化壓力,,,產品偏向分離式元件，主要應用在網通與工業，獲利穩健但爆發力較小。
6643,M31,上櫃半導體,J000170|J000500|J001480,,高速傳輸IP,USB4/PCIe IP,,,基礎元件IP,,,先進製程授權,,,晶圓代工廠(台積/Intel)產能,,,開案量(Licensing),,,權利金(Royalty)成長,,,研發人才短缺,,,地緣政治(中國營收),,,先進製程驗證失敗,,,台灣IP二哥，專攻「高速傳輸介面」，是AI伺服器與先進製程不可或缺的拼圖。
6640,均華,上櫃半導體,J001470|I023172,,CoWoS挑揀王,晶片挑揀機(Sorter),,,黏晶機(Bonder),,,封裝檢測設備,,,台積電CoWoS產能,,,先進封裝擴產速度,,,G2C聯盟綜效,,,設備交期延宕,,,單一客戶(台積)依賴,,,股價波動劇烈,,,志聖集團(G2C)成員，CoWoS封裝中「挑揀晶片」的關鍵設備商，股價隨台積電擴產消息起舞。
6568,宏觀,上櫃半導體,J000030,,寬頻射頻IC,電視調諧器(Tuner),,,衛星/光纖射頻IC,,,物聯網RF,,,機上盒/電視出貨量,,,光纖標案需求,,,達發入主綜效,,,電視市場萎縮,,,光纖標案延遲,,,中國競爭者,,,被聯發科集團(達發)收購，將整合進寬頻網路平台，本業Tuner已是成熟市場。
6548,長科*,上櫃半導體,I023021,,導線架二哥,IC導線架(QFN/aQFN),,,車用導線架,,,Mini LED導線架,,,半導體封測稼動率,,,車用佔比,,,IDM廠訂單,,,封測景氣下行,,,銅價成本,,,蝕刻技術競爭,,,全球導線架大廠，擁有高毛利的蝕刻技術，獲利能力優於傳統沖壓廠，長華集團旗下。
6532,瑞耘,上櫃半導體,J000490|I023172,,CMP耗材手,CMP製程耗材(扣環),,,靜電吸盤維修,,,半導體設備零組件,,,台積電/應材訂單,,,耗材更換需求,,,新廠產能,,,半導體稼動率下滑,,,原廠(OEM)認證難度,,,原料漲價,,,專做CMP(化學機械研磨)的耗材，是台積電與應用材料(Applied Materials)的供應商。
6510,精測,上櫃半導體,J000020|J001470|J001480,,探針卡法拉利,MEMS探針卡,,,晶圓測試板,,,車用/HPC測試,,,手機AP晶片測試需求,,,AI晶片測試佔比,,,全自製探針良率,,,手機市場低迷,,,MEMS探針卡競爭激烈,,,研發費用過高,,,曾是千元股后，技術極強(全自製探針)，但受手機市場疲弱拖累，正轉向AI與HPC測試。
6494,九齊,上櫃半導體,,,語音MCU王,語音控制IC,,,32位元MCU,,,玩具/家電晶片,,,消費性玩具銷量,,,中國內需景氣,,,晶圓成本,,,低價玩具市場萎縮,,,MCU價格戰,,,庫存堆積,,,專做會發聲的玩具/卡片晶片，營運極度依賴中國消費性電子與玩具市場。
6488,環球晶,上櫃半導體,J000500|J001010,,矽晶圓天皇,12吋/8吋矽晶圓,,,SiC/GaN晶圓,,,SOI晶圓,,,長約(LTA)覆蓋率,,,半導體全球產能,,,12吋現貨價,,,長約違約風險,,,半導體庫存調整,,,擴產折舊壓力,,,全球第三大矽晶圓廠，併購王，掌握半導體最上游的材料，長約保護下獲利相對穩健。
6485,點序,上櫃半導體,,,記憶體控制兵,SD卡/USB控制晶片,,,eMMC控制晶片,,,SSD控制晶片,,,NAND Flash報價,,,金士頓訂單,,,庫存去化狀況,,,消費性儲存需求減,,,NAND原廠策略,,,晶圓代工產能,,,聯電集團與金士頓轉投資，專攻中低階記憶體控制晶片(SD/USB)。
6462,神盾,上櫃半導體,,,併購拼圖王,指紋辨識IC,,,AI晶片,,,IP/ASIC(透過併購),,,集團併購綜效,,,三星/安卓手機銷量,,,轉型IP營收佔比,,,併購整合失敗,,,本業指紋辨識殺價,,,財務槓桿風險,,,昔日指紋辨識王，現在透過瘋狂併購(安國/芯鼎/乾瞻)試圖轉型為「IP與AI平台」公司。
6457,紘康,上櫃半導體,,,電池管理精算師,電池管理IC(BMS),,,混合訊號MCU,,,數位傳感器,,,筆電/電池模組需求,,,BMS晶片報價,,,晶圓產能,,,電池IC競爭激烈,,,NB市場衰退,,,庫存修正,,,專精於高精度的「類比訊號」處理，主要應用在電池管理系統(BMS)與體脂計等量測設備。
6435,大中,上櫃半導體,,,MOSFET大廠,低壓/高壓MOSFET,,,車用MOSFET,,,電源管理,,,PC/主機板出貨量,,,車用營收佔比,,,茂達集團資源,,,PC景氣循環,,,中國MOSFET殺價,,,晶圓成本,,,茂達集團成員，主要應用在PC與主機板，獲利隨PC景氣與MOSFET報價波動。
6411,晶焱,上櫃半導體,,,ESD防護罩,靜電防護IC(ESD),,,突波保護,,,介面濾波器,,,電子產品接口數量(USB/HDMI),,,ESD滲透率,,,晶圓代工成本,,,標準品價格競爭,,,消費電子疲弱,,,技術門檻相對低,,,台灣ESD靜電防護IC龍頭，只要有插孔的電子產品都需要它，營收穩健。
6291,沛亨,上櫃半導體,,,類比IC老店,電源管理IC,,,光纖通訊IC,,,線性穩壓器,,,網通/光纖標案,,,日本客戶(振樺)訂單,,,高毛利(利基型),,,市場規模小,,,產品替代性,,,流動性較低,,,振樺電入主後轉型成功，專攻光纖與網通等利基市場，毛利高且獲利穩定。
6287,元隆,上櫃半導體,,,晶圓代工老兵,6吋晶圓代工,,,分離式元件製造,,,MOSFET代工,,,產能利用率,,,鴻海/強茂訂單,,,設備折舊狀況,,,6吋廠技術老舊,,,缺乏規模經濟,,,財務體質偏弱,,,老牌6吋晶圓代工廠，技術層次較低，主要幫強茂等大廠做代工。
6261,久元,上櫃半導體,I023020|I023600,,測試與設備,LED/IC切割挑揀,,,測試代工,,,自製測試設備,,,半導體封測稼動率,,,Mini LED需求,,,設備銷售量,,,LED產業低迷,,,測試代工降價,,,設備競爭,,,擁有「測試代工」與「設備自製」雙引擎，獲利長期穩定，高殖利率概念。
6237,驊訊,上櫃半導體,J000370,,音效晶片王,USB音效晶片,,,電競耳機IC,,,VR音效,,,電競PC/耳機銷量,,,VR裝置出貨,,,威盛集團資源,,,PC市場衰退,,,音效整合進SoC(被取代),,,庫存堆積,,,專攻USB音效晶片，是電競耳機與VR裝置的關鍵供應商，威盛集團成員。
6233,旺玖,上櫃半導體,,,介面控制IC,智慧電表IC,,,USB橋接晶片,,,霍爾感測器,,,智慧電表標案,,,USB周邊需求,,,新產品貢獻,,,本業獲利不穩,,,消費電子疲弱,,,技術競爭力,,,主要做USB橋接與智慧電表晶片，近年營運起伏較大。
6229,研通,上櫃半導體,,,IC通路商,消費性IC代理,,,語音/MCU代理,,,方案設計,,,代理線營收,,,原廠供貨狀況,,,庫存水位,,,原廠收回代理權,,,消費電子不振,,,毛利微薄,,,二線IC通路商，主要代理消費性應用IC，獲利受景氣循環影響大。
6223,旺矽,上櫃半導體,J001460|J001470|J001480,,探針卡隱形冠軍,懸臂式/垂直式探針卡,,,VPC(垂直探針卡)高階產能,,,LED設備,,,HPC/AI晶片測試需求,,,VPC市佔率,,,設備出貨量,,,探針卡殺價競爭,,,產能擴充瓶頸,,,地緣政治,,,全球前五大探針卡廠，AI晶片與HPC測試需求大增，帶動高階VPC探針卡供不應求。
6198,瑞築,上櫃半導體,,,設備代工,半導體設備模組代工,,,自動化設備,,,光電設備,,,主要客戶(應材/Lam)訂單,,,設備資本支出,,,產能利用率,,,景氣循環風險,,,單一客戶依賴,,,技術門檻低,,,主要幫國際設備大廠做模組代工，跟著半導體設備支出週期走。
6182,合晶,上櫃半導體,,,拋光片老三,8吋/6吋矽晶圓,,,拋光晶圓(Polished),,,SOI晶圓,,,車用功率半導體需求,,,8吋產能利用率,,,中國廠產能,,,成熟製程供過於求,,,中國矽晶圓殺價,,,折舊壓力,,,全球第六大矽晶圓廠，專攻「中小尺寸」與「重摻」晶圓，主要應用在車用功率元件。
6147,頎邦,上櫃半導體,I023020,,面板驅動封測,DDIC封測,,,金凸塊(Bumping),,,非驅動IC(RF/PMIC)封測,,,面板解析度升級,,,OLED滲透率,,,非驅動IC佔比,,,面板景氣循環,,,中國封測廠競爭,,,技術替代(COP/COF),,,全球面板驅動IC封測雙雄之一(另一家是南茂)，現金流超強，高殖利率定存股。
6138,茂達,上櫃半導體,,,電源管理績優生,電源管理IC(PMIC),,,風扇馬達驅動IC,,,DDR5電源IC,,,PC/NB出貨量,,,DDR5滲透率,,,Mini LED背光需求,,,PC市場衰退,,,庫存去化速度,,,晶圓成本,,,國內類比IC大廠，在PC與風扇馬達領域市佔高，DDR5電源管理IC是新成長動能。
6129,普誠,上櫃半導體,,,車用顯示IC,車用面板驅動IC,,,LED顯示驅動,,,消費性IC,,,鴻海/日系車廠訂單,,,車用HUD滲透率,,,消費性庫存,,,老牌公司轉型慢,,,車用認證週期長,,,消費電子拖累,,,老牌IC設計，近年轉攻車用HUD(抬頭顯示器)與儀表板驅動IC，鴻海集團供應鏈。
6104,創惟,上櫃半導體,,,USB Hub王,USB集線器控制IC,,,Type-C介面,,,讀卡機IC,,,筆電/PC周邊銷量,,,USB4新品貢獻,,,蘋果訂單,,,PC市場飽和,,,高速傳輸競爭(譜瑞/祥碩),,,庫存跌價,,,全球USB Hub控制晶片龍頭，蘋果與筆電大廠都是客戶，受惠Type-C統一接口趨勢。
6103,合邦,上櫃半導體,,,轉型貿易,電子零組件買賣,,,光碟機晶片(已停),,,建材貿易,,,新業務營收,,,財報獲利能力,,,全額交割解除,,,本業長期虧損,,,轉型方向不明,,,流動性風險,,,曾經的光碟機晶片廠，現已無相關業務，轉型做貿易買賣，屬殼股性質。
5487,通泰,上櫃半導體,,,觸控MCU,觸控IC,,,微控制器,,,消費性晶片,,,家電觸控需求,,,MCU庫存,,,新產品開發,,,市場競爭激烈,,,營收規模小,,,流動性不足,,,專做家電與消費電子的觸控MCU，股性冷門，獲利平穩但無爆發力。
5483,中美晶,上櫃半導體,I023130,,綠能與半導體控股,環球晶(矽晶圓)股利,,,太陽能本業,,,轉投資(宏捷科/朋程),,,環球晶獲利貢獻,,,太陽能模組與電廠,,,轉投資評價,,,太陽能產業波動,,,業外投資減損,,,控股折價,,,本體是「環球晶」的富爸爸，加上太陽能本業與一堆成功的半導體轉投資，是半導體ETF型公司。
5468,凱鈺,上櫃半導體,,,通訊晶片,驅動IC,,,USB控制IC,,,網通晶片,,,營收規模,,,新產品認證,,,虧損收斂狀況,,,長期虧損,,,競爭力不足,,,流動性風險,,,營運長期處於損益邊緣，產品線缺乏明顯競爭優勢。
5425,台半,上櫃半導體,,,車用二極體,整流二極體,,,MOSFET,,,條碼印表機(鼎翰),,,車用/工控營收佔比,,,48V輕油電需求,,,轉投資鼎翰獲利,,,車市庫存調整,,,中國低價競爭,,,匯率波動,,,二極體大廠，獲利雙引擎：本業車用二極體+子公司鼎翰(條碼機)，獲利極度穩健。
5351,鈺創,上櫃半導體,J000370,,記憶體利基,利基型DRAM(KGD),,,3D感測,,,USB4晶片,,,利基型DRAM報價,,,VR/AR應用,,,USB4滲透率,,,DRAM景氣波動,,,新事業燒錢,,,本業獲利不穩,,,老牌記憶體廠，近年積極轉型邏輯晶片(USB4)與3D感測，但獲利仍受DRAM景氣牽動。
5347,世界,上櫃半導體,J000500,,8吋代工資優生,8吋晶圓代工,,,電源管理IC,,,面板驅動IC,,,8吋產能利用率,,,PMIC/DDIC需求,,,新加坡新廠(12吋)進度,,,中國成熟製程殺價,,,電源管理IC庫存,,,折舊壓力增加,,,台積電轉投資，專攻特殊製程(高壓/電源)，雖受中國殺價影響，但股利政策大方。
5344,立衛,上櫃半導體,I023020,,封測老兵,IC測試,,,晶圓測試,,,封裝,,,產能利用率,,,主要客戶訂單,,,虧損狀況,,,技術層次低,,,規模經濟不足,,,財務體質弱,,,規模較小的封測廠，長期處於損益邊緣，缺乏高階技術護城河。
5314,世紀,上櫃半導體,,,視訊晶片轉型,視訊轉換IC,,,車用影像,,,生技(子公司),,,新事業營收,,,轉型成效,,,每股淨值,,,本業長期不振,,,轉型生技風險,,,流動性差,,,前身是世紀民生，本業IC設計沒落後，正嘗試轉型或引進新業務。
5302,太欣,上櫃半導體,,,老牌IC轉投資,消費性IC,,,微控制器,,,投資收益,,,本業營收,,,業外投資損益,,,資產活化,,,本業無競爭力,,,依賴業外獲利,,,流動性風險,,,極早期的IC設計公司，本業已邊緣化，主要靠業外投資維持。
5299,杰力,上櫃半導體,,,筆電MOSFET,金屬氧化物半導體(MOSFET),,,電源管理,,,筆電出貨量,,,商用NB佔比,,,晶圓代工成本,,,PC市場衰退,,,庫存去化壓力,,,價格戰,,,華碩集團關聯企業，主攻筆電用MOSFET，獲利能力在MOSFET族群中屬前段班。,,,
5274,信驊,上櫃半導體,J001480,,AI伺服器心臟,BMC(遠端伺服器管理晶片),,,Cupola360全景影像,,,非BMC晶片,,,AI伺服器出貨量,,,雲端大廠(CSP)資本支出,,,市佔率(全球第一),,,本益比極高(估值修正),,,庫存調整週期,,,新競爭者(Nuvoton),,,全球BMC霸主，市佔率7成以上，AI伺服器出貨越多，它賺越多，真正的股王。
5272,笙科,上櫃半導體,,,RF晶片老兵,射頻IC(RF),,,藍牙/Sub-1GHz,,,衛星通訊,,,智慧電表/標籤需求,,,物聯網滲透率,,,毛利率,,,標準品競爭激烈,,,技術門檻中等,,,營收成長緩慢,,,專做無線射頻IC，應用在智慧電表、電子標籤等物聯網裝置，獲利平穩。
5236,凌陽創新,上櫃半導體,J000260|J000370,,ISP影像專家,影像處理晶片(ISP),,,筆電Webcam晶片,,,周邊控制IC,,,筆電出貨量,,,Webcam規格升級,,,AI PC邊緣運算,,,PC市場衰退,,,庫存堆積,,,單一應用(筆電)佔比高,,,凌陽集團小金雞，全球筆電Webcam ISP晶片龍頭，高殖利率概念。
4991,環宇-KY,上櫃半導體,,,化合物半導體,砷化鎵/磷化銦代工,,,光電元件,,,RF元件,,,5G基建/資料中心需求,,,轉投資(常州承芯)損益,,,KGD業務,,,轉投資虧損拖累,,,中國基建放緩,,,技術授權爭議,,,技術很好(光電/RF)，但常被中國轉投資的虧損拖累財報，需關注業外包袱何時減輕。
4973,廣穎,上櫃半導體,,,記憶體品牌,DRAM模組,,,SSD/隨身碟,,,工控儲存,,,記憶體現貨價,,,品牌通路銷售,,,庫存管理能力,,,記憶體價格崩跌,,,消費需求疲弱,,,匯率波動,,,擁有自有品牌(Silicon Power)的記憶體模組廠，行銷全球，獲利隨記憶體報價波動。
4971,IET-KY,上櫃半導體,,,MBE磊晶專家,MBE磊晶片(GaAs/InP),,,氮化鎵(GaN),,,國防/航太晶片,,,美國國防訂單,,,光通訊需求,,,新廠擴產進度,,,美國製造(成本高),,,政府標案延宕,,,單一技術(MBE)市場小,,,總部在美國德州，專攻MBE長晶技術，直接供應美國國防與高階光通訊客戶。
4966,譜瑞-KY,上櫃半導體,J000260|I023040,,高速傳輸資優生,eDP時序控制器(Tcon),,,高速傳輸介面(USB4/PCIe),,,伺服器Retimer,,,蘋果iPad/MacBook銷量,,,USB4/PCIe Gen5滲透率,,,伺服器營收佔比,,,PC市場依賴度高,,,OLED面板更換(影響Tcon),,,高價股估值修正,,,技術底蘊深厚的千元股，蘋果與AI PC是其關鍵動能，伺服器高速傳輸晶片是新藍海。
4951,精拓科,上櫃半導體,I023040,,工業電腦IC,橋接器IC,,,環境監控IC,,,IO控制IC,,,工業電腦(IPC)出貨量,,,利基型市場需求,,,毛利率(極高),,,PC市場衰退(部分產品),,,晶圓產能成本,,,流動性較低,,,專攻工業電腦(IPC)用的混合訊號IC，毛利率高達6-7成，是隱形冠軍。
4945,陞達科技,上櫃半導體,I023040,,風扇馬達IC,風扇馬達驅動IC,,,伺服器散熱,,,代理微控制器,,,伺服器/電競散熱需求,,,日商(MITSUMI)合作關係,,,新產品市佔,,,伺服器庫存調整,,,市場競爭加劇,,,代理線毛利低,,,日商MITSUMI的關鍵夥伴，專攻伺服器散熱風扇驅動IC，被偉詮電併購後資源整合中。
4923,力士,上櫃半導體,,,MOSFET新兵,中低壓MOSFET,,,電源管理,,,筆電/手機應用,,,快充滲透率,,,筆電出貨量,,,晶圓產能取得,,,消費電子疲弱,,,價格戰激烈,,,規模經濟不足,,,規模較小的MOSFET廠，擁有專利技術ETG，主要應用在快充與筆電。
3707,漢磊,上櫃半導體,,,SiC代工先鋒,SiC/GaN晶圓代工,,,車用/工控功率元件,,,二極體,,,車用SiC滲透率,,,6吋SiC產能利用率,,,IDM委外訂單,,,SiC長晶良率/成本,,,中國SiC產能開出(殺價),,,獲利長期處於損益邊緣,,,台灣第一家建立SiC(碳化矽)代工產能的廠商，題材性強，但實質獲利尚未爆發。
3680,家登,上櫃半導體,,,台積電大管家,光罩盒(EUV Pod/FOUP),,,晶圓載具,,,航太管件,,,台積電EUV機台數,,,中國半導體在地化(FOUP需求),,,CoWoS載具出貨,,,單一客戶(台積)依賴,,,專利訴訟(已和解),,,中國制裁風險,,,全球EUV光罩盒龍頭，台積電買越多EUV機台，它賺越多，CoWoS載具是新成長點。
3675,德微,上櫃半導體,,,車用二極體精兵,車用/工控二極體,,,封裝代工,,,SiC封裝,,,達爾(Diodes)母公司資源,,,高階車用佔比,,,併購亞昕/喜可鴻效益,,,消費電子庫存,,,車市雜音,,,新廠折舊,,,達爾科技(Diodes)在台重要子公司，透過整併與自動化升級，獲利能力大幅跳升。
3581,博磊,上櫃半導體,,,封測設備廠,植球機,,,切割機,,,測試治具,,,半導體封測擴產,,,記憶體設備需求,,,維修服務收入,,,封測景氣下行,,,設備競爭激烈,,,營收規模小,,,主要做封測設備與治具，跟著日月光、京元電等封測廠的資本支出走。
3567,逸昌,上櫃半導體,I023020,,封測代工,類比/混合訊號IC測試,,,小型封測廠,,,車用測試佔比,,,產能利用率,,,測試價格,,,技術層次較低,,,規模經濟不足,,,景氣循環明顯,,,專注於類比IC測試的中小型封測廠，獲利平穩，高殖利率概念。,,,
3556,禾瑞亞,上櫃半導體,I023040,,觸控IC老店,工控觸控IC,,,消費性觸控IC,,,觸控模組,,,工控/醫療設備需求,,,POS機出貨,,,毛利率,,,觸控市場成熟,,,競爭者眾,,,營收成長停滯,,,從消費性轉型到工控與醫療觸控，避開殺價紅海，獲利穩定但無爆發力。
3555,博士旺,上櫃半導體,,,生技轉型殼,生技服務(轉型),,,供應鏈管理,,,IC設計(舊業),,,新團隊營運方向,,,營收來源變化,,,轉型成效,,,本業長期虧損,,,業務變動大,,,全額交割風險,,,原名重鳥鵬，經歷多次更名與業務調整，目前業務混雜，屬高風險轉型股。
3529,力旺,上櫃半導體,J001480|I023040,,IP權利金王,嵌入式非揮發性記憶體IP(eNVM),,,Security IP,,,權利金(Royalty),,,晶圓代工廠投片量,,,先進製程滲透率,,,每片晶圓權利金價格,,,半導體庫存調整,,,新技術替代,,,估值過高風險,,,台灣最純的IP公司，不製造只收權利金，毛利率100%，台積電每生產一片晶圓它都可能抽成。
3527,聚積,上櫃半導體,I023040,,LED驅動王,LED顯示屏驅動IC,,,車用照明,,,Mini/Micro LED,,,戶外看板/演唱會需求,,,車用背光滲透率,,,中國市場價格,,,中國同業(集創北方)殺價,,,虛擬攝影棚需求減,,,庫存去化,,,全球LED顯示屏驅動IC龍頭，受中國市場殺價影響大，正轉型車用與高階虛擬攝影棚應用。
3438,類比科,上櫃半導體,I023040,,電源IC併購,電源管理IC,,,面板電源IC,,,磁性元件,,,面板產業景氣,,,致新入主綜效,,,新產品開發,,,面板需求衰退,,,技術競爭力,,,主要客戶集中,,,被致新併購後，成為泛致新集團成員，專注於電源管理IC。
3374,精材,上櫃半導體,,,台積電封測兵,晶圓級封裝(WLCSP),,,CIS感測器封裝,,,車用影像封測,,,蘋果iPhone銷量(FaceID/CIS),,,台積電釋單量,,,12吋新廠產能,,,單一客戶(蘋果/台積)依賴,,,消費電子疲弱,,,新製程研發成本,,,台積電子公司，專做CIS與光學元件封裝，營運與蘋果手機銷量高度連動。
3372,典範,上櫃半導體,,,小型封測廠,IC封裝(超薄/光學),,,記憶體卡封裝,,,導線架封裝,,,產能利用率,,,主要客戶訂單,,,虧損狀況,,,技術與規模落後,,,長期虧損,,,流動性風險,,,營運辛苦的小型封測廠，長期處於虧損或損益邊緣。
3317,尼克森,上櫃半導體,,,MOSFET老兵,高低壓MOSFET,,,電源管理,,,車用MOSFET,,,PC/主機板景氣,,,庫存去化進度,,,電動車營收佔比,,,PC市場衰退,,,同業價格戰,,,晶圓成本,,,主攻PC與主機板應用的MOSFET，獲利隨PC景氣循環。
3268,海德威,上櫃半導體,I023040,,IC通路商,多媒體IC代理,,,消費性IC,,,軟體方案,,,代理線營收,,,庫存水位,,,原廠政策,,,消費電子不振,,,毛利微薄,,,流動性低,,,小型的IC通路商，營運規模小，受景氣影響大。
3265,台星科,上櫃半導體,,,封測資優生,晶圓測試,,,IC封裝,,,AI/HPC測試,,,AI晶片測試訂單,,,產能利用率,,,高殖利率,,,矽格集團資源,,,半導體庫存調整,,,客戶集中度,,,矽格集團成員，技術含金量高，近年切入AI與HPC測試，獲利能力在封測廠中名列前茅。
3264,欣銓,上櫃半導體,J001240,,車用測試王,晶圓測試(CP),,,成品測試(FT),,,車用/安控測試,,,IDM大廠(TI/NXP/Infineon)訂單,,,車用營收佔比,,,新加坡/南京廠營運,,,車市庫存調整,,,IDM收回自製,,,匯率波動,,,專注於「車用與安控」測試，客戶都是國際IDM大廠，獲利比一般消費性封測廠穩健。
3260,威剛,上櫃半導體,I023410,,記憶體模組王,DRAM模組,,,SSD,,,電競品牌(XPG),,,記憶體現貨價,,,庫存低價利益,,,電競產品銷量,,,記憶體價格崩跌,,,庫存跌價損失,,,業外運彩獲利波動,,,全球第二大記憶體模組廠，也是台灣運彩發行商，獲利關鍵在於「低價庫存」的操作神技。
3259,鑫創,上櫃半導體,I023040,,麥克風IC,MEMS麥克風,,,快閃記憶體控制IC,,,USB Audio,,,筆電/耳機需求,,,新產品營收,,,虧損收斂,,,長期虧損,,,規模太小,,,市場競爭(鈺太),,,營運長期處於虧損狀態，在MEMS麥克風領域面臨鈺太的強大競爭。
3228,金麗科,上櫃半導體,I023040,,x86 CPU怪傑,x86架構CPU,,,ASIC設計服務,,,工業電腦晶片,,,中國去美化訂單,,,NRE收入,,,開案量,,,地緣政治(實體清單風險),,,客戶開案延宕,,,技術小眾,,,台灣極少數做x86架構CPU的公司，主要市場在中國工控與去美化標案，股價波動極大。
3227,原相,上櫃半導體,I023040|I023680,,感測器天王,滑鼠感測器(全球第一),,,遊戲機(Switch)感測,,,TWS晶片,,,PC/電競滑鼠銷量,,,Switch新機效應,,,安防感測器佔比,,,PC市場衰退,,,遊戲機週期末段,,,專利訴訟(已少),,,滑鼠感測器全球霸主，擁有大量專利護城河，任天堂Switch與AI邊緣運算(安防)是關鍵動能。
3178,公準,上櫃半導體,,,精密加工王,半導體設備零組件,,,航太致動器,,,顯示器設備,,,ASML/應材訂單,,,EUV設備零件佔比,,,航太產業復甦,,,單一客戶依賴,,,新廠折舊,,,匯率波動,,,精密金屬加工廠，打入ASML供應鏈做EUV設備零件，也做波音/空巴的航太零件。
3169,亞信,上櫃半導體,I023040,,工業乙太網,工業乙太網路晶片,,,IO-Link,,,嵌入式網路,,,聯發科/達發入主綜效,,,工業自動化需求,,,毛利率,,,工業市場復甦慢,,,特殊規格市場小,,,晶圓成本,,,被聯發科集團(達發)收購，專攻工業自動化與機器手臂的連網晶片，利基型的小而美公司。
3141,晶宏,上櫃半導體,I023040,,電子紙驅動,電子貨架標籤(ESL)驅動IC,,,STN驅動IC,,,車用驅動,,,元太(E Ink)訂單,,,ESL滲透率(Walmart),,,車用佔比,,,電子紙庫存調整,,,殺價競爭,,,單一應用依賴,,,元太的關鍵夥伴，全球電子貨架標籤驅動IC龍頭，營運與Walmart等零售巨頭的導入進度連動。
3122,笙泉,上櫃半導體,I023040,,MCU小兵,8位元/32位元MCU,,,USB MCU,,,消費性晶片,,,中國家電/儀表需求,,,新品(M0/M3)佔比,,,庫存去化,,,MCU價格戰,,,中國市場內捲,,,營收規模小,,,主要做通用型MCU，市場在中國家電與消費電子，面臨陸廠激烈競爭。
3105,穩懋,上櫃半導體,,,PA代工霸主,砷化鎵代工(GaAs),,,手機PA,,,Wi-Fi 7 PA LiDAR,,,蘋果iPhone銷量,,,Wi-Fi 7滲透率,,,產能利用率(稼動率),,,中國手機去庫存,,,同業(宏捷科/陸廠)競爭,,,折舊攤提壓力,,,全球最大的砷化鎵代工廠，蘋果FaceID與PA的關鍵供應商，也是AI資料中心光通訊元件的受惠者。
OTC63,電腦及週邊設備,上櫃電腦設備,,,,,,,,,,,,,,,,,,,,,,,,,,,,,,,
8410,森田,上櫃電腦設備,I023530,,筆電外殼化妝師,IMR模內轉印箔(筆電),,,車用內飾IMR,,,家電外觀膜,,,筆電出貨量,,,車用營收佔比,,,新客戶(HP/Dell)滲透率,,,筆電市場衰退,,,單一技術依賴,,,環保材質替代風險,,,全球筆電IMR轉印膜龍頭，獲利極穩，但受筆電景氣循環影響大。
8234,新漢,上櫃電腦設備,J001500|I023110,,機器人與IPC老兵,網路通訊安控,,,工業自動化(機器人),,,車載電腦,,,AI邊緣運算專案,,,機器人控制器出貨,,,子公司(新漢智能)IPO進度,,,中國自動化需求疲弱,,,研發費用過高,,,轉投資虧損,,,佈局機器人控制器多年，旗下小金雞眾多，是工業4.0的軍火庫。
8076,伍豐,上櫃電腦設備,I023110,,博弈POS賭徒,POS銷售系統,,,彩券/賭場運營(希臘/海參崴),,,自助服務機(Kiosk),,,希臘轉投資獲利,,,全球旅遊/博弈景氣,,,POS換機潮,,,轉投資地緣政治風險,,,本業POS毛利下滑,,,匯率波動,,,本業做POS平穩，股價爆發力全看海外賭場與彩券轉投資的獲利貢獻。
8050,廣積,上櫃電腦設備,I023110,,網通看板IPC,網通安控設備,,,數位看板,,,工業電腦,,,網通客戶(Caswell)訂單,,,數位看板標案,,,自動化產線稼動率,,,網通庫存去化慢,,,標案延宕,,,毛利率波動,,,網通資安設備是主力，數位看板業務受惠於智慧零售復甦。
6922,宸曜,上櫃電腦設備,J001500|I023110,,邊緣AI硬漢,強固型邊緣AI電腦,,,GPU加速卡,,,車載電腦,,,AI專案營收佔比,,,Nvidia Jetson平台滲透率,,,毛利率(>40%),,,AI熱潮退去,,,高階晶片取得限制,,,專案認證週期長,,,專攻「強固型」Edge AI電腦，能適應惡劣環境，是AI落地應用的關鍵硬體商。
6680,鑫創電子,上櫃電腦設備,J001500|I023110,,車用電腦特種兵,車載電腦,,,智慧交通系統,,,充電樁控制器,,,歐美警車/巴士訂單,,,友達集團(入股)綜效,,,AI車牌辨識需求,,,車用認證週期長,,,標案入帳不穩,,,晶片缺料,,,專注於「車載」利基市場，獲友達入股後，在智慧座艙與充電樁有更多著墨。
6577,勁豐,上櫃電腦設備,I023110,,醫療健身IPC,醫療用觸控顯示器,,,健身器材儀表,,,特殊應用顯示模組,,,主要客戶(Peloton/醫療廠)訂單,,,醫療認證進度,,,匯率,,,健身器材庫存堆積,,,單一客戶依賴高,,,醫療產品導入慢,,,飛捷子公司，鎖定高毛利的醫療與健身器材市場，避開一般IPC紅海。
6570,維田,上櫃電腦設備,J001500|I023110,,防爆電腦專家,防爆工業電腦(石化/礦業),,,不鏽鋼工業電腦,,,HMI人機介面,,,能源/石化產業資本支出,,,防爆認證國家數,,,歐美基建訂單,,,特殊認證失效,,,景氣循環敏感,,,匯率波動,,,專做「防爆」與「防水」的特殊工業電腦，應用在石油、礦坑等危險場域，護城河深。
6441,廣錠,上櫃電腦設備,I015030|I023420,,博弈轉儲能,博弈機台組裝,,,儲能系統(ESS),,,充電樁,,,博弈訂單復甦,,,儲能案場併網量,,,廣積/普威能源合作,,,儲能政策變動,,,博弈法規風險,,,儲能毛利不如預期,,,廣積子公司，從博弈代工轉型儲能系統製造，營運受儲能政策與合作夥伴影響大。
6276,安鈦克,上櫃電腦設備,I023470|I023530,,DIY電競老牌,PC電源供應器,,,機殼,,,散熱風扇,,,電競PC換機潮,,,新品(高瓦數電源)佔比,,,通路庫存水位,,,PC市場萎縮,,,品牌老化,,,海運運費成本,,,老牌DIY電腦零組件品牌，主攻歐美通路，營運隨PC組裝市場波動。
6228,全譜,上櫃電腦設備,I023410,,底片掃描遺產,底片掃描器(舊業),,,生物科技(嘗試轉型),,,極少量租賃,,,新業務營收,,,每股淨值,,,全額交割風險,,,本業已無營運,,,連續虧損,,,流動性風險,,,昔日的掃描器廠，目前本業幾乎停擺，屬於高風險的殼股。
6188,廣明,上櫃電腦設備,I023410,,協作機器人王,SSD/HDD儲存代工,,,協作機器人(達明),,,智慧物流,,,達明機器人(Techman)營收,,,SSD代工量,,,廣達集團資源,,,儲存代工毛利微薄,,,機器人市場競爭,,,匯率波動,,,本業儲存代工是現金牛，真正的夢想在子公司「達明機器人」(全球第二大協作機器人)。
6161,捷波,上櫃電腦設備,J000720|I023110,,平價IPC,工業電腦主機板,,,準系統,,,醫療電腦,,,研華入股綜效,,,自動化訂單,,,毛利率改善,,,市場定位模糊,,,規模經濟不足,,,中國市場依賴,,,研華入股後成為泛研華集團成員，試圖透過集團資源優化供應鏈與產品線。
6160,欣技,上櫃電腦設備,I023110,,物流PDA手,掌上型資料收集器(PDA),,,條碼掃描器,,,RFID讀取器,,,物流業資本支出,,,Android工控機換機潮,,,專案標案,,,大型競爭者(Zebra)擠壓,,,關鍵零件缺料,,,標案延宕,,,專做物流士手上的那台PDA，技術底子不錯，但面臨國際大廠強烈競爭。
6150,撼訊,上櫃電腦設備,J000720,,顯卡賭徒,AMD顯示卡,,,工業顯卡,,,Thunderbolt擴充塢,,,比特幣/以太幣價格,,,AMD市佔率,,,AI伺服器顯卡,,,虛擬貨幣崩跌,,,顯卡庫存跌價,,,單一晶片廠(AMD)依賴,,,純度最高的AMD顯卡廠，股價與加密貨幣價格及AMD競爭力高度正相關，波動劇烈。
6121,新普,上櫃電腦設備,,,電池模組皇帝,筆電電池模組,,,電動自行車電池(AES),,,手機電池,,,筆電出貨量,,,子公司AES-KY獲利,,,現金殖利率,,,鋰電池原料價格,,,筆電市場衰退,,,紅色供應鏈競爭,,,全球筆電電池模組龍頭，規模最大、獲利最穩，子公司AES-KY攻佔伺服器與二輪電池。
5490,同亨,上櫃電腦設備,I023110,,刷卡機代工,電子支付終端機(NFC),,,交易安全設備,,,KIOSK,,,主要客戶(FDI)訂單,,,無現金支付滲透率,,,毛利率,,,單一客戶風險極高,,,新技術(手機當刷卡機)替代,,,庫存堆積,,,主要代工刷卡機，客戶極度集中，營運隨大客戶庫存調整而劇烈波動。
5474,聰泰,上櫃電腦設備,,,影像擷取王,影音擷取卡,,,AI影像辨識,,,廣電設備,,,Nvidia Jetson平台專案,,,安控/醫療影像需求,,,毛利率(高標),,,AI專案落地速度,,,晶片缺料,,,特殊標案結束,,,全球影像擷取卡龍頭，現在結合AI做「影像辨識」，是Nvidia在影像處理的重要夥伴。
5465,富驊,上櫃電腦設備,I023470|I023530,,伺服器機殼手,伺服器機殼,,,電腦機殼,,,新能源產品,,,偉訓集團資源,,,北美伺服器訂單,,,AI伺服器機殼佔比,,,伺服器庫存調整,,,鋼材價格,,,匯率波動,,,偉訓集團成員，專攻伺服器機殼代工，近年切入高密度AI伺服器機殼。
5438,東友,上櫃電腦設備,I023410,,老牌印表機,多功能事務機(MFP),,,標籤列印機,,,3D列印,,,東元集團資源,,,日系客戶代工訂單,,,3D列印新機銷量,,,無紙化趨勢,,,成熟產業成長低,,,匯率(日圓/台幣),,,東元集團旗下，主要幫日系品牌代工印表機，獲利平穩但缺乏成長動能。
5426,振發,上櫃電腦設備,I023530,,機殼沖壓工,電腦機殼沖壓,,,伺服器機殼,,,網路設備機構,,,金屬原料價格,,,伺服器訂單,,,毛利率,,,PC市場衰退,,,同業殺價競爭,,,匯率波動,,,老牌金屬沖壓廠，近年積極轉向利潤較好的伺服器機殼與工業電腦機構件。
5386,青雲,上櫃電腦設備,J000720,,板卡與記憶體,技嘉板卡代理,,,記憶體模組,,,家電,,,比特幣價格,,,記憶體報價,,,技嘉顯卡配貨量,,,虛擬貨幣崩跌,,,記憶體庫存跌價,,,代理毛利微薄,,,主要業務是代理技嘉的主機板與顯卡，股價常隨顯卡挖礦潮或記憶體報價波動。
5356,協益,上櫃電腦設備,I023410,,塑膠機構老店,雷射印表機碳粉匣,,,塑膠射出(Toyota面板),,,驅動IC設計(子公司),,,日系客戶訂單,,,子公司(驅動IC)獲利,,,現金股利,,,客戶產品世代交替,,,轉投資波動,,,管理層變動(歷史),,,主要做利基型的塑膠射出(如碳粉匣、汽車面板)，子公司做驅動IC設計是隱藏獲利來源。
5289,宜鼎,上櫃電腦設備,I023410,,工控記憶體王,工控Flash/DRAM,,,AIoT軟硬整合,,,車用記憶體,,,AI專案導入數量,,,工控記憶體市佔,,,毛利率(>30%),,,記憶體原廠切入工控,,,AI落地速度慢,,,原料價格波動,,,全球工控記憶體模組龍頭，不跟消費性市場殺價，專攻高毛利與AIoT軟體加值。
5223,安力-KY,上櫃電腦設備,I023471,,蘋果散熱掛,散熱風扇框架,,,金屬機構件,,,車用散熱,,,蘋果MacBook/iPad銷量,,,重慶廠產能,,,車用營收佔比,,,蘋果設計變更,,,中國供應鏈外移,,,原料價格上漲,,,蘋果散熱風扇框架的主要供應商，營運與蘋果新品發表週期高度連動。
4987,科誠,上櫃電腦設備,I023410,,標籤印表機,條碼標籤印表機,,,耗材銷售,,,自動化設備,,,物流/零售業需求,,,新興市場標案,,,匯率(歐元/美元),,,大型對手(TSC/Zebra)競爭,,,經濟衰退影響零售,,,關鍵零件缺貨,,,專做條碼印表機自有品牌(Godex)，規模雖小但獲利穩健，高殖利率概念。
4931,新盛力,上櫃電腦設備,I015030,,手工具電池,電動手工具電池模組,,,儲能電池,,,輕型載具電池,,,歐美房市(手工具需求),,,非IT電池營收佔比,,,儲能新單,,,客戶去庫存,,,電芯價格波動,,,房市低迷影響手工具,,,主要做「非IT」電池模組(如電鑽、吸塵器)，避開筆電紅海，與歐美房市修繕景氣連動。
4924,欣厚-KY,上櫃電腦設備,,,周邊轉生質,電腦周邊(鍵盤/滑鼠),,,生質燃料(木顆粒),,,馬來西亞廠,,,生質燃料營收,,,電腦周邊訂單,,,轉型成效,,,周邊本業無競爭力,,,新業務獲利不穩,,,流動性風險,,,本業電腦周邊沒落，近年轉型做生質燃料，營運模式仍在調整中。
3709,鑫聯大投控,上櫃電腦設備,,,軟體通路商,資訊設備代理(Sun/Oracle),,,系統整合,,,國內IT支出,,,代理線營收,,,轉投資收益,,,原廠收回代理權,,,企業縮減IT預算,,,毛利微薄,,,控股公司架構，旗下捷元是知名通路商，主要賺取穩定的通路管理財。,,,
3693,營邦,上櫃電腦設備,I023530,,伺服器機殼貴族,高密度伺服器機殼,,,AI儲存系統,,,系統整合,,,AI伺服器出貨量,,,與一線大廠(Supermicro)關係,,,毛利率,,,伺服器庫存調整,,,關鍵零組件缺貨,,,客戶集中度,,,專攻高密度與高階AI伺服器機殼，技術含金量高，是AI伺服器浪潮的直接受惠者。
3625,西勝,上櫃電腦設備,,,筆電電池二軍,筆電電池模組,,,儲能/LEV電池,,,LG化學合作,,,筆電代工廠訂單,,,非IT電池佔比,,,虧損收斂狀況,,,筆電市場衰退,,,規模不及新普/順達,,,財務體質較弱,,,筆電電池模組的二線廠，近年積極轉型儲能與二輪車電池，試圖擺脫虧損。
3611,鼎翰,上櫃電腦設備,I023410,,條碼機巨人,條碼印表機(TSC/Printronix),,,RFID印表機,,,標籤耗材,,,全球物流自動化,,,工業印表機市佔,,,併購綜效,,,全球經濟衰退,,,商譽減損風險,,,匯率波動,,,台半子公司，全球前五大條碼印表機廠，透過併購Printronix取得高階工業技術，獲利能力極強。
3594,磐儀,上櫃電腦設備,,,聯發科IPC盟友,工業電腦,,,手持行動裝置(mPOS),,,醫療電腦,,,聯發科/樺漢入股綜效,,,mPOS出貨量,,,AIOT專案,,,轉型成效緩慢,,,市場競爭激烈,,,毛利率波動,,,引進聯發科與樺漢(鴻海)入股，試圖結合晶片與製造優勢，主攻物聯網與手持裝置。
3577,泓格,上櫃電腦設備,,,工控自動化,遠端I/O控制器,,,PLC,,,ESG碳盤查系統,,,工廠自動化需求,,,ESG專案營收,,,毛利率(高標),,,自動化資本支出縮減,,,利基市場成長慢,,,晶片缺料,,,專做工廠自動化的「控制器」與「感測器」，近年ESG碳盤查需求為其帶來新商機。
3540,曜越,上櫃電腦設備,I023470,,電競單車跨界,電競機殼/電源/散熱,,,單車代理(曜越單車),,,電競周邊,,,Nvidia 50系列顯卡發表,,,高階電源銷量,,,庫存水位,,,PC DIY市場萎縮,,,單車業務虧損,,,海運運費,,,老牌電競DIY品牌(Thermaltake)，主打高階散熱與機殼，近年跨足單車代理但尚未明顯貢獻獲利。
3521,鴻翊,上櫃電腦設備,,,POS轉型求生,POS系統,,,Panel PC,,,AI圖形辨識,,,餐飲零售景氣,,,新團隊轉型策略,,,每股淨值,,,本業長期虧損,,,經營權變動頻繁,,,流動性風險,,,老牌POS廠，近年營運陷入困境，經營權變動後試圖轉型AI應用。
3483,力致,上櫃電腦設備,,,散熱全能手,筆電散熱模組,,,浸沒式水冷,,,薄型風扇,,,AI PC換機潮,,,水冷專案出貨,,,越南新廠產能,,,筆電市場衰退,,,水冷認證延遲,,,原料銅價上漲,,,從筆電散熱轉型至「資料中心水冷」解決方案，是AI散熱趨勢的熱門標的。
3479,安勤,上櫃電腦設備,,,仁寶IPC精兵,醫療電腦,,,投票機,,,博弈/零售IPC,,,美國投票機標案,,,仁寶集團綜效,,,醫療專案訂單,,,標案入帳週期大,,,醫療認證慢,,,匯率風險,,,仁寶集團成員，專攻醫療與美國投票機標案，獲利隨美國選舉週期波動。
3349,寶德,上櫃電腦設備,I023410,,電競滑鼠配件,電競滑鼠代工,,,遊戲周邊,,,電腦配件,,,電競市場需求,,,大客戶(PixArt相關)訂單,,,新產品開發,,,營收規模過小,,,產品替代性高,,,流動性不足,,,主要做電競滑鼠與周邊配件，與感測器大廠原相(PixArt)有淵源，股性冷門。
3325,旭品,上櫃電腦設備,,,水冷代工廠,電競機殼,,,水冷散熱代工,,,環境淨化,,,電競PC換機潮,,,水冷代工訂單,,,毛利率改善,,,PC DIY市場衰退,,,客戶砍單風險,,,原物料價格,,,主攻電競機殼與水冷系統代工，客戶多為國際電競品牌。
3323,加百裕,上櫃電腦設備,,,電池老三,筆電電池模組,,,電動工具電池,,,儲能系統,,,筆電出貨量,,,網通/儲能電池佔比,,,庫存去化,,,筆電市場衰退,,,規模經濟較小,,,價格競爭,,,國內電池模組老三，營運穩健但爆發力不如龍頭，積極開拓非IT應用。
3287,廣寰科,上櫃電腦設備,I023410,,電競耳機轉型,電競耳機/周邊,,,支架/生活家電,,,電視卡(舊業),,,電競周邊銷量,,,直播設備需求,,,新產品毛利,,,品牌競爭激烈,,,產品生命週期短,,,轉型陣痛期,,,以前做電視卡，現在轉型做電競耳機與直播設備，市場進入門檻較低。
3272,東碩,上櫃電腦設備,I023410,,擴充基座王,Thunderbolt擴充基座(Docking),,,USB Hub,,,電腦週邊,,,商用筆電採購,,,Thunderbolt滲透率,,,大客戶(HP/Dell)訂單,,,企業縮減IT支出,,,晶片缺料,,,單一產品依賴,,,專做筆電擴充基座(Docking Station)，技術領先但受商用筆電景氣影響大。
3213,茂訊,上櫃電腦設備,I023400,,強固與通路,強固型電腦(外銷),,,筆電通路(國內),,,軍工/礦業訂單,,,筆電通路銷售,,,強固型電腦毛利,,,通路庫存跌價,,,國防預算變動,,,商場競爭,,,一手賣強固型電腦(高毛利)，一手在光華商場賣筆電(現金流)，特殊的雙引擎模式。,,,
3211,順達,上櫃電腦設備,I099030,,電池現金牛,筆電電池模組,,,儲能/伺服器電池(BBU),,,資產開發(A7),,,筆電出貨量,,,伺服器BBU認證,,,土地開發利益,,,筆電市場衰退,,,非IT轉型速度,,,高殖利率(股利政策),,,老牌電池模組廠，本業筆電平穩，伺服器電池與A7土地開發是未來亮點，配息大方。
3088,艾訊,上櫃電腦設備,,,自動化IPC,工業自動化,,,博弈/彩券機,,,網通安控,,,美國/歐洲自動化需求,,,博弈標案出貨,,,毛利率(長期穩定),,,企業資本支出縮減,,,缺工影響專案,,,匯率風險,,,研華集團關聯企業，產品線廣泛(自動化、博弈、網通)，獲利穩健的IPC資優生。
3071,協禧,上櫃電腦設備,,,工業散熱扇,工業/家電風扇,,,車用風扇,,,電池散熱,,,工業自動化景氣,,,車用佔比提升,,,毛利率,,,中國產能競爭,,,家電需求疲弱,,,原料成本,,,專做工業與家電用的散熱風扇，避開筆電紅海，獲利比一般消費性風扇廠穩定。
1569,濱川,上櫃電腦設備,,,金屬鍵盤手,筆電金屬機殼,,,鍵盤支架,,,內構件,,,筆電出貨量,,,金屬機殼滲透率,,,自動化生產良率,,,筆電市場衰退,,,客戶砍價壓力,,,原料鋼/鋁價,,,主要做筆電鍵盤的金屬支架與內構件，是筆電供應鏈的重要一環。
OTC64,光電,上櫃光電,,,,,,,,,,,,,,,,,,,,,,,,,,,,,,,
8240,華宏,上櫃光電,I023080,,光學膜裁縫師,光學膜裁切(增亮/擴散),,,機能性材料(車用/散熱),,,DAP材料,,,面板廠稼動率,,,車用材料佔比,,,日圓匯率(原料),,,面板景氣下行,,,OLED不需光學膜(技術替代),,,原料成本波動,,,主要賺取光學膜的裁切加工費，近年積極開發車用與散熱材料以擺脫面板循環。
8111,立碁,上櫃光電,I023060,,LED利基轉型,LED封裝(電動車/電競),,,SIP系統封裝,,,綠能工程,,,電動車儀表板需求,,,電競周邊銷量,,,工程案入帳,,,標準品殺價競爭,,,中國產能過剩,,,匯率風險,,,避開照明紅海，專攻電競鍵盤燈與電動車儀表，獲利比一般LED廠穩健。
8069,元太,上櫃光電,I023080,,電子紙帝國,電子貨架標籤(ESL),,,電子書閱讀器,,,數位看板,,,ESL滲透率(Walmart),,,彩色技術(Kaleido)良率,,,權利金收入,,,庫存調整週期,,,高估值修正風險,,,新顯示技術競爭,,,全球電子紙技術的絕對壟斷者，商業模式包含賣材料與收權利金，護城河極深。
8064,東捷,上櫃光電,,,面板轉半導體,面板設備(修補/檢測),,,半導體封裝設備(FOPLP),,,自動化物流,,,群創/台積電資本支出,,,先進封裝設備佔比,,,FOPLP擴產進度,,,面板擴產停滯,,,新設備驗收延宕,,,單一客戶依賴,,,群創集團成員，近期因切入「扇出型面板級封裝(FOPLP)」設備而成為市場焦點。
8049,晶采,上櫃光電,,,工控面板資優生,TFT-LCD模組(工控/醫療),,,觸控面板,,,電子紙模組,,,歐美工控訂單B/B值,,,毛利率(長期>25%),,,利基市場滲透率,,,歐美經濟衰退,,,匯率波動,,,標準品價格侵蝕,,,堅持不做消費性產品，專攻加油機、醫療設備等利基面板，獲利與配息長年穩定。
7402,邑錡,上櫃光電,J000550|J001450|J001490,,縮時攝影軍火,縮時攝影機(Brinno),,,軍工無人機鏡頭,,,創新ODM(教學/警用),,,雷虎科技(無人機)訂單,,,新品(雲端縮時)銷量,,,美國軍工專案進度,,,ODM訂單波動大,,,晶片缺料,,,新產品推廣不如預期,,,自有品牌Brinno在縮時攝影界有名，現在是雷虎無人機的關鍵鏡頭供應商。
6859,伯特光,上櫃光電,I023210,,元宇宙眼鏡行,VR/AR鏡頭,,,手機鏡頭模具,,,車用鏡頭,,,Meta/Apple新品發表,,,模具精密度,,,元宇宙裝置銷量,,,VR/AR市場雷聲大雨點小,,,單一客戶集中,,,技術替代風險,,,專攻VR/AR透鏡與模具，技術含金量高，但營運高度依賴元宇宙裝置的市場熱度。
6560,欣普羅,上櫃光電,I023240,,實物投影大師,實物投影機,,,安控攝影機,,,執法儀,,,歐美教育標案,,,安控專案訂單,,,影像處理技術,,,教育預算縮減,,,晶片缺貨,,,標案入帳週期不穩,,,以實物投影機(教學用)起家，影像調校技術強，獲利穩定但股性較冷。
6556,勝品,上櫃光電,I023240,,安控代工老兵,CCTV攝影機,,,網路攝影機(IP Cam),,,AI安控,,,NDAA轉單效應,,,歐美ODM訂單,,,AI軟體整合,,,中國海康/大華低價競爭,,,專案延宕,,,匯率風險,,,專注於安控攝影機代工，受惠於中美貿易戰下的去中化轉單效應。
6517,保勝光學,上櫃光電,I023210,,玻璃鏡頭職人,高階玻璃鏡頭(電影/投影),,,工業檢測鏡頭,,,航太鏡頭,,,電影器材市場需求,,,半導體檢測設備訂單,,,毛利率,,,技術門檻高(全玻璃),,,市場規模較小,,,研發人才斷層,,,堅持做高難度的「全玻璃」鏡頭，應用在電影機與檢測設備，含金量高。
6419,京晨科,上櫃光電,,,安控軟體轉型,安控軟體(VMS),,,AI影像辨識,,,智慧農業/零售,,,軟體授權收入,,,AI專案落地數,,,轉型成效,,,硬體殺價競爭,,,軟體盜版風險,,,市場邊緣化,,,昔日安控股王，軟體實力強但受中國硬體廠擠壓，正轉型AI影像分析解決方案。
6246,臺龍,上櫃光電,I023080,,面板配件轉型,面板驅動IC封裝材料,,,LCD相關代工,,,博弈機台組裝,,,新業務營收,,,每股淨值,,,轉型計畫,,,本業長期虧損,,,全額交割/下市風險,,,流動性不足,,,本業面板材料已沒落，目前業務雜亂，屬高風險轉型股。
6244,茂迪,上櫃光電,I023130,,太陽能求生,太陽能模組,,,太陽能電池(TOPCon),,,漁電共生電廠,,,台灣躉購費率,,,模組轉換效率,,,電廠併網量,,,中國模組傾銷,,,政策變動風險,,,原料價格波動,,,台灣太陽能老字號，縮減規模後專注於高效能模組與電廠經營，試圖穩定獲利。
6234,高僑,上櫃光電,I023600,,鑽針與自動化,PCB鑽針,,,自動化傳輸設備,,,微型鑽頭,,,PCB產業稼動率,,,載板擴產進度,,,自動化訂單,,,PCB景氣下行,,,鑽針價格戰,,,客戶資本支出縮減,,,主要做PCB鑽針與自動化設備，營運隨PCB產業週期波動。
6222,上揚,上櫃光電,I025020,,車用顯示代工,車用顯示器,,,公眾顯示器,,,工業電腦螢幕,,,車用訂單佔比,,,新客戶開發,,,毛利率,,,長期虧損,,,規模經濟不足,,,流動性風險,,,主要做工業與車用顯示器代工，但營運規模小，獲利能力長期不佳。
6167,久正,上櫃光電,,,中小面板老店,STN/TFT模組(工控/家電),,,觸控面板,,,電子標籤,,,工控市場需求,,,利基型產品佔比,,,轉投資收益,,,面板景氣循環,,,標準品價格競爭,,,缺乏殺手級產品,,,老牌中小尺寸面板廠，轉型工控與家電應用，獲利平穩但無爆發力。
6125,廣運,上櫃光電,J001500|I023600,,液冷自動化,自動化物流系統(機場/倉儲),,,伺服器液冷散熱,,,公共工程,,,AI伺服器液冷滲透率,,,自動化標案金額,,,轉投資(太極)損益,,,液冷認證延遲,,,工程毛利低,,,轉投資太陽能波動,,,本業是自動化物流，因開發出「雙相浸沒式液冷」技術而搭上AI散熱特快車。
5443,均豪,上櫃光電,J001470,,G2C設備盟主,半導體研磨/檢測設備,,,面板設備,,,智能自動化,,,台積電CoWoS擴產,,,G2C聯盟綜效,,,半導體營收佔比,,,面板投資縮減,,,設備交期延宕,,,景氣循環風險,,,志聖、均豪、均華組成的G2C聯盟，成功從面板設備轉型半導體先進封裝設備，台積電供應鏈。
5432,新門,上櫃光電,,,老牌模組廠,CSTN/TFT模組,,,利基型顯示器,,,轉投資,,,營收規模,,,新產品開發,,,資產價值,,,本業無競爭力,,,流動性極低,,,長期虧損,,,極度冷門的面板模組廠，營運活動極低，主要價值可能在資產。
5392,能率,上櫃光電,I015041,,日系車用控股,車用機構件,,,光學零件,,,隱形眼鏡,,,日系車廠(Toyota)銷量,,,電動車轉型進度,,,轉投資(能率網通)表現,,,日圓匯率,,,日系車市佔下滑,,,控股折價,,,集團控股公司，旗下業務龐雜(車用、光學、運動)，與日系供應鏈關係深厚。
5371,中光電,上櫃光電,J001450|J001500,,無人機與背光,背光模組,,,投影機,,,軍用/商用無人機,,,無人機標案訂單,,,面板景氣,,,投影機出貨量,,,面板需求衰退,,,無人機法規限制,,,新技術(OLED)替代背光,,,背光模組與投影機是現金牛，市場給予的高估值來自「軍用無人機」的爆發潛力。
5315,光聯,上櫃光電,,,利基面板廠,字元型/繪圖型LCD,,,觸控面板,,,工控應用,,,歐美工控訂單,,,特殊規格佔比,,,毛利率,,,標準品殺價,,,匯率波動,,,營收成長停滯,,,專做字元型等老式但耐用的利基面板，應用在工控與家電，獲利穩定。
5251,天鉞電,上櫃光電,,,智慧安控,無線安控攝影機,,,智慧家庭產品,,,車用監控,,,歐美DIY市場需求,,,新產品(電子鎖)銷量,,,轉型成效,,,市場競爭激烈,,,營收規模小,,,獲利不穩,,,主攻DIY安控市場，近年營運起伏較大，試圖轉型智慧家庭與車用。
5245,智晶,上櫃光電,I023080,,PMOLED二哥,PMOLED顯示器(穿戴/工控),,,準系統,,,照明,,,穿戴裝置/工控訂單,,,新技術(Micro LED)研發,,,毛利率,,,PMOLED市場萎縮,,,價格競爭,,,新應用開發慢,,,專注於PMOLED技術，應用在手環、醫療與工控設備，屬利基型市場。
5230,雷笛克光學,上櫃光電,I023060,,LED透鏡王,LED二次光學透鏡,,,車用車燈透鏡,,,模具,,,車用LED滲透率,,,車燈模組訂單,,,全球車市銷量,,,通用照明殺價,,,模具成本上升,,,匯率風險,,,全球最大的LED二次光學透鏡廠，從路燈透鏡轉型至高毛利的「車燈透鏡」，獲利結構改善。
5220,萬達光電,上櫃光電,,,觸控面板精兵,高溫製程觸控面板(五線電阻/投射電容),,,工控/軍規應用,,,醫療觸控,,,歐美工控訂單,,,特殊規格佔比,,,毛利率(長期穩定),,,標準品殺價,,,匯率波動,,,客製化成本高,,,專做高溫製程的觸控面板，耐用度高，深受工控與軍規客戶喜愛，獲利穩健。
4995,晶達,上櫃光電,,,高亮面板王,高亮度顯示器(博弈/戶外),,,特殊切割面板,,,交通看板,,,博弈機台換機潮,,,戶外看板標案,,,毛利率,,,特殊面板市場小,,,標案延宕,,,匯率風險,,,研華集團關聯企業，專做「陽光下可視」的高亮度面板，應用在賭場與戶外交通。
4972,湯石照明,上櫃光電,I023060,,博物館燈光師,商業照明(博物館/飯店),,,照明設計專案,,,燈具銷售,,,專案工程入帳,,,紅點設計獎產品銷量,,,中國市場營收,,,房地產景氣低迷,,,中國內需疲弱,,,原物料價格,,,專攻高階商業照明(如博物館、五星飯店)，講究光影設計，非一般量產燈具廠。
4933,友輝,上櫃光電,I023080,,筆電增亮膜,增亮膜(稜鏡片),,,筆電/車用面板材料,,,光學膜,,,筆電出貨量,,,車用面板滲透率,,,原物料(PET)價格,,,筆電市場衰退,,,OLED技術替代,,,價格競爭,,,專做面板用的增亮膜，主要應用在筆電，擁有高市佔率，現金流穩定。
4729,熒茂,上櫃光電,,,觸控與機殼,觸控面板(工控/軍用),,,機殼射出(併購),,,光學邦定,,,工控訂單B/B值,,,機殼業務綜效,,,毛利率,,,觸控殺價競爭,,,轉型整合風險,,,匯率波動,,,原本做觸控，後來併購機殼廠進行垂直整合，主攻工控與軍用強固型產品。
3691,碩禾,上櫃光電,,,導電漿教主,太陽能導電漿(銀漿/鋁漿),,,儲能材料,,,半導體材料,,,太陽能安裝量,,,銀價走勢,,,TOPCon漿料認證,,,中國漿料廠殺價,,,太陽能景氣寒冬,,,轉投資波動,,,曾是股王，專做太陽能電池的關鍵材料「導電漿」，近年受中國競爭影響，正轉型儲能與半導體材料。
3666,光耀,上櫃光電,,,中小增亮膜,光學增亮膜(手機/平板),,,導光板,,,車用膜,,,手機/平板銷量,,,車用認證進度,,,產能利用率,,,OLED取代LCD(需求消失),,,單一應用風險,,,長期虧損,,,主攻中小尺寸(手機)增亮膜，受OLED螢幕普及衝擊最大，營運長期辛苦。
3630,新鉅科,上櫃光電,,,指紋辨識眼,光學鏡頭(手機/筆電),,,屏下指紋辨識鏡頭,,,車用鏡頭,,,中國手機銷量,,,屏下指紋滲透率,,,丘鈦科技(大股東)訂單,,,光學鏡頭殺價,,,手機市場飽和,,,單一客戶依賴,,,大股東是中國丘鈦科技，主力產品是屏下指紋辨識鏡頭，營運看中國手機臉色。
3623,富晶通,上櫃光電,,,航太觸控手,電阻/電容式觸控面板,,,航太/軍工應用,,,人機介面,,,航太訂單(飛機娛樂系統),,,工控需求,,,毛利率,,,航空業景氣,,,標準品競爭,,,客製化成本高,,,中環集團旗下，專攻航太與軍工觸控，是飛機椅背觸控螢幕的主要供應商。
3615,安可,上櫃光電,,,鍍膜玻璃廠,ITO導電玻璃,,,車用蓋板玻璃,,,光學鍍膜,,,觸控面板景氣,,,車用玻璃訂單,,,OLED鍍膜需求,,,觸控技術演變(OGS/In-cell),,,消費電子疲弱,,,價格壓力,,,錸德集團成員，主要做觸控感測器的基板玻璃，受觸控技術變革影響大。
3531,先益,上櫃光電,,,車用背光廠,LED背光模組(車用/儀表),,,工控顯示器,,,車用面板訂單,,,儀表板數位化程度,,,中國車市狀況,,,OLED取代背光,,,車市殺價競爭,,,客戶集中度,,,專注於車用儀表板與中控台的背光模組，避開消費性電子，獲利隨車市波動。,,,
3523,迎輝,上櫃光電,,,光學膜困境,光學膜(增亮/量子點),,,工控材料,,,ITO膜,,,新產品認證,,,產能利用率,,,虧損收斂,,,LCD市場萎縮,,,技術競爭力流失,,,長期虧損/全額交割,,,曾是光學膜大廠，因技術與市場變遷，營運長期處於虧損狀態。
3516,亞帝歐,上櫃光電,I023060,,車燈與照明,LED車燈模組,,,一般照明,,,光電材料,,,車用營收佔比,,,主要客戶訂單,,,毛利率,,,照明紅海競爭,,,規模經濟不足,,,流動性低,,,規模較小的LED模組廠，正努力提高車用產品比重以改善獲利。
3490,單井,上櫃光電,,,模具轉綠能,LED/IC封裝模具,,,太陽能電廠工程,,,日本房地產,,,太陽能案場收益,,,日本房產租金,,,模具訂單,,,本業模具萎縮,,,業外投資波動,,,太陽能政策風險,,,本業模具平平，獲利主要靠太陽能電廠工程與日本房地產投資。
3455,由田,上櫃光電,,,檢測設備王,PCB/載板AOI檢測,,,半導體封裝檢測,,,面板檢測,,,載板廠(ABF)擴產,,,半導體設備營收佔比,,,CoWoS檢測訂單,,,載板景氣下行,,,設備驗收週期,,,面板需求疲弱,,,AOI檢測設備龍頭，成功從PCB載板跨足半導體先進封裝檢測，也是CoWoS受惠股。
3441,聯一光,上櫃光電,,,玻璃毛胚王,光學玻璃毛胚,,,鏡頭材料,,,精密加工,,,車用/安控鏡頭需求,,,鎳價(模具成本),,,日圓匯率,,,玻璃鏡頭被塑膠取代,,,中國同業競爭,,,營收規模小,,,位於光學產業最上游，將玻璃原料壓鑄成毛胚，供應給鏡頭廠研磨，屬利基型產業。
3434,哲固,上櫃光電,,,安控顯示器,安控監視螢幕,,,POS/Kiosk顯示器,,,公眾看板,,,安控專案訂單,,,歐美標案,,,毛利率,,,面板價格波動,,,標案延宕,,,市場競爭,,,專做安控系統用的監視螢幕，與一般消費性螢幕區隔，獲利平穩。
3362,先進光,上櫃光電,,,筆電鏡頭王,筆電鏡頭(Global No.1),,,指紋辨識模組,,,車用鏡頭(Volvo),,,蘋果/Dell筆電銷量,,,車用營收佔比,,,指紋辨識滲透率,,,筆電市場衰退,,,車用認證慢,,,價格競爭,,,筆電鏡頭全球市佔第一，近年切入Volvo車用鏡頭有成，是光學股中基本面紮實的資優生。
3339,泰谷,上櫃光電,,,LED求生記,LED磊晶片/晶粒,,,綠能,,,工程,,,LED報價,,,產能利用率,,,轉型成效,,,LED長期供過於求,,,中國產能傾銷,,,財務體質弱,,,億光集團關聯企業，LED本業經營辛苦，長期處於調整期。
3297,杭特,上櫃光電,,,安控老廠,網路攝影機,,,NVR錄影機,,,安控周邊,,,NDAA轉單效應,,,標案訂單,,,毛利率,,,中國低價競爭,,,技術更新慢,,,營收規模小,,,老牌安控廠，受惠去中化趨勢，近年營運有轉虧為盈的跡象。
3230,錦明,上櫃光電,,,機殼轉儲能,精密金屬機構(TV/NB),,,儲能機櫃,,,Kiosk機殼,,,儲能訂單佔比,,,面板景氣,,,原物料價格,,,本業長期獲利差,,,轉型儲能競爭,,,全額交割風險,,,原本做面板邊框與機殼，獲利不佳，近期轉型做儲能機櫃，試圖尋找新動能。
3128,昇銳,上櫃光電,I023680,,車用安控手,倒車攝影系統,,,安控顯示器,,,DVR主機,,,車用安控訂單,,,日本/美國外銷佔比,,,去中化轉單,,,車市景氣波動,,,晶片缺料,,,匯率風險,,,深耕車用安控市場(倒車螢幕/貨車監控)，主要外銷日本與美國，受惠NDAA轉單效應明顯。
3066,李洲,上櫃光電,,,老牌LED,LED封裝(顯示屏/指示燈),,,半導體零件,,,光電元件,,,利基市場需求,,,營收規模,,,資產價值,,,LED紅海競爭,,,本業獲利微薄,,,流動性極低,,,極早期的LED廠，目前專注於利基型顯示屏與指示燈，股性冷門。
OTC65,通信網路,上櫃通信網路,,,,,,,,,,,,,,,,,,,,,,,,,,,,,,,
8176,智捷,上櫃通信網路,I023390|I023510,,電信WiFi老兵,電信運營商WiFi設備,,,企業無線網路,,,5G AIoT應用,,,電信商資本支出,,,標案入帳週期,,,毛利率變化,,,市場競爭激烈(紅海),,,標案延宕風險,,,營收規模較小,,,主要做電信等級的WiFi設備，營運隨大型標案與電信商資本支出波動。
8097,常珵,上櫃通信網路,I023390|I023510,,寬頻代工手,VDSL/G.fast設備,,,光纖終端設備(GPON),,,WiFi 6/7路由器,,,歐美電信商訂單,,,墨西哥廠產能,,,庫存去化進度,,,客戶集中度高,,,匯率波動,,,技術升級替代快,,,轉型直接供應電信商(Direct Account)有成，但需留意主要客戶的庫存調整週期。
8089,康全電訊,上櫃通信網路,I023510,,印度網通王,光纖中繼器,,,寬頻閘道器,,,訊舟集團資源,,,印度5G/光纖基建進度,,,標案出貨量,,,訊舟集團綜效,,,新興市場匯率風險,,,標案收款天期長,,,單一市場(印度)依賴,,,訊舟旗下小金雞，深耕印度電信市場，是新興市場基建紅利的直接受惠者。
8059,凱碩,上櫃通信網路,I023510,,第四台數據機,纜線數據機(DOCSIS),,,WiFi路由器,,,寬頻設備,,,有線電視運營商訂單,,,DOCSIS 4.0升級潮,,,金寶集團資源,,,有線電視剪線潮(Cord-cutting),,,關鍵晶片缺貨,,,市場規模萎縮,,,金寶集團成員，主要客戶是有線電視業者，面臨光纖與5G FWA的競爭壓力。
8048,德勝,上櫃通信網路,I023590,,光纖轉換專家,光纖轉換器(Media Converter),,,乙太網路交換器,,,光纖周邊,,,光纖到府(FTTH)滲透率,,,標案訂單穩定度,,,高殖利率,,,產品技術成熟(競爭多),,,營收缺乏爆發力,,,原物料成本,,,專做光纖轉換器的小而美公司，獲利與配息長年穩定，適合防禦型投資。
8034,榮群,上櫃通信網路,I023510,,傳輸設備老廠,光傳輸設備,,,寬頻接入設備,,,系統整合,,,電信局端採購案,,,5G基站後端回傳,,,毛利率,,,營收規模太小,,,標案不連續風險,,,流動性不足,,,主要做電信局端設備，營運極度依賴中華電信等運營商的標案釋出。
6588,東典光電,上櫃通信網路,I023590,,光通訊濾鏡,薄膜濾光片(DWDM),,,光通訊元件,,,5G被動元件,,,數據中心擴建速度,,,5G基地台佈建,,,東鹼集團資源,,,中國5G建設放緩,,,光通訊庫存調整,,,殺價競爭,,,東鹼子公司，位於光通訊上游，產品是光纖傳輸不可或缺的濾光片。
6561,是方,上櫃通信網路,,,數位包租公,IDC機房租賃,,,雲端應用服務,,,數據網路服務,,,新機房(LY2)出租率,,,雲端服務營收佔比,,,國際海纜頻寬需求,,,電費成本調漲,,,資安攻擊風險,,,同業(中華電/遠傳)競爭,,,中華電信子公司，台灣網路交換中心(TPIX)所在地，AI資料中心算力託管的絕對受惠者，獲利極穩。
6546,正基,上櫃通信網路,I023510,,無線模組王,SiP無線模組(WiFi/BT),,,車用無線模組,,,工控物聯網,,,非消費性電子佔比,,,WiFi 7滲透率,,,主要晶片廠(Broadcom)支援,,,消費電子疲弱,,,晶片缺貨風險,,,模組毛利受壓,,,專攻「SiP微縮模組」，將無線功能封裝成小晶片，應用在車用與高階物聯網，毛利優於一般模組廠。
6530,創威,上櫃通信網路,J001460|I023590,,光收發小兵,光收發模組,,,光學次模組(OSA),,,工控光通訊,,,工控/廣電市場需求,,,客製化訂單比重,,,毛利率,,,規模經濟不足,,,標準品殺價,,,紅色供應鏈競爭,,,避開大型資料中心紅海，專攻工控與廣播電視等利基型光收發模組。
6514,芮特-KY,上櫃通信網路,,,天線利基廠,車用天線,,,網通天線,,,物聯網天線,,,士電/昇達科集團資源,,,私有化/合併議題,,,車用營收佔比,,,匯率風險,,,併購下市風險(注意公告),,,單一客戶集中,,,昇達科子公司，專做利基型天線，近期因集團策略調整(士電入主)，需留意股權變動或私有化動向。
6486,互動,上櫃通信網路,I023330,,電信SI獲利王,電信系統整合,,,媒體廣播系統,,,5G專網,,,中華電信資本支出,,,5G基地台建設案,,,高現金殖利率,,,電信商縮減預算,,,專案驗收延宕,,,人力成本上升,,,仲琦關係企業，專門幫電信業者蓋基地台與系統整合，獲利與配息非常大方。
6470,宇智,上櫃通信網路,I023390|I023510,,工控路由設計,4G/5G路由器,,,工控物聯網設備,,,企業級網通,,,北美電信商FWA訂單,,,5G FWA滲透率,,,新產品(車用)佔比,,,客戶庫存調整,,,匯率波動,,,關鍵晶片漲價,,,不拚量大，專攻企業與工控用的無線路由器設計，主要市場在北美。
6465,威潤,上櫃通信網路,I023680,,車聯網轉機,車隊管理裝置(Tracker),,,車聯網閘道器,,,日本車廠專案,,,日本/北美訂單,,,新品毛利,,,營運轉虧為盈進度,,,2G/3G退網換機潮結束,,,市場競爭激烈,,,規模過小,,,專做車隊管理追蹤器，近年深耕日本市場，試圖擺脫過去幾年的營運低潮。
6417,韋僑,上櫃通信網路,I023510,,RFID標籤王,RFID Tag(醫療/工控),,,無線射頻識別,,,票卡,,,醫療耗材RFID滲透率,,,歐美工控需求,,,新廠產能利用率,,,銅價/PET成本,,,客戶認證週期長,,,匯率風險,,,RFID應用不斷擴大(如手術刀履歷、工廠自動化)，是物聯網趨勢的實質受惠者。
6263,普萊德,上櫃通信網路,I023510,,品牌資優生,工業級網路設備,,,PoE交換器,,,自有品牌(PLANET),,,歐洲/美國市場景氣,,,毛利率(長期>40%),,,高現金殖利率,,,歐洲經濟衰退,,,匯率波動,,,晶片成本,,,台灣網通界的「存股聖品」，堅持自有品牌與高毛利工業用產品，獲利穩定性極高。
6245,立端,上櫃通信網路,,,邊緣運算龍頭,網路安全伺服器,,,邊緣運算電腦,,,電信白盒設備,,,AI Edge專案,,,美系大廠ODM訂單,,,台達電入股綜效,,,企業IT支出縮減,,,伺服器庫存調整,,,新競爭者切入,,,全球網安硬體平台龍頭，台達電入股後強化供應鏈，是AI邊緣運算硬體的指標股。
6241,易通展,上櫃通信網路,I023390|I023510,,網通代工轉型,網通設備代工,,,數位家庭產品,,,車用電子,,,新經營團隊策略,,,車用產品佔比,,,虧損改善狀況,,,本業長期競爭力弱,,,轉型方向不明,,,流動性風險,,,傳統網通代工廠，獲利能力較差，近年試圖轉型車用與物聯網。
6218,豪勉,上櫃通信網路,I023330,,設備代理商,半導體設備代理,,,資訊網路SI,,,LED測試設備,,,台積電/封測廠擴產,,,IT標案入帳,,,代理佣金收入,,,半導體景氣循環,,,原廠收回代理權,,,標案毛利低,,,業務由「半導體設備代理」與「網路系統整合」組成，獲利隨半導體資本支出波動。
6190,萬泰科,上櫃通信網路,I023340,,低軌衛星線王,網路線,,,極細同軸線,,,低軌衛星用線,,,美國基建法案(BEAD),,,SpaceX訂單,,,銅價LME走勢,,,美國基建撥款速度,,,銅價暴跌,,,匯率風險,,,美國寬頻基建與低軌衛星(Starlink)的雙重受惠者，產品是網路最基礎的「線」。
6170,統振,上櫃通信網路,I023630,,移工金流王,外籍移工匯款(Q-Pay),,,電池模組,,,美妝代理,,,移工匯款筆數,,,金融科技(FinTech)獲利,,,電池業務持穩,,,法規監管風險,,,匯率波動,,,競爭者(加密貨幣/地下匯兌),,,成功從電池廠轉型為「金融科技」公司，專做外籍移工的小額匯款，擁有特許執照護城河。
6163,華電網,上櫃通信網路,I023330,,電信寬頻SI,寬頻系統整合,,,智慧交通,,,資安服務,,,中華電信/公部門標案,,,前瞻計畫預算,,,毛利率改善,,,大型專案延宕,,,人力成本大增,,,低毛利競爭,,,國內老牌系統整合商，主要承接政府與電信商的大型寬頻與交通建設標案。
6143,振曜,上櫃通信網路,,,彩色電子書,電子書閱讀器,,,電子貨架標籤(ESL),,,揚聲器,,,彩色電子紙換機潮,,,元太(E Ink)供貨狀況,,,毛利率,,,關鍵零組件(面板)缺貨,,,台幣升值,,,新技術良率,,,全球最大的電子書閱讀器代工廠，與元太關係緊密，彩色電子書是未來兩年的最大動能。
6109,亞元,上櫃通信網路,I023470,,電源轉充電,電源供應器,,,變壓器,,,電動車充電樁,,,充電樁代工訂單,,,工業電源佔比,,,毛利率,,,消費電子需求疲弱,,,充電樁殺價競爭,,,原物料銅價,,,從傳統變壓器轉型代工電動車充電樁，良維集團成員，營運體質調整中。
5353,台林,上櫃通信網路,I023110|I023510,,工控網通代工,工業網路設備,,,半導體設備配電箱,,,儲能設備,,,日系客戶訂單,,,半導體設備需求,,,毛利率(少量多樣),,,日圓匯率,,,大客戶庫存調整,,,規模經濟不足,,,專做「少量多樣」的高階代工(如Nokia/日系大廠)，跨足半導體設備配電箱，獲利穩健。
5348,正能量智能,上櫃通信網路,I023680,,殼股轉型,AI雲端服務(預計),,,鏡頭模組(舊業),,,軟體代理,,,新業務營收貢獻,,,經營權穩定度,,,轉型計畫,,,本業無實質獲利,,,題材炒作風險,,,全額交割/變更交易,,,原名「系通」，曾經做鏡頭，現在更名轉型做AI智能服務，投機色彩濃厚，需觀察實質業績。
4979,華星光,上櫃通信網路,J001460|I023590,,光通訊飆股,光收發模組,,,光學元件,,,CPO封裝服務,,,Marvell/美系客戶訂單,,,資料中心400G/800G需求,,,CPO技術進度,,,客戶砍單風險,,,股價波動劇烈(高本益比),,,光通訊庫存堆積,,,因打入Marvell供應鏈而大漲，是AI資料中心光收發模組的指標股，波動極大。
4909,新復興,上櫃通信網路,I023230,,衛星PCB王,高頻微波PCB,,,5G基地台PCB,,,低軌衛星PCB,,,SpaceX/Kuiper訂單,,,5G基建復甦,,,產能利用率,,,低軌衛星發射進度,,,原物料(銅箔基板)漲價,,,單一產業波動,,,低軌衛星地面接收設備PCB的主要供應商，營運隨衛星發射數量與用戶成長爆發。
4908,前鼎,上櫃通信網路,J001460,,光通訊老店,光收發模組,,,光纖次模組,,,HDMI光纖線,,,自動化設備需求,,,日系客戶訂單,,,毛利率,,,光通訊景氣循環,,,標準品競爭,,,新產品開發慢,,,老牌光通訊廠，財務結構健康，主要市場在日本與自動化應用，獲利穩健。
4905,台聯電,上櫃通信網路,J001460|I023510,,專網設備,數據機,,,IAD整合存取設備,,,工業網通,,,專網標案需求,,,5G FWA產品,,,毛利率,,,營收規模小,,,標案不連續,,,流動性差,,,規模較小的網通廠，主攻電信專網與工業應用設備。
4903,聯光通,上櫃通信網路,,,光纜鋪設工,光纖光纜,,,光通訊工程,,,隧道無線通訊,,,台鐵/捷運軌道標案,,,台電強韌電網工程,,,光纜價格,,,公共工程延宕,,,原物料成本,,,同業低價搶標,,,主要承接政府軌道與隧道的通訊工程，以及光纜製造，屬內需型基建股。
3684,榮昌,上櫃通信網路,I023510,,戶外天線手,工業級無線模組,,,戶外天線,,,車隊管理線束,,,歐美戶外寬頻訂單,,,工業物聯網需求,,,毛利率,,,匯率波動,,,原物料銅價,,,地緣政治(歐洲市場),,,專做工業與戶外用的高階天線與模組，產品耐候性要求高，毛利優於消費性天線。
3672,康聯訊,上櫃通信網路,,,光纖到戶兵,光纖交換器,,,CPE終端設備,,,FTTH設備,,,歐洲/印度光纖佈建,,,瑞典客戶訂單,,,匯率(歐元),,,光纖普及率飽和,,,新興市場匯率風險,,,同業殺價,,,主攻歐洲與新興市場的光纖到府(FTTH)設備，客戶多為當地二線電信商或SI。
3664,安瑞-KY,上櫃通信網路,,,資安轉機股,ADC(應用交付控制器),,,SSL VPN,,,WAF防火牆,,,大股東(桦赋科技)資源,,,印度/日本市場營收,,,資安軟體訂閱,,,長期虧損,,,資安市場大廠寡占,,,研發費用高,,,專做資安硬體(ADC/VPN)，主要市場在印度與日本，近年引入新大股東試圖轉型。
3632,研勤,上櫃通信網路,I023680|I027011,,行車記錄轉AI,PAPAGO行車記錄器,,,Face8人臉辨識,,,AI專案,,,人臉辨識專案落地數,,,行車記錄器市佔,,,轉型成效,,,硬體本業萎縮,,,AI軟體營收佔比低,,,長期虧損,,,昔日PAPAGO導航霸主，現在硬體沒落，全力轉型做「Face8」人臉辨識系統，供健身房/工地使用。
3564,其陽,上櫃通信網路,,,友通資安兵,網路安全伺服器,,,伺服器主機板,,,邊緣運算,,,友通/佳世達集團綜效,,,資安硬體訂單,,,中國市場狀況,,,資安支出縮減,,,庫存去化,,,關鍵晶片缺貨,,,友通(佳世達集團)入主後，專攻網路安全硬體平台，與集團內部資源整合中。
3558,神準,上櫃通信網路,I023510,,企業網通資優生,企業級無線網路,,,交換器,,,運算網路(Server),,,企業IT支出,,,伺服器新產能(越南),,,AI邊緣運算訂單,,,全球經濟衰退,,,庫存水位過高,,,新產能折舊壓力,,,神腦集團旗下，專攻企業級(Enterprise)網通設備，技術實力強，近年跨足運算伺服器領域。
3499,環天科,上櫃通信網路,I023680,,追蹤器老廠,GPS追蹤器,,,LoRa物聯網,,,穿戴裝置,,,物聯網專案訂單,,,GPS應用需求,,,新產品毛利,,,消費性GPS被手機取代,,,營收規模小,,,轉型速度慢,,,老牌GPS廠，消費性市場萎縮後，轉攻B2B的物聯網追蹤與LoRa應用。
3491,昇達科,上櫃通信網路,I023510,,低軌衛星王,微波/毫米波元件,,,衛星通訊元件,,,射頻濾波器,,,Starlink/Kuiper發射量,,,衛星元件營收佔比,,,毛利率(>40%),,,衛星發射延期,,,地緣政治風險,,,匯率波動,,,全球兩大低軌衛星營運商(Starlink  Kuiper)的關鍵供應商，掌握微波元件核心技術，毛利極高。
3466,德晉,上櫃通信網路,,,機殼轉綠能,機殼/音箱(舊業),,,儲能櫃組裝,,,綠能投資,,,新經營團隊(切入綠能),,,儲能案場訂單,,,轉型成效,,,本業數位相機已死,,,綠能業務不穩,,,全額交割風險,,,前身是「致振」，經歷多次轉型與經營權變動，現在主打儲能櫃組裝，投機性高。
3363,上詮,上櫃通信網路,,,CPO夢想家,CPO光纖陣列(FA),,,光纖跳接線,,,光柵,,,台積電CPO合作傳聞,,,與Nvidia合作進度,,,光通訊營收,,,CPO技術量產時間不確定,,,股價過度反應(作夢),,,傳統光纖殺價,,,因傳出與台積電合作CPO(共同封裝光學)專利技術而爆紅，是矽光子題材的指標股，但實質貢獻待時間驗證。
3306,鼎天,上櫃通信網路,I023680,,車用GPS,車用導航主機,,,ADAS模組,,,車聯網,,,廣達集團資源,,,車用訂單,,,新產品(機車儀表)滲透,,,車市景氣波動,,,導航被手機取代,,,集團綜效不明顯,,,廣達集團成員，主攻車用導航與ADAS模組，近年切入機車數位儀表板。
3234,光環,上櫃通信網路,,,感測轉機,光收發模組,,,手機感測元件(Proximity),,,5G光通訊,,,手機銷量(感測器),,,光通訊庫存去化,,,毛利率回升,,,消費電子疲弱,,,技術被替代,,,財務體質較弱,,,曾經的手機感測器飆股，經歷多年虧損後，隨手機市場復甦與光通訊需求回溫，具轉機題材。
3221,台嘉碩,上櫃通信網路,J000370,,濾波器專家,SAW Filter(表面聲波),,,石英元件,,,生醫檢測,,,車用/網通濾波器需求,,,生醫快篩銷量,,,村田製作所(Murata)合作,,,手機市場殺價,,,生醫需求退燒,,,匯率波動,,,台灣主要的SAW Filter製造商，應用在網通與車用，另有生醫子公司(嘉碩生醫)。
3163,波若威,上櫃通信網路,,,光纖寬頻手,光波長分合器(WDM),,,光纖連接器,,,分歧器,,,美國寬頻基建(BEAD),,,資料中心升級,,,10G PON需求,,,客戶庫存調整,,,光通訊價格戰,,,匯率風險,,,專做光纖被動元件，主要市場在北美，是美國寬頻基建法案的直接受惠者。
3152,璟德,上櫃通信網路,I023510,,LTCC元件王,LTCC濾波器,,,整合元件,,,無線模組,,,WiFi 7/5G滲透率,,,手機/網通訂單,,,毛利率(極高),,,手機市場衰退,,,庫存去化速度,,,價格競爭,,,利用LTCC低溫共燒陶瓷技術做濾波器，毛利驚人，WiFi規格升級(WiFi 7)是最大驅動力。
3095,及成,上櫃通信網路,,,機構件小廠,金屬沖壓機構,,,通訊產品外殼,,,車用零件,,,車用/醫療訂單佔比,,,營收規模,,,虧損改善,,,本業長期競爭力弱,,,單一客戶依賴,,,流動性風險,,,規模較小的金屬機構廠，近年轉攻醫療與車用利基市場。
3081,聯亞,上櫃通信網路,,,矽光子磊晶王,雷射二極體磊晶(LD),,,矽光子(SiPh)磊晶,,,PD,,,資料中心800G/1.6T需求,,,矽光子客戶(美系)訂單,,,消費性(手機)LD需求,,,矽光子量產延宕,,,中國電信市場疲弱,,,折舊壓力,,,位於光通訊最上游的「磊晶廠」，掌握矽光子光源的核心技術，AI資料中心升級的最大受惠者之一。
OTC66,電子零組件,上櫃電子零組件,,,personality,profit1,,,profit2,,,profit3,,,key1,,,key2,,,key3,,,risk1,,,risk2,,,risk3,,,reminder
8358,金居,上櫃電子零組件,I023220,,伺服器銅箔王,RG高頻銅箔,,,特殊銅箔(車用),,,一般銅箔,,,AI伺服器出貨量,,,Whitley/Eagle Stream滲透率,,,銅價LME,,,銅價加工費下跌,,,新平台轉換延遲,,,同業產能擴充,,,專攻伺服器用的高頻高速銅箔，Intel與AMD新平台滲透率是關鍵。
8291,尚茂,上櫃電子零組件,I023220,,銅箔轉型,銅箔基板,,,絕緣材料,,,銅箔加工,,,PCB產業景氣,,,銅價走勢,,,轉型成效,,,長期虧損,,,市場競爭力弱,,,流動性不足,,,營運規模小，長期處於虧損邊緣，缺乏明顯護城河。
8289,泰藝,上櫃電子零組件,I023370,,石英元件老廠,石英振盪器,,,石英晶體,,,車用頻率元件,,,網通設備需求,,,車用營收佔比,,,B/B值,,,晶技/希華競爭,,,消費電子疲弱,,,匯率波動,,,老牌石英元件廠，近年積極切入車用與網通高階產品。
8182,加高,上櫃電子零組件,,,日系石英兵,石英晶體,,,振盪器,,,感測元件,,,大股東(大真空)訂單,,,日圓匯率,,,消費電子景氣,,,日圓大幅波動,,,技術依賴母公司,,,價格競爭,,,日本大真空(Daishinku)轉投資，營運策略與技術高度依賴日方母公司。
8155,博智,上櫃電子零組件,I023230,,伺服器板精品,伺服器PCB,,,工業電腦PCB,,,高層數板,,,伺服器新平台滲透率,,,IPC訂單B/B值,,,毛利率(高標),,,伺服器庫存調整,,,產能規模較小,,,原物料成本,,,仁寶集團成員，不拚量大，專攻高層數、高毛利的伺服器與IPC板。
8147,正淩,上櫃電子零組件,J001460|I023350,,醫療通訊連接,醫療連接器,,,光通訊連接器,,,背板連接器,,,醫療設備訂單,,,光通訊高頻需求,,,信邦入股綜效,,,醫療認證週期長,,,光通訊庫存去化,,,新廠折舊,,,信邦入股後強化了醫療與工業領域的佈局，產品少量多樣高毛利。
8121,越峰,上櫃電子零組件,J001030|I023370,,被動元件上游,錳鋅/鎳鋅鐵氧體磁粉,,,電感鐵芯,,,碳化矽(SiC)粉末,,,被動元件景氣,,,台亞集團策略,,,SiC粉末認證,,,被動元件去庫存,,,SiC研發燒錢,,,轉投資波動,,,台亞集團成員，本業是電感原料，市場夢想在於子公司「台硅」的SiC粉末。
8109,博大,上櫃電子零組件,I023470,,工業電源資優生,鐵道電源,,,醫療電源,,,工業自動化電源,,,歐洲工業訂單,,,毛利率(長期>45%),,,高現金殖利率,,,歐洲經濟衰退,,,匯率波動,,,標案延宕,,,電源供應器界的模範生，專攻極高毛利的利基市場(鐵道/醫療)，獲利極穩。
8093,保銳,上櫃電子零組件,I023360|I023470,,電源轉型,電源供應器,,,機殼,,,醫療床(轉型),,,安控 PC DIY市場,,,醫療床訂單,,,轉型成效,,,本業獲利不穩,,,新業務營收低,,,市場競爭,,,主要做PC電源，近年轉型醫療照護設備，但成效尚未顯著貢獻獲利。
8091,翔名,上櫃電子零組件,J000490|I023172,,半導體耗材王,離子佈植機耗材,,,半導體設備零組件,,,維修服務,,,台積電/應材訂單,,,半導體稼動率,,,12吋廠產能,,,原廠(OEM)收回自製,,,半導體景氣下行,,,關鍵原料缺貨,,,半導體關鍵耗材(離子佈植)的在地化供應商，獲利隨晶圓廠稼動率波動。
8074,鉅橡,上櫃電子零組件,I023220,,PCB墊板王,PCB鑽孔墊板,,,絕緣材料,,,建材(美耐板),,,PCB產業稼動率,,,載板擴產進度,,,原物料價格,,,PCB景氣衰退,,,鑽孔技術替代(雷射),,,建材業務波動,,,PCB鑽孔必備的墊板，在台灣市佔率極高，近年跨足美耐板建材市場。
8071,能率網通,上櫃電子零組件,I023471,,集團控股,事務機零組件,,,車用零件,,,運動健康,,,能率集團資源,,,轉投資損益,,,收購策略,,,控股折價,,,業務龐雜聚焦難,,,本業毛利低,,,透過併購持有製造與運動事業，本質是能率集團的投資控股平台。
8043,蜜望實,上櫃電子零組件,I023370,,被動元件通路,MLCC代理(太陽誘電),,,電感,,,被動元件,,,日圓匯率,,,MLCC現貨價,,,被動元件B/B值,,,原廠代理權變動,,,庫存跌價損失,,,消費電子疲弱,,,太陽誘電(Taiyo Yuden)的主要代理商，獲利高度依賴MLCC景氣與日圓匯率。
8042,金山電,上櫃電子零組件,J001030|I023370,,鋁電容老店,鋁質電解電容,,,固態電容,,,高分子電容,,,廣州廠產能,,,伺服器/TV需求,,,鋁價成本,,,中國同業價格戰,,,標準品殺價,,,工資上漲,,,老牌鋁電容廠，主要產能位於中國廣州，受中國內需與成本影響大。
8038,長園科,上櫃電子零組件,J001510|I015030,,鋰鐵電池廠,鋰鐵電池模組,,,電池材料,,,UPS系統,,,半導體UPS訂單,,,儲能案場需求,,,專利授權金,,,產能規模小,,,材料成本波動,,,市場競爭(台泥/台塑),,,擁有鋰鐵電池專利，主要應用在半導體廠的UPS不斷電系統。
6821,聯寶,上櫃電子零組件,,,磁性元件新秀,PoE變壓器,,,無線充電模組,,,磁性元件,,,網通客戶訂單,,,無線充電滲透率,,,新品毛利,,,網通庫存調整,,,消費電子疲弱,,,匯率風險,,,專攻網通PoE變壓器與無線充電，客戶多為網通大廠。
6761,穩得,上櫃電子零組件,I023630,,EMC解決方案,EMC元件銷售,,,認證測試服務,,,防護元件,,,網通/車用EMC需求,,,實驗室檢測量,,,自有品牌佔比,,,消費電子去庫存,,,價格競爭,,,測試法規變動,,,提供「元件+測試」的一站式服務，解決電子產品的電磁相容問題。
6727,亞泰金屬,上櫃電子零組件,J000250|I023231,,CCL設備王,銅箔基板(CCL)含浸設備,,,塗佈機,,,自動化設備,,,台光電/台燿擴產,,,CCL廠資本支出,,,在手訂單金額,,,CCL景氣循環,,,設備驗收延宕,,,單一產業依賴,,,CCL廠擴產一定要買它的設備，是AI伺服器CCL擴產潮的受惠者。
6664,群翊,上櫃電子零組件,J000250|J001470|I023231,,載板設備資優生,PCB乾燥/曝光設備,,,載板自動化,,,半導體先進封裝設備,,,ABF載板擴產,,,CoWoS設備訂單,,,在手訂單能見度,,,載板景氣下行,,,設備交期延後,,,客戶資本支出縮減,,,PCB與載板乾燥設備龍頭，近年成功切入半導體先進封裝製程，獲利能力強。
6642,富致,上櫃電子零組件,J001030|I023370,,保護元件精兵,PPTC自復式保險絲,,,過電流保護,,,車用保護元件,,,車用/工控營收佔比,,,自動化生產良率,,,毛利率(高標),,,車市庫存調整,,,原物料價格,,,匯率波動,,,全球第四大PPTC廠，避開3C紅海，專攻車用與工控的高毛利市場。
6584,南俊國際,上櫃電子零組件,,,伺服器滑軌,伺服器導軌,,,工業滑軌,,,家居滑軌,,,AI伺服器出貨量,,,CSP大廠(美系)訂單,,,川湖比價效應,,,伺服器庫存調整,,,鋼價成本,,,專利訴訟風險,,,伺服器滑軌二哥(大哥是川湖)，成功打入美系雲端大廠供應鏈，AI伺服器題材熱門。
6538,倉和,上櫃電子零組件,I023130,,太陽能網版王,PI網版,,,傳統網版,,,雷射製程,,,太陽能電池片產量,,,3D網版滲透率,,,TOPCon製程需求,,,太陽能景氣寒冬,,,中國廠商殺價,,,新技術替代,,,專做太陽能電池印刷用的精密網版，3D網版技術領先，獲利隨太陽能電池擴產波動。
6432,今展科,上櫃電子零組件,J001030|I023370,,面板電感王,面板電感,,,扼流器,,,保護元件,,,面板廠稼動率,,,車用電感佔比,,,代理線營收,,,面板景氣循環,,,客戶集中度高,,,價格競爭,,,主要供應面板控制板用的電感，積極拓展車用與網通市場以降低對面板的依賴。
6418,詠昇,上櫃電子零組件,I023340|I023350,,線材老廠,訊號連接線,,,防水線束,,,Type-C線材,,,3C產品銷量,,,車用/工控轉型,,,銅價走勢,,,消費電子疲弱,,,價格競爭激烈,,,轉型速度慢,,,傳統3C線材廠，獲利受消費性電子景氣影響大，正轉型車用防水線束。
6292,迅德,上櫃電子零組件,,,變壓器資優生,高頻變壓器,,,線圈,,,電感,,,LED照明/醫療設備需求,,,毛利率(長期穩定),,,自動化程度,,,照明市場殺價,,,人工成本上升,,,匯率波動,,,專攻利基型變壓器，應用在LED照明與醫療設備，財務體質健全。
6290,良維,上櫃電子零組件,I023340,,充電樁線材,電源線(Apple/Dyson),,,電動車充電槍,,,伺服器電源線,,,AWS/ChargePoint訂單,,,電動車充電樁佈建,,,銅價成本,,,銅價暴漲,,,單一客戶(Apple)依賴減低,,,匯率風險,,,從蘋果電源線轉型為「充電樁」與「伺服器」線束大廠，獲利結構大幅改善。
6284,佳邦,上櫃電子零組件,,,天線與電感,GPS/5G天線,,,功率電感,,,保護元件,,,華新科/國巨集團資源,,,車用天線滲透率,,,筆電/手機銷量,,,集團內部整合,,,消費電子疲弱,,,價格競爭,,,華新科集團成員，產品線涵蓋天線與保護元件，受惠於集團資源整合。
6279,胡連,上櫃電子零組件,,,車用連接器王,車用端子/連接器,,,保險絲盒,,,高頻連接器,,,比亞迪/Tesla銷量,,,中國車市滲透率,,,銅價LME,,,中國車市殺價競爭,,,銅價暴漲,,,地緣政治(歐美關稅),,,台灣車用連接器龍頭，在中國自主品牌車廠市佔率極高，獲利隨中國車市波動。
6275,元山,上櫃電子零組件,J001110,,車用散熱風扇,車用風扇(座椅/電池),,,家電(造水機),,,工業風扇,,,歐洲車廠訂單,,,車用營收佔比,,,高雄新廠產能,,,車市庫存調整,,,原物料價格,,,家電業務拖累,,,專攻「車用座椅通風」與電池散熱風扇，是歐洲車廠Tier 1供應商，技術門檻高。
6274,台燿,上櫃電子零組件,J001460|I023220,,AI CCL領頭羊,高速銅箔基板(CCL),,,多層板材料,,,HDI材料,,,800G交換器滲透率,,,AI伺服器(OAM/UBB)市佔,,,銅價LME,,,AI伺服器雜音,,,同業(台光電/聯茂)競爭,,,原料成本,,,在AI伺服器與800G交換器的高階CCL材料技術領先，是AI浪潮下本益比最高的CCL廠。
6266,泰詠,上櫃電子零組件,I023430,,SMT績優生,SMT代工(PC/工控),,,PCB組裝,,,電子製造服務,,,工業電腦訂單,,,產能利用率,,,高現金殖利率,,,PC市場衰退,,,客戶集中度,,,匯率波動,,,獲利極度穩定的SMT代工廠，雖無爆發力，但配息大方，是定存股常客。
6259,百徽,上櫃電子零組件,I023370|I023630,,代理轉型,IC通路代理,,,LED照明(舊業),,,電子零組件,,,代理線營收,,,新業務貢獻,,,財務結構,,,本業長期虧損,,,營運規模小,,,流動性不足,,,營運長期處於調整期，缺乏穩定的獲利核心。
6220,岳豐,上櫃電子零組件,I023340,,線材與電商,網路線/電源線,,,電商平台(Monoprice),,,連接器,,,美國消費景氣,,,銅價成本,,,電商平台獲利,,,美國經濟衰退,,,商譽減損風險,,,庫存去化,,,本業是線材製造，但獲利關鍵在於美國電商子公司Monoprice的銷售表現。
6217,中探針,上櫃電子零組件,,,探針工藝師,測試探針(Pogo Pin),,,大電流探針(電動車),,,半導體測試針,,,MagSafe連接器訂單,,,電動車/機車充電針,,,半導體測試需求,,,消費電子疲弱,,,新產品認證慢,,,價格競爭,,,蘋果MagSafe與Gogoro電池連接器的探針供應商，近年切入半導體測試探針。
6210,慶生,上櫃電子零組件,I023230,,少量多樣PCB,PCB(工業/醫療),,,中高層數板,,,背板,,,IPC訂單需求,,,毛利率(穩定),,,產能利用率,,,標準品殺價,,,營收成長緩慢,,,匯率風險,,,專做少量多樣的工業與醫療用PCB，避開消費性紅海，獲利平穩。
6208,日揚,上櫃電子零組件,J000490|J000500|J001470|I023600,,真空設備王,真空幫浦維修,,,真空零組件,,,尾氣處理,,,台積電/面板廠擴產,,,真空設備維修量,,,上海廠營運,,,半導體資本支出縮減,,,中國市場風險,,,同業競爭,,,半導體真空設備與維修大廠，獲利隨晶圓廠與面板廠的稼動率波動。
6207,雷科,上櫃電子零組件,J000490|J001030|J001470|I023600,,被動元件設備,雷射修整機,,,SMT設備代理,,,捲帶(Tape),,,被動元件廠擴產,,,CoWoS設備訂單,,,代理設備營收,,,被動元件景氣下行,,,設備驗收延宕,,,代理毛利低,,,被動元件雷射修整設備龍頭，近年切入台積電CoWoS檢測設備供應鏈。
6204,艾華,上櫃電子零組件,J001030|I023370,,可變電阻老店,可變電阻(VR),,,開關,,,編碼器,,,音響/家電需求,,,產品平均單價,,,自動化程度,,,市場規模萎縮(被數位化取代),,,音響市場小眾,,,流動性低,,,專做音響與家電用的可變電阻，市場成熟且穩定，高殖利率概念。
6203,海韻電,上櫃電子零組件,I023470,,電源貴族,高階PC電源(海韻),,,代工(電競品牌),,,工業電源,,,電競PC換機潮,,,RTX50系列顯卡功耗,,,毛利率(極高),,,PC DIY市場萎縮,,,庫存去化,,,海運運費,,,PC電源界的精品品牌，專攻高瓦數、高毛利的電競電源，獲利能力優於一般電源廠。
6194,育富,上櫃電子零組件,I023230,,老牌PCB,雙層/多層PCB,,,主機板/顯卡PCB,,,工業PCB,,,PC主機板出貨量,,,主要客戶訂單,,,現金股利,,,PC市場衰退,,,營收規模縮減,,,缺乏新產品,,,早期的主機板PCB大廠，目前營運規模縮小，主要靠穩定的老客戶與現金股利。
6185,幃翔,上櫃電子零組件,I023350,,連接器老廠,I/O連接器,,,板對板連接器,,,車用連接器,,,PC/網通需求,,,車用營收佔比,,,毛利率,,,消費電子疲弱,,,價格競爭,,,轉型速度慢,,,傳統連接器廠，獲利受PC景氣影響大，積極拓展車用市場。
6175,立敦,上櫃電子零組件,I023370,,鋁箔蝕刻王,化成鋁箔,,,蝕刻鋁箔,,,鋁電容材料,,,立隆電(母公司)訂單,,,鋁價LME,,,電費成本,,,鋁電容景氣波動,,,電價調漲(高耗能),,,中國環保限制,,,立隆電集團成員，專做鋁質電解電容的關鍵材料「鋁箔」，受鋁價與電價影響大。
6174,安碁,上櫃電子零組件,,,石英元件老店,石英振盪器,,,濾波器,,,車用石英元件,,,車用/工控需求,,,產品ASP,,,毛利率,,,消費電子疲弱,,,價格競爭,,,匯率波動,,,老牌石英元件廠，產品應用廣泛，近年獲利維持穩定水準。
6173,信昌電,上櫃電子零組件,I023370,,積層陶瓷粉末,MLCC介電粉末,,,特規MLCC,,,電感,,,華新科集團資源,,,MLCC景氣循環,,,5G/車用需求,,,被動元件去庫存,,,原料價格波動,,,集團策略調整,,,華新科集團成員，唯一能自製MLCC粉末的廠商，專攻高功率/高壓等特規產品。
6158,禾昌,上櫃電子零組件,I023350,,光碟機連接器轉型,軟板連接器(FPC),,,顯示器連接器,,,車用連接器,,,面板產業景氣,,,車用佔比,,,自動化生產,,,光碟機市場消失(已轉型),,,面板需求衰退,,,價格競爭,,,昔日的光碟機連接器霸主，現轉型做面板與車用連接器，獲利隨面板景氣波動。
6156,松上,上櫃電子零組件,I023230,,磁性元件代工,變壓器,,,電感,,,PCB代採購,,,家電/照明需求,,,代工毛利率,,,PCB業務佔比,,,原物料銅價,,,單一客戶依賴,,,低毛利競爭,,,主要做磁性元件代工與PCB買賣，毛利較低，屬成熟產業。
6134,萬旭,上櫃電子零組件,I023340,,極細同軸線,極細同軸線(Antenna),,,車用線束,,,醫療線材,,,萬泰科集團資源,,,車用/醫療佔比,,,毫米波雷達線材,,,消費電子疲弱,,,轉型陣痛期,,,銅價波動,,,萬泰科集團成員，專攻高頻高速傳輸線，應用在無人機、車用雷達與醫療設備。
6127,九豪,上櫃電子零組件,I023370,,陶瓷基板王,晶片電阻陶瓷基板,,,氧化鋁基板,,,車用基板,,,晶片電阻(R-Chip)景氣,,,國巨/華新科擴產,,,原料氧化鋁價格,,,電阻庫存調整,,,能源成本上升,,,價格競爭,,,全球市佔率極高的電阻陶瓷基板廠，被動元件擴產一定要用它的基板，景氣循環明顯。
6126,信音,上櫃電子零組件,I023350,,防水連接器,筆電電源連接器,,,防水連接器(Amazon/Gogoro),,,車用連接器,,,筆電出貨量,,,防水產品營收,,,新能源車訂單,,,PC市場衰退,,,客戶砍價,,,匯率波動,,,筆電電源連接器大廠，近年切入防水連接器(應用在電子閱讀器與電動機車)有成。
6124,業強,上櫃電子零組件,,,熱導管老兵,熱導管(Heat Pipe),,,照明(舊業),,,焊錫材料,,,PC/NB散熱需求,,,均熱板(VC)滲透率,,,焊錫營收,,,PC市場衰退,,,技術被VC替代,,,原料錫價波動,,,全球熱導管大廠，主要應用在PC散熱，近年受均熱板技術競爭影響。
6114,久威,上櫃電子零組件,I023630,,膠帶與絕緣,絕緣材料加工,,,膠帶/保護膜,,,電池組裝材料,,,筆電/電池模組需求,,,車用材料佔比,,,毛利率,,,消費電子疲弱,,,原料價格波動,,,客戶集中度,,,主要做絕緣材料與膠帶的加工買賣，供應給電池模組廠與筆電廠。
5498,凱崴,上櫃電子零組件,,,PCB鑽孔服務,機械鑽孔,,,雷射鑽孔,,,PCB墊板,,,PCB產業稼動率,,,雷射鑽孔佔比,,,銅價(墊板成本),,,PCB景氣下行,,,設備折舊壓力,,,價格競爭,,,提供PCB鑽孔代工服務，營運狀況與PCB大廠的產能利用率高度相關。
5488,松普,上櫃電子零組件,I023340,,線材老廠,網路線,,,電源線,,,USB線材,,,銅價走勢,,,消費性電子需求,,,WiFi 6/7線材,,,銅價暴跌,,,市場競爭激烈,,,營收規模縮減,,,老牌線材廠，產品應用以消費性電子為主，獲利能力較弱。
5475,德宏,上櫃電子零組件,,,玻纖布老廠,玻纖布,,,玻纖紗,,,複合材料(瓦斯桶),,,PCB產業景氣,,,5G低介電布需求,,,原料價格,,,CCL廠去庫存,,,玻纖布供過於求,,,新事業(複合材料)貢獻慢,,,上游玻纖布廠，景氣循環極其劇烈，獲利隨PCB景氣起伏。
5464,霖宏,上櫃電子零組件,I023230,,PCB代工,多層PCB,,,家電/音響PCB,,,農機PCB,,,家電市場需求,,,農機訂單,,,銅價成本,,,標準品殺價,,,營收規模小,,,匯率波動,,,規模較小的PCB廠，專攻家電與農機等利基應用。
5460,同協,上櫃電子零組件,I023471,,沖壓機構,金屬沖壓件(網通/安控),,,模具開發,,,視訊設備機構,,,網通客戶訂單,,,模具收入,,,自動化程度,,,網通庫存調整,,,鋼價成本,,,單一客戶依賴,,,專做網通與視訊設備的金屬沖壓件，獲利平穩。
5457,宣德,上櫃電子零組件,I023350,,立訊連接器,Type-C連接器,,,機構件,,,RF連接器,,,立訊精密(母公司)訂單,,,蘋果新品規格,,,Type-C滲透率,,,蘋果訂單波動,,,立訊策略調整,,,消費電子疲弱,,,立訊精密入主後，成為泛蘋果供應鏈成員，營運與蘋果及立訊高度連動。
5439,高技,上櫃電子零組件,J001240|I023230,,車用PCB資優生,厚銅板(車用/電源),,,網通PCB,,,工業電腦PCB,,,電動車充電樁訂單,,,網通交換器升級,,,產能利用率,,,網通庫存去化,,,車市殺價競爭,,,銅價成本,,,專攻「少量多樣」的高階PCB，特別是電動車與充電樁用的厚銅板，獲利穩健成長。
5381,合正,上櫃電子零組件,I015030,,PCB轉重電,變壓器(台電標案),,,PCB鑽孔(舊業),,,保養品,,,台電強韌電網標案,,,變壓器產能,,,轉型成效,,,台電標案進度,,,原物料銅價,,,併購整合風險,,,大宇資集團入主後，併購三江電機轉型做「台電變壓器」，成為重電概念股。
5355,佳總,上櫃電子零組件,I023060,,LED散熱板,鋁基板(MCPCB),,,LED照明/背光板,,,傳統PCB,,,LED照明景氣,,,車用LED散熱,,,銅/鋁價成本,,,LED市場萎縮,,,標準品殺價,,,營收下滑,,,主要做LED散熱鋁基板，受LED照明市場殺價競爭影響大。
5340,建榮,上櫃電子零組件,,,玻纖布日系,玻纖布,,,工業用布,,,電子級玻纖布,,,日東紡(母公司)技術,,,高階低介電布佔比,,,PCB景氣,,,CCL庫存調整,,,技術依賴母公司,,,單一產業波動,,,日商日東紡(Nittobo)控股，擁有高階玻纖布技術，是AI伺服器CCL的關鍵材料供應商。
5328,華容,上櫃電子零組件,I023370,,薄膜電容老店,塑膠薄膜電容,,,金屬化薄膜電容,,,車用電容,,,家電/電源需求,,,車用/綠能佔比,,,原料價格,,,標準品競爭,,,市場成長受限,,,流動性低,,,老牌電容廠，主要應用在家電與電源，近年積極切入車用與綠能應用。
5309,系統電,上櫃電子零組件,J001510|I023680,,儲能與胎壓,藍牙胎壓偵測器(TPMS),,,儲能系統,,,工業電腦電池,,,TPMS出貨量,,,儲能專案營收,,,資料中心BBU,,,車市庫存調整,,,儲能建置延宕,,,電池芯成本,,,TPMS主力供應商，近年成功轉型儲能與資料中心電池備援系統(BBU)。
5291,邑昇,上櫃電子零組件,I023230,,PCB與單車,PCB(工控/車用),,,LED自行車燈,,,e-Bike,,,IPC訂單,,,自行車庫存去化,,,新廠進度,,,自行車產業衰退,,,PCB景氣下行,,,雙業務不綜效,,,一手做PCB，一手做自行車燈與自有品牌e-Bike，兩大業務近期皆面臨庫存調整。
5228,鈺鎧,上櫃電子零組件,I023370,,磁性元件利基,電感,,,磁性材料,,,車用/網通應用,,,車用電感佔比,,,網通訂單,,,自動化產線,,,消費電子疲弱,,,價格競爭,,,原物料波動,,,專攻利基型電感與磁性材料，車用佔比高，獲利相對穩定。
5227,立凱-KY,上櫃電子零組件,J001240,,磷酸鐵鋰IP,磷酸鐵鋰(LFP)正極材料,,,專利授權(IP),,,鋰電池材料,,,歐美非中供應鏈需求,,,授權金收入,,,認證進度,,,中國LFP低價傾銷,,,授權客戶量產慢,,,長期虧損,,,轉型為「IP授權」模式，將LFP技術授權給歐美廠商，試圖擺脫中國殺價競爭。
4974,亞泰,上櫃電子零組件,,,CIS影像感測,CIS影像感測模組(MFP/掃地機),,,亞光集團資源,,,多功能事務機(MFP)銷量,,,掃地機器人需求,,,產能擴充,,,MFP市場成熟,,,關鍵晶片缺貨,,,匯率波動,,,亞光子公司，全球CIS影像感測模組龍頭，獲利極度穩定，高殖利率概念。,,,
4939,亞電,上櫃電子零組件,,,軟板材料王,覆蓋膜(Coverlay),,,補強板,,,軟性銅箔基板,,,手機/車用軟板需求,,,中國手機銷量,,,5G高頻材料,,,中國同業競爭,,,手機市場飽和,,,原料PI價格,,,主要做軟板用的覆蓋膜與補強板，高度依賴中國手機供應鏈。
4542,科嶠,上櫃電子零組件,,,PCB乾燥設備,PCB/觸控乾燥機,,,自動化設備,,,家登合作(載具清洗),,,PCB廠擴產,,,載具清洗機出貨,,,CoWoS相關設備,,,PCB景氣下行,,,新業務貢獻慢,,,設備驗收週期,,,PCB乾燥設備廠，近期與家登合作切入半導體載具清洗設備，具轉型題材。
3710,連展投控,上櫃電子零組件,I023350,,連接器與綠能,連接器(PC/手機),,,充電樁營運(連萬),,,綠能,,,PC/手機銷量,,,充電樁站點數,,,虧損改善,,,消費電子疲弱,,,充電樁燒錢,,,控股結構複雜,,,連接器本業辛苦，市場期待在於子公司「連萬」的電動車充電樁營運佈局。
3689,湧德,上櫃電子零組件,I023350,,網通連接器,RJ45連接器,,,防水連接器,,,高速傳輸連接器,,,網通設備升級(2.5G/10G),,,防水產品營收,,,自動化良率,,,網通庫存調整,,,銅價成本,,,PC市場衰退,,,全球RJ45整合連接器大廠，積極轉向防水與車用連接器以提升毛利。
3646,艾恩特,上櫃電子零組件,I023340|I023350,,車用連接器,車用連接器(BMW/福斯),,,工控連接器,,,線束,,,歐洲車廠訂單,,,工控/車用佔比(>90%),,,毛利率,,,歐洲經濟衰退,,,車市庫存調整,,,匯率(歐元),,,成功轉型為純車用與工控連接器廠，客戶多為歐洲一線車廠，獲利結構優化。
3631,晟楠,上櫃電子零組件,,,錫球與房產,焊錫材料(錫球/錫膏),,,房地產租賃,,,轉投資,,,PCB/組裝廠需求,,,錫價LME,,,資產收益,,,錫價暴跌(庫存損失),,,本業毛利低,,,業外波動大,,,主要做焊錫材料，獲利受國際錫價影響大，另有部分房地產收益。
3624,光頡,上櫃電子零組件,I023370,,薄膜電阻王,薄膜電阻(精密/車用),,,厚膜電阻,,,電感,,,風華高科(陸資)入主,,,車用/工控訂單,,,電阻報價,,,被動元件去庫存,,,同業價格戰,,,地緣政治(陸資背景),,,台灣第一家薄膜電阻廠，技術領先，風華高科入主後強化中國市場佈局。
3609,三一東林,上櫃電子零組件,,,車改與房產,汽車改裝(Brabus),,,電子零組件(舊業),,,房地產開發,,,改裝車銷量,,,上海建案進度,,,轉型成效,,,豪車市場波動,,,本業獲利不穩,,,轉型方向雜亂,,,原名東林，轉型做頂級汽車改裝(Brabus代理)與房地產開發。
3597,映興,上櫃電子零組件,I023340,,防水線束,防水連接線束(電動車/腳踏車),,,智慧照明,,,代理保護元件,,,電動自行車(e-Bike)銷量,,,特斯拉/BYD訂單,,,銅價成本,,,自行車庫存去化,,,車市殺價競爭,,,匯率波動,,,專攻戶外與車用防水線束，是電動自行車與電動車供應鏈。
3548,兆利,上櫃電子零組件,,,摺疊機樞紐,筆電/螢幕樞紐(Hinge),,,摺疊手機樞紐,,,車用樞紐,,,華為摺疊機銷量,,,摺疊機良率,,,筆電市場景氣,,,單一客戶(華為)依賴,,,富世達比價效應,,,良率成本壓力,,,華為摺疊手機軸承的關鍵供應商，股價隨摺疊機出貨量劇烈波動。
3537,堡達,上櫃電子零組件,I023370,,被動元件通路,Panasonic電容代理,,,主動元件,,,生技設備(轉型),,,伺服器/筆電需求,,,代理佣金,,,生技新事業進度,,,原廠代理權風險,,,消費電子疲弱,,,庫存管理,,,Panasonic被動元件的主要代理商，近年嘗試轉型生技自動化設備。
3526,凡甲,上櫃電子零組件,,,伺服器連接器,高頻連接器(伺服器),,,車用連接器(BMS/車燈),,,筆電連接器,,,AI伺服器出貨,,,比亞迪/寧德時代訂單,,,毛利率(>45%),,,伺服器庫存調整,,,中國車市殺價,,,銅價成本,,,獲利能力極強的連接器廠，深耕伺服器與電動車電池(BMS)連接器，毛利羨煞同業。
3520,華盈,上櫃電子零組件,,,線材轉型,連接線組,,,電子零組件,,,轉投資,,,3C產品銷量,,,轉型計畫,,,虧損狀況,,,本業長期無競爭力,,,營運規模小,,,流動性風險,,,傳統線材廠，營運長期低迷，缺乏明顯的成長動能。
3511,矽瑪,上櫃電子零組件,,,穿戴連接器,連接器(穿戴/車用/醫療),,,佳世達集團資源,,,Fitbit/Garmin訂單,,,車用OBD連接器,,,集團綜效,,,穿戴裝置成長趨緩,,,單一客戶依賴,,,匯率波動,,,佳世達入主後體質改善，主攻穿戴式裝置與醫療連接器。,,,
3492,長盛,上櫃電子零組件,,,車用影音線,車用連接器/線束,,,通訊線材,,,醫療線材,,,歐美車廠(Fiat/Chrysler)訂單,,,車用營收佔比,,,毛利率,,,車市庫存調整,,,銅價成本,,,匯率風險,,,專做車用影音娛樂系統的連接器與線束，客戶多為歐美車廠，獲利平穩。
3484,崧騰,上櫃電子零組件,,,變頻控制器,電源開關,,,變頻控制器(手工具/家電),,,車用零件,,,Makita/Bosch訂單,,,歐美房市(手工具需求),,,銅價成本,,,手工具庫存去化,,,客戶砍單,,,原物料價格,,,全球電動手工具開關龍頭，營運與歐美房市及DIY修繕景氣高度連動。
3465,進泰電子,上櫃電子零組件,,,線材轉型,連接線組,,,電子零組件,,,新業務,,,營收規模,,,獲利能力,,,轉型成效,,,本業競爭力弱,,,長期虧損,,,流動性不足,,,規模較小的線材廠，營運長期處於調整期。
3390,旭軟,上櫃電子零組件,,,利基型軟板,軟板(FPC)(車用/工控/醫療),,,多層板,,,車用顯示器需求,,,醫療/工控訂單,,,毛利率,,,消費電子疲弱,,,軟板價格競爭,,,原料PI價格,,,避開手機紅海，專攻少量多樣的車用、醫療與工控軟板，獲利相對穩定。,,,
3388,崇越電,上櫃電子零組件,,,矽利光通路,矽利光(Silicone)代理,,,信越化學(Shin-Etsu)代理,,,電子/醫療/車用材料,,,矽利光報價,,,消費電子/車用需求,,,中國市場景氣,,,原廠供貨配額,,,矽利光價格崩跌,,,中國內需疲弱,,,亞洲最大的矽利光代理商，產品應用無所不包，獲利隨矽利光報價波動。
3357,臺慶科,上櫃電子零組件,I023370,,電感資優生,網路變壓器,,,功率電感,,,共模濾波器,,,網通/車用需求,,,DDR5應用滲透,,,自動化產線,,,消費電子去庫存,,,銅價成本,,,價格競爭,,,電感獲利王，擁有一體成型電感與網路變壓器技術，獲利能力優於同業。
3354,律勝,上櫃電子零組件,,,軟板材料,軟板膠片,,,覆蓋膜,,,銅箔基板,,,軟板產業景氣,,,新產品開發,,,銅價走勢,,,手機市場飽和,,,原料價格波動,,,競爭激烈,,,老牌軟板材料廠，產品競爭力較弱，營運長期持平。
3332,幸康,上櫃電子零組件,I023470,,工業電源王,DC/DC轉換器,,,AC/DC電源,,,工業/醫療/鐵道電源,,,5G基建/半導體設備訂單,,,毛利率(長期穩定),,,高殖利率,,,資本支出縮減,,,晶片缺料,,,匯率風險,,,專攻少量多樣的工業與醫療電源，毛利高且穩定，是定存股好標的。
3322,建舜電,上櫃電子零組件,,,線材代工,連接線/連接器,,,外接式硬碟盒,,,天線,,,高速傳輸線材需求,,,自動化生產,,,毛利率改善,,,消費電子疲弱,,,銅價成本,,,同業殺價,,,主要做3C線材代工，毛利較低，近年致力於自動化以降低成本。
3310,佳穎,上櫃電子零組件,I022020,,沖壓與營建,連接器沖壓件,,,營建開發(建案),,,車用端子,,,車用訂單佔比,,,建案完工入帳,,,銅價成本,,,建案認列空窗期,,,車市殺價,,,房市政策打壓,,,雙引擎公司：本業做車用端子沖壓，副業做房地產開發，營收隨建案入帳波動大。
3294,英濟,上櫃電子零組件,,,精密射出,精密塑膠射出,,,生醫材,,,光電零組件,,,滑鼠/耳機大廠訂單,,,生醫新創投資,,,模具收入,,,消費電子疲弱,,,轉投資虧損,,,人工成本上升,,,主要做高精度的塑膠射出(如高階滑鼠)，近年轉型生技醫療器材開發。
3290,東浦,上櫃電子零組件,,,車用與家電,塑膠射出(模具),,,車用電装品,,,數位相機(舊業),,,車用/家電訂單,,,模具收入,,,越南廠產能,,,消費電子衰退,,,車市庫存調整,,,原料價格,,,從數位相機機殼轉型做車用與家電塑膠件，營運逐漸回穩。
3288,點晶,上櫃電子零組件,I023040,,類比IC老店,LED驅動IC,,,風扇馬達驅動IC,,,類比IC,,,產品競爭力,,,營收規模,,,虧損狀況,,,長期虧損,,,技術落後,,,流動性風險,,,早期的類比IC廠，近年營運長期處於虧損狀態，缺乏核心競爭力。
3276,宇環,上櫃電子零組件,,,PCB利基,PCB(光電/車用),,,多層板,,,HDI,,,志超集團資源,,,面板/車用景氣,,,產能利用率,,,面板需求疲弱,,,價格競爭,,,集團策略調整,,,志超集團子公司，專攻中小尺寸與車用PCB，獲利隨面板景氣波動。
3236,千如,上櫃電子零組件,I023370,,電感老廠,電感,,,濾波器,,,陶瓷散熱片,,,車用/工控電感需求,,,自動化產線,,,銅價/銀價成本,,,消費電子去庫存,,,同業殺價,,,匯率波動,,,老牌電感廠，近年積極拓展車用與工控市場，獲利持穩。
3217,優群,上櫃電子零組件,,,DDR5插槽王,DDR5連接器(SO-DIMM/Long-DIMM),,,M.2連接器,,,微型沖壓件,,,DDR5滲透率,,,筆電/伺服器出貨,,,金屬沖壓件毛利,,,PC市場衰退,,,記憶體世代交替慢,,,金價/銅價成本,,,DDR5世代交替的最大受惠者，在記憶體插槽市佔率極高，毛利優異。
3207,耀勝,上櫃電子零組件,,,變壓器轉綠能,變壓器/電感,,,綠能儲能,,,車用電子,,,儲能/光電訂單,,,變壓器產能,,,毛利率改善,,,儲能政策變動,,,銅價成本,,,客戶集中度,,,老牌變壓器廠，近年切入綠能與儲能應用，帶動營運翻身。
3206,志豐,上櫃電子零組件,,,聲學元件王,蜂鳴器,,,揚聲器,,,麥克風,,,車用/安控/醫療需求,,,警報器訂單,,,自動化生產,,,消費電子疲弱,,,原物料漲價,,,匯率風險,,,台灣最大的蜂鳴器廠，產品應用廣泛(從倒車雷達到醫療警報)，避開消費性紅海。
3202,樺晟,上櫃電子零組件,,,線材與鋼材,電腦線材,,,鋼材買賣,,,紙容器,,,筆電線材訂單,,,鋼價走勢,,,紙容器新業務,,,本業毛利低,,,鋼價波動風險,,,業務龐雜聚焦難,,,主業是電腦線材，但營收很大一部分來自低毛利的鋼材買賣。
3191,雲科,上櫃電子零組件,,,連接器新兵,連接器,,,線材,,,電子零組件,,,3C產品需求,,,新客戶開發,,,營收規模,,,消費電子疲弱,,,價格競爭,,,流動性不足,,,規模較小的連接器廠，市場關注度低。
3115,富榮綱,上櫃電子零組件,,,貿易轉型,電子零組件貿易,,,線材,,,其他,,,新業務營收,,,獲利能力,,,轉型計畫,,,本業無競爭力,,,營運規模小,,,流動性風險,,,以貿易為主，缺乏製造實力，營運長期平淡。
3114,好德,上櫃電子零組件,,,IC通路老店,半導體代理,,,電子零組件,,,系統整合,,,代理線營收,,,新產品導入,,,獲利穩定度,,,原廠收回代理權,,,消費電子疲弱,,,毛利微薄,,,小型的IC通路商，代理產品線較雜，獲利平穩但無成長性。
3078,僑威,上櫃電子零組件,I023470,,電源代工王,PC電源供應器(DIY),,,無線充電,,,安控電源,,,電競PC換機潮,,,高瓦數電源佔比,,,無線充電滲透率,,,PC DIY市場萎縮,,,庫存去化,,,匯率波動,,,專攻DIY通路的電源代工，在電競高瓦數電源有優勢，獲利隨顯卡功耗提升而成長。
1815,富喬,上櫃電子零組件,,,玻纖布轉型,電子級玻纖布,,,工業級玻纖布,,,Low DK布,,,PCB/CCL景氣,,,5G高階布佔比,,,銅價(影響CCL),,,CCL廠去庫存,,,玻纖布價格崩跌,,,能源成本(高耗能),,,上游玻纖布廠，積極開發Low DK高階布以供應AI伺服器CCL需求，擺脫標準品殺價。
1595,川寶,上櫃電子零組件,,,設備轉型,PCB曝光機,,,半導體設備(轉型),,,自動化,,,PCB擴產需求,,,新設備認證,,,轉投資損益,,,PCB景氣下行,,,設備競爭(志聖),,,轉型成效慢,,,全球最大的PCB半自動曝光機廠，因PCB技術演進(改用LDI)，正痛苦轉型半導體設備。
1336,台翰,上櫃電子零組件,,,印表機射出,塑膠射出(印表機/投影機),,,模具,,,東南亞產能,,,東南亞印表機需求,,,新客戶(投影機/車用),,,模具收入,,,無紙化趨勢,,,主要客戶(Brother/Epson)策略,,,原料塑料價格,,,專做印表機與多功能事務機的塑膠機殼，產能集中在東南亞，獲利平穩。
OTC67,電子通路,上櫃電子通路,,,,,,,,,,,,,,,,,,,,,,,,,,,,,,,
8096,擎亞,上櫃電子通路,I023050,,三星代理王,CIS感測器代理,,,記憶體代理,,,面板代理,,,三星(Samsung)產能/策略,,,記憶體/面板報價,,,中國手機銷量,,,三星收回代理權,,,庫存跌價損失,,,消費電子疲弱,,,三星在台灣的主要代理商，成也三星敗也三星，營運隨記憶體與面板報價劇烈波動。
8084,巨虹,上櫃電子通路,I023630,,通路轉型,記憶體/IC代理,,,醫療器材,,,其他,,,記憶體價格,,,新業務營收,,,獲利結構,,,記憶體景氣波動,,,轉型方向不明,,,本業競爭力弱,,,老牌IC通路，近年嘗試轉型但記憶體代理仍佔大宗。
8068,全達,上櫃電子通路,I023050,,通路與充電,IC代理(聯發科/Microsoft),,,移動充電機器人(E-HERO),,,大股東(威盛)資源,,,代理線營收,,,充電機器人訂單,,,威盛集團綜效,,,代理毛利微薄,,,新事業燒錢,,,消費電子疲弱,,,威盛集團旗下的通路商，近期推出移動充電機器人試圖轉型。
8067,志旭,上櫃電子通路,,,面板通路,面板/光電零組件代理,,,消費性電子,,,其他,,,面板報價,,,代理產品銷量,,,轉型成效,,,面板景氣循環,,,營收規模萎縮,,,流動性風險,,,主要代理面板與光電零組件，受面板產業波動影響大。
8032,光菱,上櫃電子通路,I023050,,日系通路,IC代理(Renesas/Mitsubishi),,,工控/車用電子,,,系統整合,,,日系原廠供貨,,,工控訂單B/B值,,,高殖利率,,,日圓匯率,,,原廠策略變動,,,市場成長溫吞,,,專攻日系半導體代理，客戶多為工控與車用，獲利與配息長年穩定。
6270,倍微,上櫃電子通路,I023050,,全方位通路,IC代理(Microchip/Synaptics),,,系微(轉投資)收益,,,解決方案銷售,,,代理線廣度,,,轉投資獲利貢獻,,,庫存水位,,,消費電子疲弱,,,原廠併購風險,,,毛利微薄,,,代理產品線廣泛，持有BIOS大廠系微的股權是其隱藏價值。
6265,方土昶,上櫃電子通路,I023050,,被動通路,被動元件代理,,,電子零組件,,,其他,,,被動元件報價,,,客戶需求,,,營收規模,,,被動元件景氣,,,代理權變動,,,流動性低,,,小型的被動元件通路商，營運規模小。
6227,茂綸,上櫃電子通路,I023050,,日系高階通路,IC代理(Renesas/Macnica),,,工控/機器人,,,AI解決方案,,,日系母公司(Macnica)資源,,,工業/車用佔比,,,AI專案營收,,,日圓匯率,,,工控市場庫存,,,半導體景氣,,,日商Macnica子公司，專攻高階工控與AI解決方案，技術支援能力強。
6154,順發,上櫃電子通路,,,3C通路老二,3C零售通路(順發3C),,,公益型企業,,,電腦/家電銷售,,,台灣內需消費,,,展店/改裝效益,,,高殖利率,,,電商(momo/PChome)競爭,,,3C市場飽和,,,實體店成本,,,台灣老牌3C實體通路，主打公益形象(獲利捐贈)，營運平穩，適合領息。
6118,建達,上櫃電子通路,,,威盛通路,IT產品代理(HTC/威盛),,,專案銷售,,,消費性電子,,,威盛/宏達電產品銷量,,,新品代理,,,營收波動,,,集團產品競爭力弱,,,市場邊緣化,,,流動性風險,,,威盛集團通路商，主要銷售集團內產品，營運缺乏亮點。
6113,亞矽,上櫃電子通路,I023050,,歐美IC通路,IC代理(Microchip/Nordic),,,MCU/無線晶片,,,物聯網應用,,,MCU/類比IC需求,,,工控/醫療佔比,,,毛利率,,,原廠收回代理權,,,半導體庫存調整,,,消費電子疲弱,,,主要代理歐美系MCU與通訊晶片，應用在物聯網與工控，獲利穩健。
3444,利機,上櫃電子通路,,,半導體材料通路,封測材料代理,,,驅動IC載板,,,自製銀漿,,,封測稼動率,,,記憶體載板需求,,,自製產品佔比,,,半導體景氣循環,,,代理毛利壓力,,,轉投資波動,,,半導體封測材料專業通路商，近年積極發展自製銀漿與散熱材料以提升毛利。
3360,尚立,上櫃電子通路,,,CIS通路王,Sony CIS感測器代理,,,光學鏡頭,,,雷射焊接設備,,,Sony CIS產能/配額,,,手機銷量,,,新應用(車用/工控),,,手機市場飽和,,,單一代理線依賴,,,庫存跌價損失,,,Sony影像感測器(CIS)在台灣的主要代理商，成也Sony敗也Sony，受手機景氣影響巨大。
3232,昱捷,上櫃電子通路,,,日系被動通路,被動元件代理(Hitachi/Rubycon),,,半導體材料,,,IC代理,,,日系電容需求,,,車用/工控佔比,,,庫存水位,,,日圓匯率,,,原廠產能分配,,,被動元件景氣,,,主要代理日系被動元件與半導體材料，獲利平穩。
3224,三顧,上櫃電子通路,,,電子轉生技,電子零組件代理(舊業),,,細胞治療(再生醫學),,,生技CDMO,,,細胞治療法規,,,生技營收佔比,,,技術授權進度,,,電子本業萎縮,,,生技轉型燒錢,,,技術移轉風險,,,原為電子通路，現全力轉型「再生醫學」與細胞治療，話題性高但實質獲利仍待觀察。
OTC68,資訊服務,上櫃資訊服務,,,,,,,,,,,,,,,,,,,,,,,,,,,,,,,
8416,實威,上櫃資訊服務,,,3D軟體代銷,SolidWorks代理,,,3D列印機,,,顧問服務,,,製造業研發預算,,,軟體維護合約續約率,,,高殖利率,,,製造業景氣衰退,,,原廠(Dassault)政策,,,盜版軟體,,,3D繪圖軟體SolidWorks在大中華區的總代理，客戶黏著度高，每年收維護費，現金流極穩。
8284,三竹,上櫃資訊服務,,,看盤軟體霸主,行動看盤系統,,,簡訊發送服務,,,APP開發,,,台股成交量(散戶熱度),,,簡訊發送量,,,APP市佔率(>90%),,,券商自研APP競爭,,,簡訊成本上升,,,股市崩盤,,,全台90%券商APP都用它的系統，簡訊業務(企業認證/行銷)是穩定的現金牛。
8099,大世科,上櫃資訊服務,,,大同資服兵,系統整合(SI),,,資安服務,,,AIoT解決方案,,,大同集團資源,,,企業數位轉型標案,,,資安營收佔比,,,標案毛利競爭,,,人力成本上升,,,集團內部調整,,,大同集團旗下的系統整合商，擁有集團內需與政府標案基本盤。
6874,倍力,上櫃資訊服務,I023330,,財務軟體王,自研財務報告書軟體,,,碳管理平台,,,Oracle/SAP代理,,,ESG法規推動,,,軟體授權與維護費,,,自研產品佔比,,,企業IT支出縮減,,,代理毛利低,,,碳盤查需求延遲,,,協助企業編製財報的「合併報表系統」市佔率高，ESG碳管家軟體是新成長動能。
6865,偉康科技,上櫃數位雲端,I023330,,金融資安新星,FIDO身分認證,,,資安解決方案,,,金融科技,,,金融業數位轉型預算,,,FIDO導入率,,,SaaS營收,,,人力成本高漲,,,金融法規變動,,,大型SI競爭,,,專攻金融業的資安與身分認證(FIDO)，客戶多為銀行，毛利優於一般SI。
6791,虎門科技,上櫃資訊服務,I023330,,CAE模擬專家,CAE模擬軟體代理(Ansys),,,工業4.0顧問,,,SAP代理,,,研發經費支出,,,半導體/國防訂單,,,顧問服務收入,,,高科技景氣衰退,,,軟體代理權風險,,,專業人才短缺,,,代理Ansys等工程模擬軟體，半導體與軍工研發一定要用，護城河在於技術顧問能力。
6752,叡揚,上櫃資訊服務,I023330,,軟體老字號,公文系統,,,知識管理(KM),,,雲端SaaS服務,,,政府/銀行標案,,,SaaS訂閱營收成長,,,AI功能導入,,,標案價格競爭,,,資安風險,,,雲端轉型成本,,,台灣最老牌的軟體公司之一，公文系統市佔極高，近年成功轉型雲端SaaS訂閱模式。
6751,智聯服務,上櫃資訊服務,I023330,,宏碁SI小兵,系統整合,,,半導體設備資訊服務,,,人力外包,,,宏碁集團資源,,,半導體客戶(台積)擴廠,,,維運服務收入,,,半導體資本支出縮減,,,標案毛利低,,,單一產業依賴,,,宏碁集團成員，專攻半導體產業的資訊系統整合與人力服務。
6697,東捷資訊,上櫃資訊服務,I023330,,東元資服兵,ERP系統導入(SAP),,,機電維運,,,物流系統,,,東元集團資源,,,企業ERP升級潮,,,維護合約收入,,,人力成本,,,景氣衰退影響IT預算,,,集團依賴度,,,東元集團子公司，專長在製造業與物流業的ERP系統導入與維護。
6593,台灣銘板,上櫃資訊服務,,,卡片製造商,信用卡/金融卡製造,,,冷錢包(加密貨幣),,,金屬卡,,,換卡潮(Costco/銀行),,,冷錢包銷量,,,新客戶標案,,,數位支付取代實體卡,,,晶片缺料,,,加密貨幣崩跌,,,全台最大的信用卡製造商，近年切入加密貨幣冷錢包與高質感的金屬信用卡。
6590,普鴻,上櫃資訊服務,I023330,,金融支付SI,支付系統(HSM),,,金融資安,,,融合機,,,銀行支付系統升級,,,加解密設備(HSM)市佔,,,維護費收入,,,金融業資本支出,,,外商競爭,,,資安漏洞風險,,,專做銀行支付系統的資安設備(HSM)，市佔率極高，擁有極深的護城河。
6516,勤崴國際,上櫃資訊服務,I023330,,圖資導航王,電子地圖(Google/Apple供應商),,,導航軟體,,,自駕車圖資,,,地圖授權金,,,車聯網專案,,,自駕車落地進度,,,免費導航競爭,,,Google政策變動,,,研發成本高,,,台灣電子地圖霸主，Google Maps在台灣的圖資就是買它的，現在全力進攻自駕車高精地圖。
6231,系微,上櫃資訊服務,,,BIOS小巨人,BIOS韌體(UEFI),,,BMC韌體,,,系統管理軟體,,,AI PC換機潮,,,筆電市佔率,,,權利金(Royalty)收入,,,PC市場衰退,,,開源韌體挑戰,,,英特爾/AMD平台轉換,,,全球三大BIOS廠商之一，在筆電領域市佔高，AI PC規格升級有利於BIOS單價提升。
6221,晉泰,上櫃資訊服務,I023330,,系統整合商,資訊設備銷售,,,雲端服務,,,維運服務,,,企業IT預算,,,半導體客戶訂單,,,維護合約佔比,,,景氣波動影響採購,,,原廠(Cisco/HP)政策,,,人力成本,,,專注於資通訊基礎建設的SI，客戶涵蓋半導體與大型製造業。
6148,驊宏資,上櫃資訊服務,I023330,,金融SI老兵,系統整合,,,金融大數據,,,雲端服務,,,金融業IT標案,,,大數據專案,,,轉投資收益,,,標案毛利低,,,市場競爭激烈,,,營收波動大,,,老牌系統整合商，深耕金融業與政府標案，近年積極發展大數據分析。
6140,訊達,上櫃資訊服務,I023330,,PC商用通路,商用電腦銷售,,,系統整合,,,維運服務,,,企業/政府PC換機,,,微軟OS升級,,,標案數量,,,PC市場衰退,,,毛利微薄(硬體為主),,,標案不連續,,,主要做商用PC與周邊設備的銷售與維護，營收隨企業換機潮波動。
6123,上奇,上櫃資訊服務,I023330,,雲端與列印,雲端服務(AWS/Google),,,數位列印設備(HP),,,創意軟體代理,,,雲端經常性收入(ARR),,,數位印刷機銷量,,,東南亞市場,,,雲端價格戰,,,代理權變動,,,景氣影響設備投資,,,獨特的「雲端服務+數位列印」雙引擎模式，雲端業務成長快速且具經常性收入特性。
5410,國眾,上櫃資訊服務,I023330,,大眾系SI,系統整合,,,金融終端設備,,,維護服務,,,大眾集團資源,,,金融/博弈標案,,,維護合約佔比,,,標案延宕,,,硬體毛利低,,,市場競爭,,,大眾電腦集團成員，專攻金融終端與博弈彩券機的系統整合與維護。
5403,中菲,上櫃資訊服務,I023330,,銀行信託王,銀行信託系統,,,證券系統,,,系統維護,,,銀行信託資產規模,,,系統升級需求,,,高現金殖利率,,,金融法規變動,,,人力成本,,,系統轉換風險,,,台灣銀行「信託部」系統的絕對霸主，市佔率極高，獲利與配息長年穩定。
5310,天剛,上櫃資訊服務,I023330,,SI轉型遊戲,系統整合(舊業),,,遊戲開發(轉型),,,其他,,,新遊戲營收,,,轉型成效,,,流動性,,,本業競爭力弱,,,遊戲開發高風險,,,長期虧損,,,老牌SI廠，近年嘗試轉型遊戲開發與發行，但營運仍不穩定。
5212,凌網,上櫃資訊服務,I023330,,圖書館系統王,圖書館自動化系統,,,電子支付(卡),,,政府標案,,,圖書館標案市佔,,,電子書借閱量,,,消費金融專案,,,政府預算縮減,,,電子支付競爭,,,人力成本,,,台灣圖書館自動化系統龍頭，並跨足電子支付與紅利積點系統。
5211,蒙恬,上櫃資訊服務,I023410,,手寫辨識老店,手寫板/掃描筆,,,名片管理,,,人臉辨識,,,新品(如電子筆記本)銷量,,,軟體授權,,,轉型成效,,,輸入法技術被取代,,,硬體需求萎縮,,,營收成長停滯,,,昔日手寫輸入霸主，技術成熟但市場被觸控與語音輸入瓜分，積極尋求新硬體應用。
5210,寶碩,上櫃資訊服務,I023330,,金融軟體與綠能,金融交易系統,,,視訊會議,,,太陽能工程(轉型),,,金融軟體維護費,,,綠能案場進度,,,轉型成效,,,軟體本業萎縮,,,綠能競爭激烈,,,流動性風險,,,原本做金融交易軟體，近年跨足太陽能EPC工程與視訊系統。
5202,力新,上櫃資訊服務,I023330,,軟體轉型,影像處理軟體,,,AIoT解決方案,,,系統整合,,,企業數位轉型案,,,授權金收入,,,母公司(力晶)資源,,,軟體市場競爭,,,轉型速度慢,,,營收規模小,,,力晶集團成員，從影像軟體轉型為AIoT解決方案提供商。
5201,凱衛,上櫃資訊服務,I023330,,金融期貨軟體,期貨/證券交易系統,,,系統維護,,,其他,,,台股/期貨交易量,,,券商系統升級,,,維護合約,,,自研系統競爭,,,金融業整併(客戶減少),,,資安風險,,,專攻期貨與選擇權的交易前台系統，客戶為國內券商與期貨商。
4953,緯軟,上櫃資訊服務,I023330,,IT外包龍頭,軟體人力外包(ITO),,,金融/高科技/互聯網客戶,,,中國市場營收,,,IT人才數量(員工人數),,,中國互聯網景氣,,,大客戶(阿里/騰訊)訂單,,,中國經濟下行,,,薪資成本上升,,,人員流動率高,,,台灣最大的軟體人力外包商，主要市場在中國，營收與「工程師人數」成正比，受中國景氣影響大。
3570,大塚,上櫃資訊服務,I023330,,CAD軟體代理,Autodesk代理,,,輔導顧問,,,3D列印,,,製造業研發預算,,,軟體訂閱制轉型,,,高殖利率,,,製造業景氣衰退,,,原廠政策變動,,,盜版軟體,,,Autodesk(AutoCAD)在台灣的主要代理商，獲利隨製造業研發投入波動，配息穩定。
3147,大綜,上櫃資訊服務,,,南部SI霸主,系統整合,,,綠能解決方案,,,軟體顧問,,,台積電/傳產大廠訂單,,,美國/德國建廠專案,,,綠能營收佔比,,,半導體擴廠放緩,,,專案毛利波動,,,人力短缺,,,深耕南台灣的系統整合商，跟著台積電全球擴廠(美國/德國)提供IT建置服務。
OTC69,其他電子,上櫃其他電子,,,,,,,,,,,,,,,,,,,,,,,,,,,,,,,
8455,大拓-KY,上櫃其他電子,I023630,,日本電機通路,電機/電子零件代理,,,機器人組裝,,,工廠自動化,,,日本製造業景氣,,,豐田(Toyota)供應鏈訂單,,,匯率(日圓),,,日本經濟停滯,,,原廠收回代理,,,流動性低,,,主要在日本經營電機產品代理，客戶多為日本汽車與工具機大廠。
8431,匯鑽科,上櫃其他電子,,,表面處理專家,硬碟表面處理,,,Type-C電鍍,,,車用電鍍,,,泰國廠產能,,,Type-C滲透率,,,硬碟/車用訂單,,,硬碟市場萎縮,,,環保法規成本,,,單一客戶依賴,,,專做金屬表面處理(電鍍)，是Seagate硬碟與Apple Type-C接頭的關鍵供應商。
8383,千附,上櫃其他電子,J000500|J001450,,廠務工程鞋業,半導體廠務工程,,,製鞋機械,,,水資源,,,台積電建廠進度,,,製鞋業景氣,,,國防/航太(子公司千附精密),,,半導體資本支出縮減,,,鞋業庫存調整,,,工程毛利波動,,,業務多元(廠務、製鞋、水資源)，子公司千附精密掛牌後，母公司轉為控股性質。
8183,精星,上櫃其他電子,I023430,,車用PCBA,車用板組裝(BMS),,,工控PCBA,,,華新集團資源,,,比亞迪/寧德時代訂單,,,新能源車銷量,,,銅價成本,,,中國車市殺價,,,消費電子疲弱,,,華新集團成員，專攻電動車電池管理系統(BMS)的PCBA組裝，高度依賴中國電動車市場。,,,
8092,建暐,上櫃其他電子,J001470|I023600,,精密加工,IC載具,,,治具,,,齒輪減速機,,,半導體封測需求,,,精密加工訂單,,,新產品開發,,,設備業景氣循環,,,技術競爭,,,流動性低,,,主要做精密治具與IC載具，以及機器手臂用的減速機。
8085,福華,上櫃其他電子,I023410,,大同零組件,面板背光板,,,電子零組件,,,碳權開發(印尼),,,大同集團資源,,,碳權資產價值,,,轉型成效,,,本業獲利微薄,,,碳權變現不確定性,,,集團策略調整,,,大同集團成員，本業面板零件沒落，現在市場炒作焦點在印尼森林碳權的開發價值。
8047,星雲,上櫃其他電子,I023600,,雷射雕刻機,雷射雕刻/切割機,,,電腦割字機,,,自有品牌(GCC),,,歐美DIY/文創需求,,,新產品應用,,,匯率(美元/歐元),,,全球經濟衰退,,,低價機器競爭,,,行銷費用高,,,台灣自創品牌GCC，主攻中小功率雷射雕刻機，行銷全球。
6877,鏵友益,上櫃其他電子,I023172,,晶圓檢測設備,晶圓包裝檢查機,,,自動化設備,,,AOI檢測,,,半導體後段封測需求,,,台積電/封測廠訂單,,,新廠產能,,,半導體景氣下行,,,設備驗收延宕,,,競爭激烈,,,專做半導體晶圓與封測的AOI檢測設備，客戶涵蓋晶圓代工與封測大廠。
6855,數泓科,上櫃其他電子,,,數位手工具,數位扭力扳手,,,數位起子,,,手工具物聯網,,,DIY/汽修市場需求,,,新產品ASP,,,毛利率(高標),,,歐美經濟景氣,,,晶片缺料,,,專利訴訟,,,將傳統手工具數位化(加螢幕/聯網)，毛利極高，是手工具界的科技股。
6840,東研信超,上櫃其他電子,,,電子檢測認證,EMC/RF檢測,,,安規認證,,,5G/WiFi 7檢測,,,電子新品發表量,,,5G/WiFi 7滲透率,,,檢測實驗室產能,,,消費電子疲弱,,,檢測價格競爭,,,法規變動,,,提供電子產品強制性檢測服務(如NCC/FCC認證)，新技術(WiFi 7)推出是最大動能。
6735,美達科技,上櫃其他電子,I023172,,類比測試設備,混合訊號測試機,,,電源管理IC測試,,,車用晶片測試,,,PMIC測試需求,,,半導體封測擴產,,,電動車晶片測試,,,半導體景氣修正,,,設備大廠(Teradyne)競爭,,,客戶集中度,,,專攻類比與混合訊號IC的測試設備，是美商泰瑞達(Teradyne)的替代方案。
6667,信紘科,上櫃其他電子,J000490|J001470|I023600,,廠務綠色製程,製程機能水,,,化學品供應系統,,,廢液處理,,,台積電擴廠進度,,,綠色製程需求,,,在手訂單金額,,,半導體資本支出縮減,,,工程毛利波動,,,環保法規風險,,,台積電綠色製程的關鍵夥伴，提供機能水與廢液處理系統，受惠ESG趨勢。
6654,天正國際,上櫃其他電子,J000490|I023600,,被動元件設備,被動元件測試包裝機,,,Mini LED設備,,,半導體設備,,,被動元件廠擴產,,,Mini LED滲透率,,,半導體新設備訂單,,,被動元件景氣低迷,,,新設備認證慢,,,單一產業依賴,,,主要做被動元件的後段測包機，近年積極轉型Mini LED與半導體封測設備。
6613,朋億*,上櫃其他電子,I023172|I023600,,廠務設備獲利王,半導體化學品供應系統,,,水氣化系統,,,綠能環保,,,兩岸半導體擴產(台積/中芯),,,在手訂單創新高,,,高現金殖利率,,,中國半導體制裁,,,工程進度延宕,,,客戶資本支出週期,,,聖暉集團的小金雞，專攻高科技廠房的化學品供應系統，獲利能力極強。
6512,啟發電,上櫃其他電子,,,影音視訊設備,影音訊號延長/分配器,,,Pro AV設備,,,KVM,,,歐美廣電/展演需求,,,高階產品佔比,,,毛利率,,,專業影音市場小,,,晶片缺料,,,匯率風險,,,專做專業影音(Pro AV)訊號處理設備，應用在控制室、廣播與展演中心。
6187,萬潤,上櫃其他電子,J000500|J001470|I023172,,CoWoS設備飆股,點膠機,,,貼合機,,,自動化設備,,,台積電CoWoS產能,,,先進封裝設備佔比,,,被動元件設備復甦,,,CoWoS擴產不及,,,股價過熱(高本益比),,,被動元件拖累,,,台積電CoWoS點膠與貼合設備的主力供應商，股價與CoWoS產能擴充消息高度連動。
6151,晉倫,上櫃其他電子,,,工程塑膠,工程塑膠複合材料,,,尼龍/PP/PC粒,,,車用/家電材料,,,車用訂單佔比,,,原料價格(原油),,,中國內需景氣,,,原料價格暴跌(庫存損失),,,同業價格戰,,,匯率波動,,,主要做工程塑膠混練，應用在汽車零組件與家電，獲利隨原料價格與景氣波動。
6146,耕興,上櫃其他電子,,,檢測認證龍頭,EMC/RF強制性檢測,,,5G/WiFi 7檢測,,,網通測試,,,5G/WiFi 7新機種數量,,,檢測市佔率(全球第一),,,毛利率(高標),,,手機/網通新品減少,,,價格競爭壓力,,,新技術標準延遲,,,全球最大的電子產品強制性檢測實驗室，新技術(5G/WiFi 7)越多，檢測費用越貴，獲利越好。
5536,聖暉*,上櫃其他電子,,,無塵室工程王,無塵室機電工程,,,民生/生技工程,,,廠務系統,,,全球半導體擴廠(台灣/東南亞),,,在手訂單規模,,,高殖利率,,,半導體資本支出縮減,,,缺工/原物料上漲,,,工程延宕,,,兩岸無塵室工程龍頭，朋億的母公司，業務分散且獲利極度穩健，是高殖利率定存股。
5493,三聯,上櫃其他電子,I023600,,感測與設備,環境監測(地震/橋梁),,,半導體設備代理,,,工業自動化,,,半導體設備銷售,,,地震防災預算,,,工業感測需求,,,代理權變動,,,公共工程預算縮減,,,半導體景氣,,,代理半導體設備與銷售自有環境感測儀器(地震儀)，業務穩健。
5489,彩富,上櫃其他電子,,,安控與醫療,IP Cam NVR,,,醫療用顯示器,,,PTZ攝影機,,,歐美ODM訂單,,,醫療產品佔比,,,毛利率,,,安控紅海競爭,,,晶片缺料,,,匯率風險,,,技術底子深厚的安控廠，近年積極拓展高毛利的醫療影像與工業檢測鏡頭。
5452,佶優,上櫃其他電子,,,塑料通路,ABS/PC/PS塑膠粒代理,,,環保材料,,,電子材料,,,油價走勢,,,家電/3C需求,,,環保材佔比,,,原料價格波動,,,客戶外移,,,毛利微薄,,,主要代理塑膠原料，供應給家電與3C機殼廠，獲利受油價影響大。
5383,金利,上櫃其他電子,,,散熱與機構,散熱片(均熱片),,,金屬沖壓件,,,半導體導線架,,,健策入主綜效,,,均熱片產能,,,車用訂單,,,轉型陣痛期,,,消費電子疲弱,,,技術升級成本,,,健策入主後積極進行體質調整，導入均熱片與半導體導線架技術，具轉機題材。
4760,勤凱,上櫃其他電子,I023370,,被動元件漿料,導電漿(銀漿/銅漿),,,被動元件材料,,,太陽能漿料,,,被動元件景氣(國巨/華新科),,,AI伺服器電感需求,,,銀價成本,,,被動元件去庫存,,,太陽能漿料競爭,,,貴金屬價格波動,,,台灣被動元件導電漿龍頭，獲利隨被動元件擴產與銀價波動，近年切入AI電感漿料。
4577,達航科技,上櫃其他電子,I023231,,PCB鑽孔設備,雷射鑽孔機,,,鑽孔代工,,,主軸維修,,,PCB/載板擴產,,,雷射鑽孔滲透率,,,代工稼動率,,,PCB景氣下行,,,設備競爭,,,新技術替代,,,PCB機械鑽孔設備大廠，並提供鑽孔代工服務。
4554,橙的,上櫃其他電子,I023680,,胎壓偵測器,TPMS(無線胎壓偵測),,,與米其林合作,,,車用電子,,,歐美雪胎旺季,,,AM市場市佔,,,OEM訂單,,,車市庫存調整,,,匯率波動,,,低價產品競爭,,,專攻TPMS胎壓偵測器，在AM(售後)市場有高市佔，是輪胎大廠米其林的合作夥伴。
3663,鑫科,上櫃其他電子,,,靶材與面板,濺鍍靶材(光碟/面板/半導體),,,貴金屬買賣,,,中鋼集團資源,,,半導體靶材佔比,,,貴金屬價格,,,面板景氣,,,面板需求衰退,,,貴金屬價格波動,,,光碟市場消失,,,中鋼集團成員，主要做面板與光碟用的靶材，近年轉攻半導體靶材。
3628,盈正,上櫃其他電子,,,UPS電源,不斷電系統(UPS),,,太陽能逆變器,,,主動式濾波器,,,半導體/Data Center訂單,,,綠能專案,,,毛利率,,,鉛酸電池成本,,,市場競爭激烈,,,專案延宕,,,專攻工商業用的高階UPS，客戶涵蓋半導體廠與資料中心。
3587,閎康,上櫃其他電子,J000500,,晶片法醫,材料分析(MA),,,故障分析(FA),,,可靠度分析(RA),,,半導體先進製程研發,,,全球實驗室佈局(日本/中國),,,MA營收佔比,,,研發預算縮減(極少發生),,,折舊壓力,,,人才短缺,,,亞洲最大的材料分析(MA)實驗室，台積電研發新製程一定要找它，不受景氣影響的研發剛需股。
3580,友威科,上櫃其他電子,,,乾式設備,濺鍍設備(Sputter),,,蝕刻設備,,,代工服務,,,半導體封裝設備訂單,,,CoWoS/FOPLP需求,,,代工稼動率,,,設備驗收週期,,,景氣波動,,,技術競爭,,,專做乾式真空濺鍍設備，近年切入半導體先進封裝(FOPLP)設備供應鏈。
3552,同致,上櫃其他電子,I023680,,車用感測王,倒車雷達,,,環景系統,,,自動停車,,,中國車市銷量,,,ADAS滲透率,,,新客戶(美系)訂單,,,中國車市殺價,,,晶片缺料,,,技術替代(純視覺vs雷達),,,曾經的車用股王，主攻倒車雷達與環景系統，高度依賴中國車市，正轉型高階ADAS。
3541,西柏,上櫃其他電子,,,專業影音,HDBaseT傳輸設備,,,Pro AV,,,影音分配器,,,歐美會議/醫療需求,,,新產品(4K/8K)滲透,,,毛利率,,,企業縮減支出,,,晶片缺料,,,匯率風險,,,專做高階影音訊號處理，技術實力強，主要市場在歐美。
3508,位速,上櫃其他電子,,,表面處理,手機機殼表面處理,,,太陽能光電,,,其他,,,客戶新機訂單,,,太陽能轉型進度,,,虧損改善,,,手機市場飽和,,,本業長期虧損,,,轉型方向不明,,,昔日宏達電概念股，手機本業沒落後，營運長期低迷，試圖轉型太陽能。
3498,陽程,上櫃其他電子,,,自動化設備,PCB/面板自動化,,,半導體設備,,,物流設備,,,CCL/PCB廠擴產,,,半導體設備訂單,,,自動化需求,,,資本支出縮減,,,設備競爭,,,單一產業波動,,,主要做PCB與面板廠的自動化搬運與製程設備。
3402,漢科,上櫃其他電子,,,廠務整廠輸出,氣體/化學管路工程,,,特殊氣體系統,,,無塵室,,,半導體擴廠(台灣/新加坡),,,在手訂單,,,工程毛利,,,半導體資本支出縮減,,,缺工/成本上升,,,工程延宕,,,漢唐集團成員，專攻高科技廠房的特殊氣體與化學管路工程。
3373,熱映,上櫃其他電子,,,體溫量測,耳溫槍/額溫槍,,,紅外線感測,,,精密量測,,,疫情/流感爆發,,,客戶代工訂單,,,毛利率,,,疫情紅利消退(營收大減),,,市場需求飽和,,,匯率波動,,,全球體溫量測大廠，營運與「疫情/流感」高度相關，平時營運平淡。
3324,雙鴻,上櫃其他電子,J001480,,液冷散熱王,水冷板/CDU,,,伺服器氣冷(3D VC),,,筆電/顯卡散熱,,,AI伺服器液冷滲透率,,,水冷產能擴充,,,Nvidia認證,,,液冷漏水風險,,,同業(奇鋐)競爭,,,銅價成本,,,AI伺服器液冷散熱的技術領先者，從氣冷轉水冷的最大受惠股，享有高本益比。
3303,岱稜,上櫃其他電子,,,燙金膜王,真空蒸鍍燙金膜,,,光學膜,,,環保材料,,,FMCG包裝需求(菸酒/化妝品),,,美國市場市佔,,,原料(PET/樹脂)價格,,,環保法規限制,,,匯率波動,,,原料上漲,,,全球前三大燙金膜廠，產品應用在高級菸酒與化妝品包裝，獲利穩健。
3289,宜特,上櫃其他電子,,,晶片綜合醫院,可靠度分析(RA),,,故障分析(FA),,,材料分析(MA),,,車用/AI晶片研發案量,,,子公司(宜微微)獲利,,,先進封裝檢測,,,研發預算縮減,,,折舊攤提,,,市場競爭,,,電子產品驗證實驗室龍頭，專攻可靠度驗證(RA)，AI與車用晶片越複雜，驗證需求越大。
3285,微端,上櫃其他電子,,,指紋與顯示,指紋辨識模組,,,顯示器模組,,,無線充電,,,專案訂單,,,新技術應用,,,營收規模,,,消費電子疲弱,,,競爭激烈,,,流動性低,,,規模較小的模組廠，產品線較雜。
3219,倚強科,上櫃其他電子,,,自動化與測試,行動裝置測試設備,,,自動化設備,,,5G測試,,,客戶產線擴充,,,5G毫米波測試,,,轉型成效,,,手機市場衰退,,,設備競爭,,,營收波動大,,,主要做手機產線的測試設備，近年營運起伏較大。
3131,弘塑,上櫃其他電子,,,CoWoS濕製程霸主,酸槽設備,,,單晶圓旋轉清洗機,,,化學品配方(添鴻),,,台積電CoWoS產能,,,先進封裝擴產速度,,,半導體資本支出,,,單一客戶(台積)集中,,,產能擴充不及,,,競爭(辛耘),,,台積電CoWoS濕製程設備的獨家或主要供應商，加上子公司添鴻的化學品，是先進封裝擴產的最大贏家。
3093,港建*,上櫃其他電子,,,設備代理老店,PCB/半導體設備代理,,,檢測設備,,,AOI,,,PCB/載板擴產,,,半導體測試需求,,,代理佣金,,,產業景氣循環,,,原廠收回代理,,,代理毛利壓力,,,老牌設備代理商，獲利隨PCB與半導體產業的資本支出週期波動。
3067,全域,上櫃其他電子,,,專業印表機,數位印表機,,,標籤機,,,耗材,,,專用市場需求,,,耗材收入,,,新產品,,,市場規模小,,,競爭激烈,,,流動性不足,,,專攻特殊應用的數位印表機，營運規模小。
1785,光洋科,上櫃其他電子,,,靶材回收王,硬碟/半導體靶材,,,貴金屬回收(精煉),,,工繳(加工費),,,國際金/銀價,,,半導體靶材市佔,,,硬碟市場需求,,,貴金屬價格崩跌,,,經營權之爭(過去),,,硬碟市場萎縮,,,台灣最大的貴金屬回收精煉廠，也是台積電靶材供應商，獲利模式包含「加工費」與「貴金屬價差」。
OTC70,文化創意,上櫃文化創意,,,,,,,,,,,,,,,,,,,,,,,,,,,,,,,
9949,琉園,上櫃文化創意,I099100,,玻璃藝術家,琉璃藝品銷售,,,客製化禮品,,,展覽門票,,,觀光客數量,,,企業送禮預算,,,兩岸據點營收,,,非民生必需品(景氣敏感),,,品牌老化,,,文創人才流失,,,將琉璃工藝與文化結合，但產品屬高價裝飾品，受景氣與企業送禮預算影響極大。
8923,時報,上櫃文化創意,I099070,,傳統媒體求生,出版品銷售,,,廣告收入,,,展覽活動,,,新書暢銷榜,,,數位廣告轉型,,,策展營收,,,紙媒閱讀人口雪崩,,,廣告量移往社群,,,庫存書跌價,,,老牌出版集團，本業紙媒辛苦，現在靠舉辦大型展覽與活動來維持現金流。
8450,霹靂,上櫃文化創意,,,布袋戲IP王,劇集發行(素還真),,,IP授權(遊戲/周邊),,,商品銷售,,,付費會員數,,,電影/劇集收視率,,,IP授權金,,,年輕族群斷層,,,數位轉型成本高,,,中國市場推廣受阻,,,台灣最強的本土IP之一，但面臨主力觀眾高齡化危機，正努力透過電影與NFT轉型。
8446,華研,上櫃文化創意,,,音樂版權包租公,授權金(串流平台),,,演藝經紀(動力火車/林宥嘉),,,演唱會,,,授權金議價能力,,,演唱會場次,,,旗下藝人熱度,,,與串流平台換約風險,,,藝人合約到期,,,中國娛樂禁令,,,擁有龐大的華語流行音樂版權庫(S.H.E時期累積)，躺著收版權費的績優股。
6856,鑫傳,上櫃文化創意,,,地方媒體王,廣告收入,,,衛星電視頻道,,,電商銷售,,,收視戶數,,,廣告單價,,,電商轉換率,,,有線電視剪線潮,,,NCC法規監管,,,媒體碎片化,,,經營地方電視台與衛星頻道(如信吉衛視)，主要客群為長輩，電商與廣告營收穩定。
6596,寬宏藝術,上櫃文化創意,,,展演策劃龍頭,演唱會/音樂劇主辦,,,展覽策劃,,,硬體租賃,,,大型展演場次,,,平均票價,,,售票率,,,疫情/天災取消風險,,,熱門檔期場地難搶,,,權利金成本高,,,台灣主要的演唱會主辦商，解封後展演商機大爆發，獲利隨大型活動檔期波動。
6542,隆中,上櫃文化創意,I023420,,博弈手遊運營,休閒博弈遊戲(角子共玩),,,區域網路博弈,,,遊戲聯運,,,活躍用戶數(DAU),,,每用戶平均收入(ARPU),,,行銷投放投報率,,,博弈法規風險,,,平台抽成提高,,,獲利依賴單一遊戲,,,專攻「休閒博弈」類手遊，營運相對穩定，但成長爆發力不如MMORPG。
6482,弘煜科,上櫃文化創意,I023420,,日系二次元遊戲,遊戲開發(風色幻想),,,IP授權,,,遊戲營運,,,日本市場營收,,,IP聯動活動,,,新遊戲上市,,,過度依賴日本市場,,,開發週期長,,,IP老化,,,深耕日本市場的台灣遊戲廠，畫風偏日系二次元，獲利主要看日本玩家買單程度。
6294,智基,上櫃文化創意,,,公職補習班,公職考試補習(志光),,,函授教材,,,出版,,,公務員報考人數,,,榜單錄取率,,,學費調漲幅度,,,少子化衝擊,,,公務員福利縮減(報考意願降),,,線上課程競爭,,,借殼上市的「志光補習班」，現金流強勁的補教龍頭，但受公務員熱度下降影響。
6180,橘子,上櫃文化創意,I023420,,楓之谷傳奇,遊戲營運(天堂/楓之谷),,,GASH點數,,,電商/支付,,,楓之谷改版熱度,,,天堂M營收,,,GASH金流手續費,,,過度依賴老遊戲,,,原廠(Nexon/NC)續約風險,,,轉投資龐雜,,,靠兩款老遊戲(天堂、新楓之谷)養活整個集團，暑假旺季通常有表現。
6169,昱泉,上櫃文化創意,I023420,,遊戲轉型路,遊戲授權,,,自研遊戲,,,電競相關,,,新遊戲表現,,,IP授權金,,,轉型成效,,,長期虧損,,,競爭力流失,,,流動性風險,,,老牌遊戲廠，近年營運載浮載沉，缺乏強勢主力產品。
6144,得利影,上櫃文化創意,I027011,,影視光碟末路,影音光碟發行(DVD/BD),,,餐飲(蔦屋書店),,,周邊商品,,,蔦屋書店營收,,,光碟發行量,,,轉型進度,,,串流媒體取代實體,,,實體店租金壓力,,,本業無獲利,,,光碟本業已死，現在靠代理經營「TSUTAYA BOOKSTORE」(蔦屋書店)維持能見度。
6111,大宇資,上櫃文化創意,I023420,,賣IP求生,遊戲IP授權(仙劍/軒轅劍),,,資安/第三方支付(併購),,,綠能,,,IP處分利益,,,新事業營收,,,轉投資損益,,,本業遊戲虧損,,,轉型跨度過大(電子/綠能),,,IP賣完後的空窗,,,昔日國產遊戲龍頭，近年頻繁併購與處分資產，已轉型為控股公司色彩。
6101,寬魚國際,上櫃文化創意,,,巨星演唱會,演唱會主辦(蔡依林/王力宏),,,藝人經紀,,,電影發行,,,演唱會場次,,,藝人簽約狀況,,,票房收入,,,高度依賴特定藝人,,,活動檔期不穩,,,娛樂圈醜聞風險,,,邱瓈寬領軍，掌握天王天后級藝人資源，股價隨大型演唱會消息劇烈波動。
5478,智冠,上櫃文化創意,I023420,,遊戲點數王,MyCard點數,,,遊戲營運(網龍),,,金融科技(藍新),,,遊戲儲值總額,,,藍新科技IPO進度,,,行銷廣告收入,,,經營權之爭(網銀),,,第三方支付競爭,,,代理權變動,,,台灣遊戲業的「央行」(MyCard市佔極高)，加上子公司藍新科技的金流題材，獲利穩健。
5263,智崴,上櫃文化創意,,,體感設備王,飛行劇院設備,,,遊樂園設計,,,自營據點,,,全球主題樂園資本支出,,,在手訂單金額,,,缺料/運費狀況,,,歐美經濟衰退,,,專案驗收延宕,,,應收帳款風險,,,全球最大的飛行劇院供應商，客戶包含迪士尼與樂高樂園，疫後復甦概念股。
4946,辣椒,上櫃文化創意,,,遊戲代理商,線上遊戲營運,,,手遊代理,,,轉投資,,,新遊戲上市,,,代理權利金,,,月營收波動,,,代理遊戲生命週期短,,,原廠收回營運權,,,長期虧損,,,主要做遊戲代理，營運起伏大，近年缺乏爆發性大作。
4806,昇華,上櫃文化創意,,,劇集製作(停牌),電視劇製作,,,藝人經紀,,,劇本開發,,,財報簽核,,,復牌進度,,,新戲開拍,,,長期財報難產,,,停止交易/下市風險,,,營運停擺,,,曾是電視劇製作大廠，因財務問題已長期停止交易，極高風險。
3629,地心引力,上櫃文化創意,,,遊戲與博弈,遊戲營運,,,行銷代操,,,其他,,,營收來源,,,轉型計畫,,,獲利狀況,,,業務變動頻繁,,,本業無核心競爭力,,,流動性風險,,,業務內容多次變更，目前以遊戲營運與行銷為主，股性投機。
3546,宇峻,上櫃文化創意,,,博弈手遊大戶,休閒博弈(拉斯維加斯),,,MMORPG(三國群英傳),,,IP授權,,,海外市場營收,,,新遊戲留存率,,,寒暑假旺季,,,博弈法規變動,,,行銷費用高漲,,,老遊戲營收下滑,,,博弈手遊貢獻穩定現金流，自研IP(三國群英傳)有一定號召力。
3293,鈊象,上櫃文化創意,,,博弈股王,授權金(美國/東南亞),,,手遊(明星三缺一),,,商用機台,,,每月營收創新高,,,海外授權佔比,,,現金股利,,,博弈法規(台灣/美國),,,海外代理商風險,,,估值過高,,,台灣遊戲股王，靠美國授權金與東南亞市場大賺，毛利高到嚇人，是真正的印鈔機。
3086,華義,上櫃文化創意,,,遊戲轉運站,遊戲營運,,,電競隊伍,,,聯運平台,,,新代理遊戲表現,,,商城營收,,,與網銀國際關係,,,代理權風險,,,營收規模小,,,市場競爭,,,背後有網銀國際支持，主要做遊戲聯運與代理，股性活潑。
3083,網龍,上櫃文化創意,,,國產MMO研發,自研遊戲(黃易/吞食天地),,,IP授權,,,博弈遊戲研發,,,新品上市時程,,,老遊戲懷舊版營收,,,智冠集團資源,,,研發週期長且燒錢,,,新品失敗風險,,,人才流失,,,智冠子公司，專注於MMORPG研發，近年靠老IP翻新(手遊化)維持獲利。
2926,誠品生活,上櫃文化創意,I027011|I027014,,文青百貨,商場通路(生活),,,書店,,,旅館/餐飲,,,新店裕隆城營收,,,觀光客人流,,,電商虧損收斂,,,實體書店毛利低,,,展店租金壓力,,,電商投資燒錢,,,書店是招牌，賺錢靠「二房東」商場經營，新店裕隆城大店是近期獲利關鍵。
OTC73,綠能環保,上櫃綠能環保,,,,,,,,,,,,,,,,,,,,,,,,,,,,,,,
8440,綠電,上櫃綠能環保,J001380|I099022,,家電回收王,廢家電回收,,,廢銅/廢鐵銷售,,,塑膠再生,,,國際銅價/鐵價,,,家電報廢量,,,回收補貼費率,,,金屬價格崩跌,,,回收料源不足,,,環保法規變動,,,台灣最大的廢家電回收處理廠，獲利與國際金屬價格高度連動。
8423,保綠-KY,上櫃綠能環保,,,再生膠粒,再生橡膠粉/粒,,,橡膠地墊,,,跑道材料,,,輪胎報廢量,,,原油價格(替代效應),,,產能利用率,,,油價下跌(原生膠變便宜),,,環保法規成本,,,匯率風險,,,位於馬來西亞，回收廢輪胎做成再生膠，受惠於ESG與循環經濟趨勢。
8390,金益鼎,上櫃綠能環保,J001380,,PCB回收煉金,貴金屬回收(金/銅),,,電子廢棄物處理,,,太陽能板回收,,,國際金價/銅價,,,PCB廠稼動率,,,處理費收入,,,金屬價格暴跌,,,料源競爭,,,工安環保風險,,,專門幫PCB廠處理廢料並提煉黃金與銅，獲利直接連動金價與銅價。
8171,天宇,上櫃綠能環保,I015030,,電池組裝代工,儲能電池櫃,,,電池模組,,,電動機車電池,,,儲能訂單出貨,,,產能利用率,,,毛利率,,,儲能政策變動,,,客戶集中度,,,電池芯成本,,,主要做電池模組代工與儲能櫃組裝，近年積極切入儲能市場。
8087,華鎂鑫,上櫃綠能環保,I023130,,光碟轉綠能,太陽能電廠工程(EPC),,,綠能資產管理,,,光碟(已停),,,太陽能案場完工量,,,電費收入,,,轉型成效,,,工程進度延宕,,,綠能政策風險,,,新業務競爭,,,前身是光碟廠，現已完全轉型為綠能開發與EPC工程公司。
6894,衛司特,上櫃綠能環保,,,電鍍液回收,銅金屬回收服務(BOO),,,電解設備,,,金屬銷售,,,半導體/PCB廠稼動率,,,銅價走勢,,,裝機數量,,,客戶產能利用率下滑,,,銅價崩跌,,,單一金屬依賴,,,獨創「廠中廠」模式，幫科技廠回收電鍍液中的銅，賺取服務費與金屬分成，毛利極高。
6803,崑鼎,上櫃綠能環保,,,環保定存股,焚化爐操作(BOT),,,太陽能/回收,,,廢棄物清運,,,垃圾處理量,,,售電價格,,,現金股利,,,焚化爐合約到期,,,電價調降風險,,,新案取得難度,,,中鼎集團子公司，主要經營焚化爐，獲利與配息像債券一樣穩定，防禦型首選。
6692,進能服,上櫃綠能環保,I023130,,太陽能工程,太陽能EPC,,,維運服務,,,儲能工程,,,案場完工MW數,,,標案毛利,,,台電饋線容量,,,土地取得困難,,,原物料上漲,,,政策變動,,,專攻太陽能與儲能系統的EPC工程服務。
6624,萬年清,上櫃綠能環保,,,廢水處理專家,工業廢水處理工程,,,水回收系統,,,設備銷售,,,越南/台灣建廠專案,,,半導體/傳產訂單,,,工程入帳進度,,,客戶擴廠放緩,,,工程延宕,,,原料成本,,,主要做高難度的工業廢水處理，受惠於越南建廠潮與環保法規趨嚴。
5205,中茂,上櫃綠能環保,,,園藝轉生技,廢棄物處理(舊業),,,園藝綠化,,,生技檢測,,,營收規模,,,新事業成效,,,財務體質,,,轉型方向不明,,,長期虧損,,,全額交割風險,,,業務變動頻繁，目前主要項目較雜，缺乏核心獲利引擎。
3713,新晶投控,上櫃綠能環保,,,太陽能電廠,太陽能電廠營運,,,EPC工程,,,模組銷售,,,自有電廠發電量,,,日照時數,,,躉購費率,,,饋線不足,,,政策風險,,,氣候影響發電,,,控股公司架構，主要收益來自旗下太陽能電廠的售電收入。
3551,世禾,上櫃綠能環保,,,設備清洗王,半導體/面板設備清洗,,,零件再生,,,表面處理,,,台積電/面板廠產能,,,先進製程清洗需求,,,中國廠營運,,,半導體稼動率下滑,,,客戶殺價壓力,,,環保成本,,,台灣設備清洗龍頭，半導體與面板製程越髒、越精密，清洗需求越大。
3073,天方能源,上櫃綠能環保,,,綠能維運,太陽能電廠維運,,,綠能開發,,,精密加工(舊業),,,維運案場量,,,發電收入,,,轉型成效,,,本業獲利微薄,,,電廠規模小,,,財務風險,,,前身是凱柏實業，轉型做再生能源維運與開發，規模尚小。
6578,達邦蛋白,上櫃農科技,,,水解蛋白王,水解黃豆蛋白(飼料),,,益生菌,,,寵物食品原料,,,黃豆期貨價格,,,養殖業景氣,,,越南廠產能,,,原料暴漲無法轉嫁,,,非洲豬瘟/禽流感,,,匯率波動,,,利用水解技術將黃豆變成高階飼料蛋白，主要市場在亞洲養殖業。
6508,惠光,上櫃農科技,,,農藥與地工,植物保護劑(農藥),,,地工合成材料(防漏膜),,,外銷市場,,,南半球農耕需求,,,掩埋場/礦業訂單,,,原油/化學品價格,,,氣候異常(旱澇),,,原料上漲,,,匯率風險(南美/新興市場),,,雙引擎：農藥(南美/東南亞)與地工膜(掩埋場/水利工程)，高殖利率常客。
4171,瑞基,上櫃農科技,,,現場檢測王,核酸檢測設備(POCKIT),,,試劑,,,動物/水產檢測,,,畜產/水產檢測需求,,,新產品(人體檢測)認證,,,標案訂單,,,疫情紅利消退,,,養殖業景氣,,,競爭者切入,,,專攻「現場檢測(POCT)」設備，在畜牧與水產養殖防疫有高市佔。
1240,茂生農經,上櫃農科技,I012010,,飼料一條龍,飼料生產,,,蛋雞/豬隻養殖,,,洗選蛋,,,黃豆/玉米價格,,,蛋價/肉價,,,洗選蛋銷量,,,原物料成本暴漲,,,禽流感疫情,,,食安法規,,,老牌飼料廠，近年垂直整合養雞與洗選蛋，獲利隨蛋價與飼料成本波動。
OTC74,數位雲端,上櫃數位雲端,,,,,,,,,,,,,,,,,,,,,,,,,,,,,,,
8477,創業家,上櫃數位雲端,I023660,,電商紅海,生活市集,,,松果購物,,,團購模式,,,GMV(成交總額),,,毛利率,,,活躍會員數,,,大型電商(momo/酷澎)夾殺,,,廣告成本高漲,,,營收持續衰退,,,主打價格戰的電商平台，在巨頭夾殺下生存空間受限，正尋求差異化。
8472,夠麻吉,上櫃數位雲端,I023660|I027014,,團購券始祖,餐券/旅遊券(GOMAJI),,,點數回饋,,,餐廳訂位,,,餐飲業景氣,,,活躍用戶數,,,APP交易額,,,疫情影響內用,,,店家合作意願,,,競品(Klook/EZTABLE),,,台灣最大的團購券平台，轉型為吃喝玩樂的預訂平台，獲利穩定但成長趨緩。
8044,網家,上櫃數位雲端,,,電商落難王,PChome購物,,,商店街,,,金融科技,,,虧損收斂狀況,,,A7物流中心效益,,,金融科技獲利,,,持續虧損,,,momo/酷澎強勢競爭,,,使用者介面老化,,,昔日電商霸主，因物流與介面革新緩慢，市佔被momo大幅瓜分，正處於痛苦的轉型期。
6870,騰雲,上櫃數位雲端,,,新零售AI,零售雲端系統,,,無人商店解決方案,,,數位轉型顧問,,,海內外大型商場案量,,,SaaS營收佔比,,,AI應用落地,,,人力成本上升,,,海外擴張風險,,,零售業景氣,,,專幫百貨商場做數位轉型(如APP、支付整合)，客戶包含新光三越与海外商場。
6811,宏碁資訊,上櫃數位雲端,I023330,,雲端軍火商,微軟Azure代理,,,雲端加值服務,,,軟體授權,,,企業上雲預算,,,微軟授權營收,,,AI專案佔比,,,微軟政策變動,,,雲端價格戰,,,人力短缺,,,「最懂微軟的供應商」，企業上雲與AI轉型的一站式服務商，獲利隨微軟生態系成長。
6763,綠界科技,上櫃數位雲端,,,支付閘道王,第三方支付(EC),,,金流手續費,,,物流整合,,,電商交易總額(GMV),,,新會員註冊數,,,手續費率,,,電商成長趨緩,,,競爭者(Line Pay/藍新)切入,,,法規監管,,,台灣中小型電商一定要用的金流支付閘道，市佔率極高，獲利驚人。
6741,91APP*-KY,上櫃數位雲端,,,零售SaaS王,OMO開店系統(APP+官網),,,數據分析,,,電商代營運,,,D2C品牌客戶數,,,GMV成長率,,,經常性收入(ARR),,,高本益比修正,,,零售消費疲弱,,,大型品牌自建系統,,,幫助實體品牌(如全家、寶雅)做電商APP與官網，賺取系統費與交易抽成。
6690,安碁資訊,上櫃數位雲端,,,資安守門員,資安監控(SOC),,,資安檢測,,,顧問服務,,,政府/金融標案,,,資安事件頻率,,,訂閱制營收,,,駭客攻擊演變快,,,資安人才短缺,,,標案價格競爭,,,宏碁子公司，國內SOC資安監控龍頭，政府與金融業是最大客戶。
5321,美而快,上櫃數位雲端,,,網紅電商,服飾品牌(PAZZO/MEIER.Q),,,網紅品牌孵化,,,直播電商,,,網紅品牌銷量,,,實體店坪效,,,直播轉換率,,,網紅人設翻車風險,,,服飾庫存管理,,,廣告成本,,,從PAZZO起家，現在專做「網紅流量變現」，孵化多個網紅服飾品牌。
5287,數字,上櫃數位雲端,,,生活網路包租公,591房屋交易(刊登費),,,8591寶物交易(手續費),,,8891汽車交易(廣告),,,房市/車市交易熱度,,,各平台活躍會員數,,,新創平台(Tasker/小雞)營收,,,房市打房政策(影響591),,,收費調漲遭用戶抵制,,,免費社群(FB/Line)競爭,,,台灣最大的分類廣告集團，壟斷了食衣住行的資訊入口，現金流超強，但營收成長高度連動房市景氣。
5278,尚凡,上櫃數位雲端,,,交友軟體王,iPair/愛情公寓,,,生技(大研生醫),,,房地產,,,直播打賞收入,,,保健品銷量,,,活躍用戶數,,,直播主跳槽,,,保健品廣告法規,,,交友軟體競爭,,,本業是交友軟體，近年靠「大研生醫」魚油等保健品銷售帶來巨大獲利。
3687,歐買尬,上櫃數位雲端,,,遊戲與支付,遊戲營運,,,第三方支付(綠界母公司),,,電子支付(歐付寶),,,綠界科技股利,,,新遊戲營收,,,歐付寶虧損狀況,,,本業遊戲老化,,,轉投資波動,,,電子支付燒錢,,,本業遊戲平平，最大價值在於持有「綠界科技」的股權與股利收入。
3085,新零售,上櫃數位雲端,I026040,,服飾轉型,服飾電商(Toki Choi),,,品牌授權,,,團購,,,新業務營收,,,虧損改善,,,每股淨值,,,品牌競爭力弱,,,長期虧損,,,全額交割風險,,,前身是東京著衣，經歷經營權風暴與品牌沒落，目前營運仍辛苦。
2949,欣新網,上櫃數位雲端,,,電商代營運,電商代營運(嬌生/New Balance),,,數位行銷,,,物流服務,,,代營運品牌GMV,,,廣告投放效率,,,物流配送量,,,電商成長放緩,,,品牌收回自營,,,廣告成本上升,,,新竹物流關聯企業，幫大品牌在momo/蝦皮開店與操盤廣告，賺取服務費與價差。
2640,大車隊,上櫃數位雲端,,,計程車龍頭,計程車媒合,,,廣告媒體,,,生活服務(洗衣/快遞),,,叫車任務數,,,APP會員數,,,廣告收入,,,Uber競爭,,,司機招募困難,,,油價/人事成本,,,台灣計程車霸主，不僅賺叫車媒合，車身廣告與生活服務(洗衣)也是重要獲利來源。
OTC76,居家生活,上櫃居家生活,,,,,,,,,,,,,,,,,,,,,,,,,,,,,,,
8941,關中,上櫃居家生活,,,戶外烤肉王,瓦斯烤肉架(ODM/自有品牌),,,暖爐,,,戶外家具,,,美國房市/修繕,,,自有品牌營收,,,瓦斯開關零件,,,美國消費力衰退,,,庫存去化,,,海運運費,,,主攻美國中高端戶外烤肉爐市場，自有品牌Grandhall與通路Barbeques Galore是獲利關鍵。
8433,弘帆,上櫃居家生活,I027014,,髮飾代工后,髮飾/梳鏡,,,美妝用品,,,客製化飾品,,,歐美平價時尚(Primark/Forever21)訂單,,,自動化生產,,,匯率,,,快時尚庫存調整,,,中國工資上漲,,,單一品項風險,,,全球最大的髮飾代工廠，你在H&M或大賣場看到的髮圈，很可能都是它做的。
8066,來思達,上櫃居家生活,,,家具貿易商,家具品牌(Lifestyle),,,沙發/木器,,,貿易代理,,,美國家具展訂單,,,海運運費,,,匯率,,,美國房市低迷,,,庫存管理風險,,,行銷費用高,,,採「零庫存」貿易模式，主攻全球家具批發，獲利受美國房市與運費波動影響。
6728,上洋,上櫃居家生活,I015040,,商用洗衣王,商用洗衣服務(投幣式),,,家電代理(三菱重工),,,空調銷售,,,大專院校/醫院標案,,,空調銷售量,,,洗衣次數,,,氣候(冷氣需求),,,標案續約風險,,,房市景氣(家電),,,全台大專院校宿舍洗衣房的霸主，並代理三菱重工空調，營運穩健。
6629,泰金-KY,上櫃居家生活,,,家飾鑄件王,家具五金(把手/掛鉤),,,衛浴鑄件,,,金屬裝飾,,,IKEA/Home Depot訂單,,,鋅/鋁價走勢,,,美國房市修繕,,,金屬價格暴漲,,,房市急凍,,,匯率風險,,,位於泰國的家具五金廠，IKEA與美系居家賣場是主要客戶，高殖利率概念。
6616,特昇-KY,上櫃居家生活,,,美式木家具,臥室家具,,,廚房櫥櫃,,,木製家具,,,美國房市新屋開工,,,木材原料價格,,,越南產能,,,美國對越關稅,,,房市衰退,,,海運成本,,,位於馬來西亞，專做美式木製家具出口，與美國房市景氣高度連動。
6195,詩肯,上櫃居家生活,I027014,,柚木家具王,詩肯柚木(Scantech),,,詩肯居家(皮沙發),,,家具零售,,,台灣房市交易量,,,展店/移店效益,,,平均客單價,,,房市打房政策,,,進口運費成本,,,租金壓力,,,台灣最大的連鎖家具品牌，主打柚木家具，營運隨房市交屋潮波動。
5904,寶雅,上櫃居家生活,I027014,,美妝雜貨王,美妝/生活雜貨,,,五金百貨(寶家),,,體驗式零售,,,同店營收成長(SSSG),,,展店速度,,,寶家轉型效益,,,內需消費疲弱,,,電商競爭,,,租金/人力成本,,,台灣美妝生活雜貨霸主，展店能力強，獲利與配息長期成長，是內需股王。
5903,全家,上櫃居家生活,I027014,,超商創新王,便利商店,,,鮮食/咖啡,,,電子支付(全盈+PAY),,,同店銷售成長,,,鮮食佔比,,,霜淇淋/咖啡銷量,,,基本工資調漲,,,電費成本,,,市場飽和,,,台灣超商老二，但在鮮食與數位會員經營上創新力強，獲利穩健。
5902,德記,上櫃居家生活,I012020|I027014,,飲品與貿易,開喜烏龍茶,,,泰山/洋酒代理,,,食品貿易,,,統一集團資源,,,代理線銷售,,,夏季飲料旺季,,,食安法規,,,代理權變動,,,原物料成本,,,統一集團成員，除了自有品牌開喜烏龍茶，主要靠代理酒類與食品獲利。
4702,中美實,上櫃居家生活,I022010,,轉型貿易,化學品貿易,,,營建,,,其他,,,建案入帳,,,貿易營收,,,轉型計畫,,,本業無特色,,,營建收入波動,,,流動性風險,,,業務較雜，包含化工貿易與營建，缺乏核心成長動能。
4609,唐鋒,上櫃居家生活,,,小家電代工,廚房家電,,,風扇,,,電暖器,,,歐美訂單,,,原物料價格,,,匯率,,,中國產能競爭,,,消費電子疲弱,,,流動性低,,,老牌小家電代工廠，營運規模小，受成本與匯率影響大。
3171,新洲,上櫃居家生活,,,包材通路,包裝材料(膠帶/膜),,,雲端服務(嘗試),,,炎洲集團資源,,,工業/電子業訂單,,,原物料價格,,,電子業景氣,,,原料波動,,,市場競爭,,,集團策略,,,炎洲集團旗下包材通路商，客戶涵蓋電子與傳產製造業。
2948,寶陞,上櫃居家生活,I027014,,美式地板,SPC石塑地板,,,實木複合地板,,,建材通路,,,美國房市修繕,,,德州/佛州銷售,,,庫存水位,,,美國高利率(房市冷),,,關稅風險,,,海運運費,,,專攻美國地板市場的台商，採「直營通路」模式，獲利能力優於純代工廠。
2947,振宇五金,上櫃居家生活,I027014,,專業五金超,專業五金,,,DIY工具,,,建材塗料,,,展店速度,,,會員數(師傅客群),,,同店營收,,,水電師傅需求,,,租金/人力成本,,,大型賣場競爭,,,主打「專業師傅」客群的五金連鎖店，與特力屋做出區隔，持續展店中。
2937,集雅社,上櫃居家生活,,,百貨家電王,百貨專櫃家電,,,音響,,,影音工程,,,百貨周年慶買氣,,,高階家電銷量,,,展店數,,,百貨抽成壓力,,,電商競爭,,,房市低迷,,,專攻百貨通路的高階家電與音響銷售，受惠於百貨集客力與高端消費。
2924,宏太-KY,上櫃居家生活,,,成衣代工,休閒服飾,,,運動服,,,布料貿易,,,客戶訂單(Gap/Uniqlo),,,越南產能,,,棉價,,,消費力道減弱,,,客戶庫存調整,,,人工成本,,,小型成衣代工廠，營運規模較小。
2916,滿心,上櫃居家生活,I014030,,日系服飾代理,服飾品牌(Munsingwear/Le Coq Sportif),,,企鵝牌,,,公雞牌,,,百貨周年慶,,,代理品牌熱度,,,日圓匯率,,,品牌老化,,,代理權風險,,,百貨景氣,,,專做日系高爾夫與休閒服飾代理，獲利穩定，高殖利率概念。
OTC89,其他,上櫃其他,,,,,,,,,,,,,,,,,,,,,,,,,,,,,,,
1584,精剛,上櫃其他,,,鈦合金專家,鈦合金素材,,,鎳基合金,,,特殊鋼,,,航太/國防訂單,,,半導體設備需求,,,鎳/鈦價格,,,原料價格劇烈波動,,,航太認證失效,,,台鋼集團策略,,,台鋼集團成員，專做高階鈦合金與鎳基合金，應用在飛機、飛彈與油氣探勘。
2221,大甲,上櫃其他,J000350|I020010,,不鏽鋼管件,化工/半導體管件,,,潔淨級管件,,,焊接元件,,,台積電/化工廠擴產,,,半導體級管件佔比,,,鎳價,,,半導體資本支出縮減,,,原料成本,,,同業競爭,,,台灣最大的不鏽鋼焊接管件廠，受惠於半導體與化工廠的建廠需求。
3284,太普高,上櫃其他,,,印刷版材,CTP版,,,PS版,,,房地產(轉型),,,印刷業景氣,,,鋁價成本,,,建案銷售,,,數位化取代印刷,,,原料波動,,,轉型風險,,,本業印刷版材萎縮，近年跨足房地產開發試圖轉型。
3313,斐成,上櫃其他,I025020,,被動轉養殖,被動元件(舊業),,,肉品/水產養殖(轉型),,,營建,,,新事業營收,,,轉型成效,,,流動性,,,業務變動頻繁,,,本業無競爭力,,,投機色彩濃,,,國巨集團釋出後，經營權變動，目前轉型做肉品養殖與營建，業務較雜。
4154,樂威科-KY,上櫃其他,,,醫材與貿易,醫療護具,,,骨科復健器材,,,電子商務,,,歐美訂單,,,新產品認證,,,匯率,,,市場競爭,,,原料價格,,,營收波動,,,主要做醫療護具與復健器材的代工與銷售。
4430,耀億,上櫃其他,,,球拍線王,球拍線/釣魚線,,,不織布(車用/濾材),,,女性內衣模杯,,,羽球/網球運動風氣,,,車用訂單,,,原料(尼龍)價格,,,消費力道減弱,,,匯率波動,,,原料上漲,,,全球球拍線大廠，並跨足車用不織布與內衣材料，產品線多元。
4529,淳紳,上櫃其他,,,電動車夢股,電動車研發(Thunder Power),,,專利授權,,,電池包,,,量產進度,,,資金籌措,,,財報狀況,,,量產跳票,,,財務危機,,,全額交割/下市風險,,,著名的電動車爭議股，多年來只有原型車與新聞，缺乏實質營收與獲利，極高風險。
4541,晟田,上櫃其他,J001450,,航太零件工,飛機起落架零件,,,引擎零件,,,半導體設備零件,,,波音/空巴交機量,,,半導體設備訂單,,,匯率,,,航太復甦不如預期,,,人力短缺,,,原物料成本,,,漢翔供應鏈，專做航太與半導體設備的精密機械加工。
4556,旭然,上櫃其他,,,液體過濾王,工業液體過濾設備,,,濾心/濾袋,,,再生水系統,,,半導體/海水淡化標案,,,耗材更換需求,,,越南新廠,,,客戶資本支出縮減,,,標案延宕,,,原物料價格,,,提供工業液體過濾解決方案，半導體與再生水廠都需要用到它的濾心與設備。
5209,新鼎,上櫃其他,I023330,,中鼎資服,系統整合,,,儀控系統,,,智慧製造,,,中鼎集團資源,,,工程標案進度,,,毛利率,,,工程延宕,,,景氣循環,,,人力成本,,,中鼎集團子公司，專攻工廠自動化與儀控系統整合。
5276,達輝-KY,上櫃其他,,,嬰幼兒用品,嬰兒車/汽座,,,機車線束,,,醫療護具,,,歐美出生率,,,主要客戶訂單,,,匯率,,,消費力道減弱,,,少子化衝擊,,,原物料成本,,,主要做嬰兒車與汽座代工，受全球少子化與消費不振影響大。
5345,天揚,上櫃其他,I015030,,居家控制,電源開關,,,居家智能控制,,,電容(舊業),,,建案訂單,,,新產品推廣,,,轉型成效,,,市場競爭激烈,,,營收規模小,,,流動性低,,,從被動元件轉型做居家智能電源開關，但營運規模仍小。
5398,慕康生醫,上櫃其他,,,醫藥通路,藥品/保健品銷售,,,醫療耗材,,,物流,,,健保藥價調整,,,代理線營收,,,新產品,,,市場競爭,,,法規風險,,,流動性低,,,原名力瑋，轉型做醫藥通路與保健品銷售。
5450,南良,上櫃其他,,,高分子複合材,潛水衣材料,,,防護用品材料,,,特殊紡織品,,,戶外運動/工安需求,,,特殊材料佔比,,,油價(原料),,,消費緊縮,,,原料波動,,,匯率風險,,,台南幫成員，專做高功能性的複合材料，如潛水衣、防彈背心材料，利基型產業。
5481,新華,上櫃其他,,,補教轉型,補習班(龍櫻/泛亞),,,教育服務,,,餐飲,,,招生人數,,,少子化程度,,,轉型計畫,,,少子化衝擊,,,本業競爭力弱,,,業務變動,,,原名華偉，經營補教事業，受少子化影響大。
5530,龍巖,上櫃其他,,,殯葬龍頭,塔位銷售,,,禮儀服務,,,營建投資,,,塔位完工入帳,,,死亡人口(剛需),,,投資收益,,,殯葬法規,,,投資波動,,,土地開發進度,,,台灣殯葬業霸主，獲利來自塔位銷售與龐大的投資收益，是另類的資產與金融股。
5604,中連,上櫃其他,I025030,,貨運轉租賃,不動產租賃,,,貨運(已縮編),,,加油站,,,租金收入,,,加油站營收,,,資產活化,,,本業貨運已退出,,,租金成長有限,,,流動性低,,,退出貨運本業後，轉型為資產管理公司，靠收租與加油站獲利，獲利穩定但無成長。
6179,亞通,上櫃其他,I025020,,電廠工程,海外電廠工程(菲律賓),,,海水冷卻系統,,,環保工程,,,菲律賓基建進度,,,標案入帳金額,,,工程毛利,,,海外施工風險,,,原物料上漲,,,匯率波動,,,專攻東南亞(菲律賓)的電廠海水冷卻工程，受惠當地基礎建設需求。
6199,天品,上櫃其他,,,基督徒殯葬,塔位銷售(基督徒專屬),,,禮儀服務,,,營建,,,塔位銷售量,,,宗教市場滲透,,,新墓園開發,,,市場規模受限(特定宗教),,,法規風險,,,流動性低,,,專攻「基督徒」的小眾殯葬市場，與龍巖做出區隔。
6236,中湛,上櫃其他,I017060,,電子轉貿易,電子零組件,,,貿易,,,酒精/生技,,,新業務營收,,,獲利能力,,,轉型計畫,,,業務雜亂,,,本業無競爭力,,,流動性風險,,,原名康普，業務多次轉型，目前以貿易為主。
6240,松崗,上櫃其他,I023330|I025030,,遊戲轉資產,資產租賃,,,遊戲營運(極少),,,雲端服務,,,租金收益,,,資產價值,,,轉型成效,,,本業遊戲沒落,,,營收規模極小,,,全額交割風險,,,昔日遊戲股，現在主要靠資產出租維持營運，業績平淡。
6721,信實,上櫃其他,,,清潔保全王,物業清潔(桃機/高鐵),,,保全,,,機電維護,,,標案續約率,,,缺工狀況,,,最低工資調漲,,,人力成本暴增,,,標案價格競爭,,,疫情影響(機場案),,,台灣最大的物業清潔公司，掃廁所也能掃到掛牌，但受基本工資調漲衝擊毛利。
6904,伯鑫,上櫃其他,J000410,,工業級扳手,活動扳手,,,絕緣扳手,,,數位扳手,,,歐美工業需求,,,ODM訂單,,,金屬價格,,,自動化取代手工具,,,客戶去庫存,,,匯率風險,,,全球活動扳手大廠，專攻工業級高階產品，獲利能力優於一般手工具廠。
8342,益張,上櫃其他,,,商用展示架,金屬置物架,,,展示架(賣場/倉儲),,,醫療推車,,,歐美零售業展店,,,鋼價走勢,,,自動化生產,,,鋼價上漲,,,歐美消費衰退,,,匯率波動,,,專做金屬展示架與置物架，客戶為歐美大型賣場與倉儲，獲利穩健。
8354,冠好,上櫃其他,,,特殊標籤,自黏標籤,,,特殊膠帶,,,電子膠帶,,,物流/零售需求,,,原物料(紙/膠)價格,,,客製化訂單,,,原料成本上漲,,,市場競爭,,,電子業景氣,,,專做特殊自黏標籤，應用在物流、醫療與電子業，獲利穩定。
8401,白紗科,上櫃其他,,,合版印刷,名片/喜帖/型錄印刷,,,紙盒,,,餐飲印刷,,,紙漿價格,,,選舉/商業活動需求,,,自動化程度,,,無紙化趨勢,,,原料上漲,,,價格競爭,,,台灣合版印刷龍頭，規模經濟大，獲利受紙價與商業活動熱度影響。
8421,旭源,上櫃其他,,,包裝設備,熱縮膜標籤,,,套標機,,,積層袋,,,飲料食品業需求,,,新產線(巴西/印尼),,,原料價格,,,塑膠環保法規,,,新興市場匯率,,,原料成本,,,提供「標籤+設備」的一條龍服務，食品飲料業是主要客戶。
8426,紅木-KY,上櫃其他,I025020,,精品裝潢王,精品店裝潢(LV/Hermes),,,客製化家具,,,金屬/木作工程,,,全球精品展店數,,,東南亞產能,,,原物料價格,,,精品業景氣下滑,,,人工成本,,,匯率風險,,,專做國際精品名牌(LV Gucci)的店面裝潢，工藝要求高，是精品供應鏈的一環。
8435,鉅邁,上櫃其他,J001380,,工業水醫生,工業水處理藥劑,,,技術服務,,,設備,,,鋼鐵/石化/半導體稼動率,,,中國市場營收,,,新客戶開發,,,客戶產能利用率下滑,,,原料成本,,,同業競爭,,,提供工業冷卻水處理藥劑與服務，獲利隨客戶(如中鋼、台塑)的產能利用率波動。
8437,大地-KY,上櫃其他,,,幼教包租公,幼兒園顧問,,,教材銷售,,,軟體授權,,,中國新生兒數量,,,幼兒園加盟數,,,政策法規(中國),,,中國少子化,,,補教法規打壓,,,收款風險,,,主要市場在中國，提供幼兒園顧問與教材，受中國少子化與政策監管影響極大。
8444,綠河-KY,上櫃其他,,,泰國塑合板,塑合板(家具原料),,,實木板,,,橡膠木資源,,,橡膠木價格,,,家具市場需求,,,產能利用率,,,房市衰退(家具需求減),,,匯率(泰銖),,,海運成本,,,位於泰國，利用橡膠木回收製成塑合板，是家具業的上游原料廠。
8489,三貝德,上櫃其他,I099080,,數位補教,線上課程(升學王),,,實體補習班,,,家教媒合,,,學生人數,,,數位教材銷量,,,實體據點擴張,,,少子化,,,行銷成本高,,,課綱變動,,,主打K12升學數位教材，近年積極併購實體補習班進行O2O整合。
8905,裕國,上櫃其他,I012020,,冷凍倉儲,冷凍冷藏倉儲,,,肉品買賣,,,營建,,,肉品進口量,,,冷凍庫出租率,,,建案入帳,,,肉價波動,,,食安問題,,,家族經營權紛爭,,,擁有大型冷凍倉儲，主要賺租金與肉品買賣價差，偶有建案入帳。
8906,花王,上櫃其他,,,印刷轉型,商業印刷,,,資產開發,,,投資,,,印刷需求,,,資產活化進度,,,新業務,,,本業萎縮,,,流動性低,,,轉型不明,,,傳統印刷廠，本業沒落，市場關注點在於土城廠房的資產開發價值。
8916,光隆,上櫃其他,I014030,,羽絨大王,羽絨原料,,,成衣代工(戶外/運動),,,家紡,,,戶外品牌(The North Face)訂單,,,羽絨價格,,,越南產能,,,暖冬(羽絨服滯銷),,,客戶庫存調整,,,匯率波動,,,轉型成衣代工有成，從賣原料變成賣高階羽絨服，獲利結構大幅改善。
8921,沈氏,上櫃其他,I099070,,老牌印刷,商業印刷,,,雜誌/型錄,,,包裝印刷,,,紙價成本,,,選舉/商業需求,,,數位化衝擊,,,無紙化趨勢,,,原料上漲,,,市場萎縮,,,隸屬光華家杠集團，傳統印刷業務穩定但無成長性。
8929,富堡,上櫃其他,,,成人紙尿褲,成人紙尿褲,,,看護墊,,,濕紙巾,,,高齡化人口需求,,,木漿/不織布價格,,,自有品牌銷量,,,原料成本暴漲,,,市場競爭激烈,,,長照政策,,,台灣成人紙尿褲大廠，受惠高齡化社會，但受制於國際漿價波動。
8932,智通,上櫃其他,,,軟體與博弈,博弈系統,,,支付服務,,,電子零組件(舊業),,,東南亞博弈市場,,,系統授權金,,,轉型成效,,,法規風險,,,業務變動頻繁,,,全額交割風險,,,原名宏大，經歷多次轉型，目前主攻東南亞博弈系統與支付。
8935,邦泰,上櫃其他,,,複合材料,工程塑膠,,,鞋材,,,運動器材零件,,,Nike/Adidas鞋材訂單,,,原料價格,,,新產品應用,,,消費疲弱,,,原料波動,,,單一產業依賴,,,主要做運動鞋材與工程塑膠，獲利隨運動鞋市場波動。
8936,國統,上櫃其他,I011010,,水資源統包,輸配水管材,,,水利工程,,,海水淡化,,,政府水利預算,,,標案在手金額,,,管材出貨量,,,原物料(鋼/水泥)上漲,,,工程延宕,,,政策變動,,,台灣水資源龍頭，具備大口徑水管製造與海淡廠興建能力，缺水題材首選。
8937,合騏,上櫃其他,,,沙灘車,沙灘車(ATV)製造,,,農用搬運車,,,電動車,,,歐美休閒需求,,,電動ATV銷量,,,匯率,,,消費衰退,,,海運成本,,,市場競爭,,,專做沙灘車外銷，規模較小，受歐美休閒消費景氣影響。
8942,森鉅,上櫃其他,I018010,,複合板龍頭,鋁塑複合板(建築/拖車),,,鋼塑板,,,貨櫃內襯,,,美國拖車/建築需求,,,原物料(鋁/鋼)價格,,,美元匯率,,,美國經濟衰退,,,反傾銷稅,,,原料波動,,,全球最大的鋼塑複合板廠，產品用於美國卡車車體與建築帷幕，獲利極穩且高殖利率。
1593,祺驊,上櫃運動休閒,,,健身器材零件,發電機/馬達(健身器材),,,磁控裝置,,,復健設備,,,主要客戶(Technogym/Peloton)庫存,,,新產品(e-Bike)進度,,,毛利率,,,健身器材庫存去化,,,家用市場衰退,,,匯率風險,,,全球健身器材關鍵零組件(磁控/發電機)大廠，獲利隨健身器材產業循環。
6804,明係,上櫃運動休閒,,,自行車代工,中高階自行車組裝,,,電動自行車(e-Bike),,,碳纖維車架,,,歐美客戶庫存,,,e-Bike佔比,,,越南廠進度,,,自行車產業高庫存,,,砍單風險,,,匯率波動,,,專攻中高階與電動自行車代工，近期受產業庫存調整影響較大。
8420,明揚,上櫃運動休閒,,,高爾夫球王,高爾夫球(小白球)代工,,,TPU球,,,泰勒梅(TaylorMade)訂單,,,工安事故復工進度,,,主要客戶轉單,,,保險理賠,,,工廠停工風險,,,單一客戶依賴,,,商譽受損,,,全球小白球代工龍頭，因重大火災事故停工，目前重點在於復工進度與客戶信任挽回。
8924,大田,上櫃運動休閒,,,高球桿頭設計,高爾夫球桿頭,,,碳纖維桿身,,,複合材料,,,美日客戶(PXG/Titleist)訂單,,,新產品ASP,,,自動化程度,,,高爾夫消費退燒,,,客戶庫存調整,,,原料碳纖維價格,,,設計能力強的高爾夫球桿頭廠，毛利優於同業，大客戶包括高價品牌PXG。
8928,鉅明,上櫃運動休閒,,,泰勒梅專武,高爾夫球桿頭,,,不鏽鋼鑄件,,,鈦合金桿頭,,,TaylorMade新品銷量,,,越南廠產能,,,鈦合金價格,,,單一客戶(TaylorMade)風險高,,,高爾夫景氣循環,,,良率控制,,,TaylorMade的主要供應商，營運與TaylorMade的新款球桿銷售綁定。
8933,愛地雅,上櫃運動休閒,,,自行車組裝,自行車(e-Bike/傳統),,,車架,,,零組件,,,歐美訂單,,,e-Bike滲透率,,,庫存水位,,,自行車產業衰退,,,財務體質較弱,,,價格競爭,,,老牌自行車組裝廠，主要做代工，獲利能力較雙雄(巨大/美利達)弱。
8938,明安,上櫃運動休閒,,,高球與複材,高爾夫球桿頭,,,碳纖維材料,,,明揚(子公司)貢獻,,,TaylorMade/Callaway訂單,,,越南廠產能,,,明揚復工狀況,,,高爾夫需求放緩,,,子公司火災損失,,,原料成本,,,全球高爾夫球桿頭代工二哥，擁有碳纖維技術，子公司明揚的工安事件是近期最大變數。
9960,邁達康,上櫃運動休閒,,,高球通路,高爾夫球具通路(主要在中國/台灣),,,電商銷售,,,室內高球,,,中國高球人口,,,門市坪效,,,庫存週轉,,,中國消費降級,,,實體店租金,,,庫存跌價,,,主要在中國經營高爾夫球具連鎖通路，受中國內需消費影響大。
5864,致和證,上櫃金融保險,,,自營商,證券自營,,,承銷,,,經紀,,,台股行情,,,投資部位損益,,,成交量,,,股市崩盤,,,投資虧損,,,營收波動極大,,,主要獲利來自「自營投資」，也就是拿公司的錢買股票，股價基本上跟著台股大盤走。
5878,台名,上櫃金融保險,,,保經公司,保險經紀,,,壽險/產險銷售,,,續期佣金,,,保單銷售量,,,業務員人數,,,續期佣金收入,,,保險法規變動,,,商品吸引力下降,,,投資型保單爭議,,,專注於保險銷售的經紀公司，賺取佣金，高殖利率概念股。
6015,宏遠證,上櫃金融保險,,,中型券商,經紀,,,自營,,,承銷,,,台股成交量,,,經紀市佔率,,,自營績效,,,股市量縮,,,自營虧損,,,手續費殺價,,,數位化轉型較積極的中型券商，獲利隨股市行情波動。
6016,康和證,上櫃金融保險,,,債券自營悍將,經紀手續費,,,自營投資(股票/債券),,,承銷業務,,,台股成交量,,,債市殖利率曲線,,,自營部門績效,,,股市崩盤(自營虧損),,,債券殖利率倒掛(評價損失),,,手續費殺價競爭,,,以債券交易與自營操作聞名的中型券商，獲利結構中「投資收益」佔比較高，牛市時爆發力強，但獲利波動度也比純經紀券商大。
6020,大展證,上櫃金融保險,,,老牌券商,經紀,,,自營,,,融資融券,,,台股成交量,,,融資餘額,,,自營績效,,,營運規模小,,,市佔率流失,,,股市波動,,,規模較小的老牌券商，主要靠經紀手續費與融資利息。
6021,美好證,上櫃金融保險,,,小而美券商,經紀,,,自營,,,資產管理,,,台股成交量,,,轉型成效,,,投資收益,,,營運規模小,,,市場邊緣化,,,自營風險,,,原名大慶證券，更名後試圖轉型資產管理與數位化，但規模仍小。
6023,元大期,上櫃金融保險,,,期貨龍頭,期貨經紀,,,自營,,,保證金利息收入,,,期貨成交口數,,,利率水準(美元),,,海外期貨佔比,,,市場波動率低(交易少),,,降息(利息收入減),,,手續費殺價,,,台灣期貨業霸主，升息循環時靠「保證金利息」賺翻，獲利極度穩健。
6026,福邦證,上櫃金融保險,J001420,,承銷高手,IPO承銷,,,財務顧問,,,股權投資,,,IPO案件數,,,投資部位評價,,,承銷手續費,,,股市低迷影響IPO,,,投資虧損,,,營收波動大,,,專攻IPO承銷與財務顧問的精品券商，自營投資部位大，牛市時獲利驚人。
8908,欣雄,上櫃油電燃氣,,,天然氣南霸天,天然氣供應(高雄/台南),,,瓦斯裝置,,,太陽能,,,工業用戶用氣量,,,原油價格,,,太陽能售電,,,工業景氣衰退,,,氣價凍漲,,,管線安全風險,,,南台灣最大的天然氣公司，工業用戶多，獲利比純民生用戶的瓦斯公司更具爆發力。
8917,欣泰,上櫃油電燃氣,,,新北瓦斯王,天然氣供應(樹林/土城/三峽),,,瓦斯裝置,,,瓦斯器具,,,民生/工業用戶數,,,氣價調整,,,房地產建案(新裝),,,氣價政策限制,,,工安意外,,,用戶成長停滯,,,服務範圍在新北市部分區域，營運極度穩定，標準的定存型公用事業。
8927,北基,上櫃油電燃氣,,,加油站與綠能,加油站營運,,,充電樁(特爾電力),,,綠能開發,,,發油量,,,充電樁站點數,,,油價走勢,,,電動車取代燃油車,,,油價波動,,,綠能投資回收慢,,,三地集團成員，主要經營加油站，近年積極轉型電動車充電樁與綠能。
8931,大汽電,上櫃油電燃氣,,,汽電共生,蒸氣/電力銷售,,,廢棄物處理,,,工業區廠商需求,,,煤炭/膠片成本,,,電價費率,,,能源成本暴漲,,,客戶產能移出,,,環保法規,,,主要供應大園工業區的蒸氣與電力，並兼營廢棄物處理，獲利穩健。,,,
4303,信立,上櫃塑膠,,,PU合成皮,PU合成皮/防水透濕膜,,,PVC,,,其他,,,下游鞋材/成衣景氣,,,原料價格,,,資產價值,,,消費緊縮,,,環保法規,,,原料上漲,,,老牌合成皮廠，獲利平淡，市場偶爾炒作其資產價值或借殼題材。
4304,勝昱,上櫃塑膠,,,包材與貿易,包裝材料,,,電子零組件貿易,,,其他,,,新業務營收,,,虧損改善,,,流動性,,,本業無競爭力,,,長期虧損,,,全額交割風險,,,原名佳大世界，業務轉型多次，目前營運仍不見起色。
4305,世坤,上櫃塑膠,I013020,,PVC布大廠,PVC膠布/膠皮,,,建材/裝潢材料,,,車用皮椅,,,PVC原料價格,,,下游加工業需求,,,外銷匯率,,,環保趨勢(去PVC),,,原料波動,,,房市低迷,,,專做PVC膠布，應用在建材、家具與車用，獲利隨塑化景氣波動。
9950,萬國通,上櫃塑膠,,,行李箱王,硬殼行李箱(Eminent),,,背包,,,代工,,,全球旅遊人數,,,Tumi/Samsonite訂單,,,原料(PC/ABS)價格,,,疫情/恐攻影響旅遊,,,原料上漲,,,匯率風險,,,全球最大的硬殼行李箱製造商，自有品牌Eminent與代工並重，疫後旅遊復甦受惠股。
1264,德麥,上櫃食品,I012020,,烘焙原料王,麵包/蛋糕原料代理,,,乳製品,,,水果餡料,,,烘焙業景氣,,,中國市場營收,,,新產品導入,,,原物料漲價,,,中國內需疲弱,,,食安問題,,,台灣最大的烘焙原料供應商，客戶涵蓋麵包店到五星飯店，獲利與配息長年成長。
1796,金穎生技,上櫃食品,,,發酵代工王,微生物發酵代工,,,保健食品原料,,,益生菌/酵素,,,國際大廠代工訂單,,,新廠產能利用率,,,保健品需求,,,客戶庫存調整,,,新廠折舊,,,原料成本,,,專做微生物發酵代工，技術門檻高，是國際保健品牌背後的隱形推手。
4205,中華食,上櫃食品,I012020,,豆腐王,中華豆花,,,中華豆腐,,,火鍋料,,,黃豆價格,,,產品漲價能力,,,市佔率(壟斷級),,,黃豆價格暴漲,,,食安法規,,,幾乎無競爭對手,,,台灣最無聊但最穩的股票之一，壟斷了盒裝豆腐市場，通膨來了就漲價，獲利只增不減。
4207,環泰,上櫃食品,J000310|I012010,,液糖大廠,麥芽糖,,,果糖,,,山梨醇,,,飲料/食品業旺季,,,澱粉原料價格,,,泰國/馬來西亞廠營運,,,原料(樹薯粉)暴漲,,,糖稅/健康意識(減糖),,,匯率波動,,,亞洲主要的液態澱粉糖漿製造商，客戶都是大型飲料與食品廠。
6846,綠茵,上櫃食品,I017060,,保健原料IP,保健食品原料(牛樟芝/苦瓜胜肽),,,配方設計,,,ODM,,,自有原料專利數,,,國際授權金,,,代工訂單,,,法規限制,,,新原料推廣慢,,,客戶集中,,,不同於一般代工廠，主打「自有研發原料」的專利授權與銷售，毛利較高。
2061,風青,上櫃電器電纜,,,漆包線,漆包線(馬達/變壓器),,,銅桿,,,其他,,,銅價LME,,,機電/家電需求,,,加工費,,,銅價暴跌(庫存損失),,,下游產業外移,,,市場競爭,,,主要做漆包線，應用在馬達與變壓器，獲利受銅價波動影響大。
8354,冠好,,,,特殊標籤,自黏標籤,,,特殊膠帶,,,電子膠帶,,,物流/零售需求,,,原物料(紙/膠)價格,,,客製化訂單,,,原料成本上漲,,,市場競爭,,,電子業景氣,,,專做特殊自黏標籤，應用在物流、醫療與電子業，獲利穩定。
8358,金居,,I023220,,伺服器銅箔王,RG高頻銅箔,,,特殊銅箔(車用),,,一般銅箔,,,AI伺服器出貨量,,,Whitley/Eagle Stream滲透率,,,銅價LME,,,銅價加工費下跌,,,新平台轉換延遲,,,同業產能擴充,,,專攻伺服器用的高頻高速銅箔，Intel與AMD新平台滲透率是關鍵。
8383,千附,,J000500|J001450,,廠務工程鞋業,半導體廠務工程,,,製鞋機械,,,水資源,,,台積電建廠進度,,,製鞋業景氣,,,國防/航太(子公司千附精密),,,半導體資本支出縮減,,,鞋業庫存調整,,,工程毛利波動,,,業務多元(廠務、製鞋、水資源)，子公司千附精密掛牌後，母公司轉為控股性質。
8390,金益鼎,,J001380,,PCB回收煉金,貴金屬回收(金/銅),,,電子廢棄物處理,,,太陽能板回收,,,國際金價/銅價,,,PCB廠稼動率,,,處理費收入,,,金屬價格暴跌,,,料源競爭,,,工安環保風險,,,專門幫PCB廠處理廢料並提煉黃金與銅，獲利直接連動金價與銅價。
8401,白紗科,,,,合版印刷,名片/喜帖/型錄印刷,,,紙盒,,,餐飲印刷,,,紙漿價格,,,選舉/商業活動需求,,,自動化程度,,,無紙化趨勢,,,原料上漲,,,價格競爭,,,台灣合版印刷龍頭，規模經濟大，獲利受紙價與商業活動熱度影響。
8403,盛弘,,I017090,,醫療集團,敏盛醫院(管理),,,醫藥物流,,,健檢,,,醫院管理收入,,,藥品物流規模,,,轉投資(熔噴布/檢測),,,健保政策變動,,,業外投資波動,,,人力成本,,,敏盛醫院集團的核心，整合了醫院管理、藥品物流與健檢，是醫療控股平台。
8409,商之器,,,,醫療影像,PACS(醫療影像系統),,,行動醫療,,,AI診斷,,,醫院標案市佔,,,維護合約收入,,,AI新產品,,,醫療預算縮減,,,標案競爭,,,軟體人才短缺,,,台灣PACS系統龍頭，醫生看X光片都靠它的軟體，近年導入AI輔助診斷。
8410,森田,,I023530,,筆電外殼化妝師,IMR模內轉印箔(筆電),,,車用內飾IMR,,,家電外觀膜,,,筆電出貨量,,,車用營收佔比,,,新客戶(HP/Dell)滲透率,,,筆電市場衰退,,,單一技術依賴,,,環保材質替代風險,,,全球筆電IMR轉印膜龍頭，獲利極穩，但受筆電景氣循環影響大。
8415,大國鋼,,J001320|I020040,,螺絲亞馬遜,扣件通路(美國),,,工業防護具,,,網路平台銷售,,,美國PMI指數,,,每日網上下單量,,,鋁/鎳價走勢,,,美國反傾銷稅調查,,,美中貿易戰升級,,,運費侵蝕毛利,,,大成鋼集團的小金雞，在美國擁有定價權的「扣件電商平台」，毛利比製造商高且穩。
8416,實威,,,,3D軟體代銷,SolidWorks代理,,,3D列印機,,,顧問服務,,,製造業研發預算,,,軟體維護合約續約率,,,高殖利率,,,製造業景氣衰退,,,原廠(Dassault)政策,,,盜版軟體,,,3D繪圖軟體SolidWorks在大中華區的總代理，客戶黏著度高，每年收維護費，現金流極穩。
8420,明揚,,,,高爾夫球王,高爾夫球(小白球)代工,,,TPU球,,,泰勒梅(TaylorMade)訂單,,,工安事故復工進度,,,主要客戶轉單,,,保險理賠,,,工廠停工風險,,,單一客戶依賴,,,商譽受損,,,全球小白球代工龍頭，因重大火災事故停工，目前重點在於復工進度與客戶信任挽回。
8421,旭源,,,,包裝設備,熱縮膜標籤,,,套標機,,,積層袋,,,飲料食品業需求,,,新產線(巴西/印尼),,,原料價格,,,塑膠環保法規,,,新興市場匯率,,,原料成本,,,提供「標籤+設備」的一條龍服務，食品飲料業是主要客戶。
8423,保綠-KY,,,,再生膠粒,再生橡膠粉/粒,,,橡膠地墊,,,跑道材料,,,輪胎報廢量,,,原油價格(替代效應),,,產能利用率,,,油價下跌(原生膠變便宜),,,環保法規成本,,,匯率風險,,,位於馬來西亞，回收廢輪胎做成再生膠，受惠於ESG與循環經濟趨勢。
8424,惠普,,,,矽酸鈣板王,矽酸鈣板,,,纖維水泥板,,,內裝建材,,,台灣房市完工量,,,裝修市場需求,,,原料(紙漿/水泥)價格,,,房市打房政策,,,原料成本上漲,,,產能限制,,,國產實業集團成員，台灣市佔率第一的防火建材(矽酸鈣板)廠，獲利隨房市裝修潮穩定成長。
8426,紅木-KY,,I025020,,精品裝潢王,精品店裝潢(LV/Hermes),,,客製化家具,,,金屬/木作工程,,,全球精品展店數,,,東南亞產能,,,原物料價格,,,精品業景氣下滑,,,人工成本,,,匯率風險,,,專做國際精品名牌(LV Gucci)的店面裝潢，工藝要求高，是精品供應鏈的一環。
8431,匯鑽科,,,,表面處理專家,硬碟表面處理,,,Type-C電鍍,,,車用電鍍,,,泰國廠產能,,,Type-C滲透率,,,硬碟/車用訂單,,,硬碟市場萎縮,,,環保法規成本,,,單一客戶依賴,,,專做金屬表面處理(電鍍)，是Seagate硬碟與Apple Type-C接頭的關鍵供應商。
8432,東生華,,I017032|I017033,,慢性病藥,心血管用藥,,,腸胃藥,,,新藥開發/代理,,,健保藥價調整,,,新藥授權金,,,代理藥品銷量,,,健保砍價壓力,,,新藥開發失敗,,,權利金認列波動,,,洋華集團轉投資，專攻慢性病藥物的開發與行銷，獲利穩健。
8433,弘帆,,I027014,,髮飾代工后,髮飾/梳鏡,,,美妝用品,,,客製化飾品,,,歐美平價時尚(Primark/Forever21)訂單,,,自動化生產,,,匯率,,,快時尚庫存調整,,,中國工資上漲,,,單一品項風險,,,全球最大的髮飾代工廠，你在H&M或大賣場看到的髮圈，很可能都是它做的。
8435,鉅邁,,J001380,,工業水醫生,工業水處理藥劑,,,技術服務,,,設備,,,鋼鐵/石化/半導體稼動率,,,中國市場營收,,,新客戶開發,,,客戶產能利用率下滑,,,原料成本,,,同業競爭,,,提供工業冷卻水處理藥劑與服務，獲利隨客戶(如中鋼、台塑)的產能利用率波動。
8436,大江,,I017060,,保健代工王,保健飲品/面膜ODM,,,機能性食品,,,膠原蛋白,,,中國市場營收,,,歐美客戶佔比,,,新廠稼動率,,,中國消費降級,,,客戶庫存調整,,,行銷費用過高,,,台灣保健食品代工龍頭，以「生物整合設計」聞名，高度依賴中國微商與直銷客戶，近年積極拓展歐美。
8437,大地-KY,,,,幼教包租公,幼兒園顧問,,,教材銷售,,,軟體授權,,,中國新生兒數量,,,幼兒園加盟數,,,政策法規(中國),,,中國少子化,,,補教法規打壓,,,收款風險,,,主要市場在中國，提供幼兒園顧問與教材，受中國少子化與政策監管影響極大。
8440,綠電,,J001380|I099022,,家電回收王,廢家電回收,,,廢銅/廢鐵銷售,,,塑膠再生,,,國際銅價/鐵價,,,家電報廢量,,,回收補貼費率,,,金屬價格崩跌,,,回收料源不足,,,環保法規變動,,,台灣最大的廢家電回收處理廠，獲利與國際金屬價格高度連動。
8444,綠河-KY,,,,泰國塑合板,塑合板(家具原料),,,實木板,,,橡膠木資源,,,橡膠木價格,,,家具市場需求,,,產能利用率,,,房市衰退(家具需求減),,,匯率(泰銖),,,海運成本,,,位於泰國，利用橡膠木回收製成塑合板，是家具業的上游原料廠。
8446,華研,,,,音樂版權包租公,授權金(串流平台),,,演藝經紀(動力火車),,,演唱會,,,授權金議價能力,,,演唱會場次,,,旗下藝人熱度,,,與串流平台換約風險,,,藝人合約到期,,,中國娛樂禁令,,,擁有龐大的華語流行音樂版權庫，躺著收版權費的績優股。
8450,霹靂,,,,布袋戲IP王,劇集發行(素還真),,,IP授權(遊戲/周邊),,,商品銷售,,,付費會員數,,,電影/劇集收視率,,,IP授權金,,,年輕族群斷層,,,數位轉型成本高,,,中國市場推廣受阻,,,台灣最強的本土IP之一，但面臨主力觀眾高齡化危機，正努力透過電影與NFT轉型。
8455,大拓-KY,,I023630,,日本電機通路,電機/電子零件代理,,,機器人組裝,,,工廠自動化,,,日本製造業景氣,,,豐田(Toyota)供應鏈訂單,,,匯率(日圓),,,日本經濟停滯,,,原廠收回代理,,,流動性低,,,主要在日本經營電機產品代理，客戶多為日本汽車與工具機大廠。
8472,夠麻吉,,I023660|I027014,,團購券始祖,餐券/旅遊券(GOMAJI),,,點數回饋,,,餐廳訂位,,,餐飲業景氣,,,活躍用戶數,,,APP交易額,,,疫情影響內用,,,店家合作意願,,,競品(Klook/EZTABLE),,,台灣最大的團購券平台，轉型為吃喝玩樂的預訂平台，獲利穩定但成長趨緩。
8477,創業家,,I023660,,電商紅海,生活市集,,,松果購物,,,團購模式,,,GMV(成交總額),,,毛利率,,,活躍會員數,,,大型電商(momo/酷澎)夾殺,,,廣告成本高漲,,,營收持續衰退,,,主打價格戰的電商平台，在巨頭夾殺下生存空間受限，正尋求差異化。
8489,三貝德,,I099080,,數位補教,線上課程(升學王),,,實體補習班,,,家教媒合,,,學生人數,,,數位教材銷量,,,實體據點擴張,,,少子化,,,行銷成本高,,,課綱變動,,,主打K12升學數位教材，近年積極併購實體補習班進行O2O整合。
8905,裕國,,I012020,,冷凍倉儲,冷凍冷藏倉儲,,,肉品買賣,,,營建,,,肉品進口量,,,冷凍庫出租率,,,建案入帳,,,肉價波動,,,食安問題,,,家族經營權紛爭,,,擁有大型冷凍倉儲，主要賺租金與肉品買賣價差，偶有建案入帳。
8906,花王,,,,印刷轉型,商業印刷,,,資產開發,,,投資,,,印刷需求,,,資產活化進度,,,新業務,,,本業萎縮,,,流動性低,,,轉型不明,,,傳統印刷廠，本業沒落，市場關注點在於土城廠房的資產開發價值。
8908,欣雄,,,,天然氣南霸天,天然氣供應(高雄/台南),,,瓦斯裝置,,,太陽能,,,工業用戶用氣量,,,原油價格,,,太陽能售電,,,工業景氣衰退,,,氣價凍漲,,,管線安全風險,,,南台灣最大的天然氣公司，工業用戶多，獲利比純民生用戶的瓦斯公司更具爆發力。
8916,光隆,,I014030,,羽絨大王,羽絨原料,,,成衣代工(戶外/運動),,,家紡,,,戶外品牌(The North Face)訂單,,,羽絨價格,,,越南產能,,,暖冬(羽絨服滯銷),,,客戶庫存調整,,,匯率波動,,,轉型成衣代工有成，從賣原料變成賣高階羽絨服，獲利結構大幅改善。
8917,欣泰,,,,新北瓦斯王,天然氣供應(樹林/土城),,,瓦斯裝置,,,瓦斯器具,,,民生/工業用戶數,,,氣價調整,,,房地產建案(新裝),,,氣價政策限制,,,工安意外,,,用戶成長停滯,,,服務範圍在新北市部分區域，營運極度穩定，標準的定存型公用事業。
8921,沈氏,,I099070,,老牌印刷,商業印刷,,,雜誌/型錄,,,包裝印刷,,,紙價成本,,,選舉/商業需求,,,數位化衝擊,,,無紙化趨勢,,,原料上漲,,,市場萎縮,,,隸屬光華家杠集團，傳統印刷業務穩定但無成長性。
8923,時報,,I099070,,傳統媒體求生,出版品銷售,,,廣告收入,,,展覽活動,,,新書暢銷榜,,,數位廣告轉型,,,策展營收,,,紙媒閱讀人口雪崩,,,廣告量移往社群,,,庫存書跌價,,,老牌出版集團，本業紙媒辛苦，現在靠舉辦大型展覽與活動來維持現金流。
8924,大田,,,,高球桿頭設計,高爾夫球桿頭,,,碳纖維桿身,,,複合材料,,,美日客戶(PXG)訂單,,,新產品ASP,,,自動化程度,,,高爾夫消費退燒,,,客戶庫存調整,,,原料碳纖維價格,,,設計能力強的高爾夫球桿頭廠，毛利優於同業，大客戶包括高價品牌PXG。
8927,北基,,,,加油站與綠能,加油站營運,,,充電樁(特爾電力),,,綠能開發,,,發油量,,,充電樁站點數,,,油價走勢,,,電動車取代燃油車,,,油價波動,,,綠能投資回收慢,,,三地集團成員，主要經營加油站，近年積極轉型電動車充電樁與綠能。
8928,鉅明,,,,泰勒梅專武,高爾夫球桿頭,,,不鏽鋼鑄件,,,鈦合金桿頭,,,TaylorMade新品銷量,,,越南廠產能,,,鈦合金價格,,,單一客戶(TaylorMade)風險高,,,高爾夫景氣循環,,,良率控制,,,TaylorMade的主要供應商，營運與TaylorMade的新款球桿銷售綁定。
8929,富堡,,,,成人紙尿褲,成人紙尿褲,,,看護墊,,,濕紙巾,,,高齡化人口需求,,,木漿/不織布價格,,,自有品牌銷量,,,原料成本暴漲,,,市場競爭激烈,,,長照政策,,,台灣成人紙尿褲大廠，受惠高齡化社會，但受制於國際漿價波動。
8930,青鋼,,I018010,,裝潢骨架王,金屬天花板,,,隔間輕鋼架,,,微孔吸音板,,,公共工程預算,,,營建完工交屋量,,,金屬原料成本,,,鋼價與合約價差風險,,,房市急凍,,,缺工影響安裝,,,不只是賣鋼材，而是賣「室內裝修」解決方案，受惠於商辦與公共工程的完工潮。
8931,大汽電,,,,汽電共生,蒸氣/電力銷售,,,廢棄物處理,,,工業區廠商需求,,,煤炭/膠片成本,,,電價費率,,,能源成本暴漲,,,客戶產能移出,,,環保法規,,,主要供應大園工業區的蒸氣與電力，並兼營廢棄物處理，獲利穩健。,,,
8932,智通*,,,,軟體與博弈,博弈系統,,,支付服務,,,電子零組件(舊業),,,東南亞博弈市場,,,系統授權金,,,轉型成效,,,法規風險,,,業務變動頻繁,,,全額交割風險,,,原名宏大，經歷多次轉型，目前主攻東南亞博弈系統與支付。
8933,愛地雅,,,,自行車組裝,自行車(e-Bike/傳統),,,車架,,,零組件,,,歐美訂單,,,e-Bike滲透率,,,庫存水位,,,自行車產業衰退,,,財務體質較弱,,,價格競爭,,,老牌自行車組裝廠，主要做代工，獲利能力較雙雄(巨大/美利達)弱。
8935,邦泰,,,,複合材料,工程塑膠,,,鞋材,,,運動器材零件,,,Nike/Adidas鞋材訂單,,,原料價格,,,新產品應用,,,消費疲弱,,,原料波動,,,單一產業依賴,,,主要做運動鞋材與工程塑膠，獲利隨運動鞋市場波動。
8936,國統,,I011010,,水資源統包,輸配水管材,,,水利工程,,,海水淡化,,,政府水利預算,,,標案在手金額,,,管材出貨量,,,原物料(鋼/水泥)上漲,,,工程延宕,,,政策變動,,,台灣水資源龍頭，具備大口徑水管製造與海淡廠興建能力，缺水題材首選。
8937,合騏,,,,沙灘車,沙灘車(ATV)製造,,,農用搬運車,,,電動車,,,歐美休閒需求,,,電動ATV銷量,,,匯率,,,消費衰退,,,海運成本,,,市場競爭,,,專做沙灘車外銷，規模較小，受歐美休閒消費景氣影響。
8938,明安,,,,高球與複材,高爾夫球桿頭,,,碳纖維材料,,,明揚(子公司)貢獻,,,TaylorMade/Callaway訂單,,,越南廠產能,,,明揚復工狀況,,,高爾夫需求放緩,,,子公司火災損失,,,原料成本,,,全球高爾夫球桿頭代工二哥，擁有碳纖維技術，子公司明揚的工安事件是近期最大變數。
8941,關中,,,,戶外烤肉王,瓦斯烤肉架(ODM/自有品牌),,,暖爐,,,戶外家具,,,美國房市/修繕,,,自有品牌營收,,,瓦斯開關零件,,,美國消費力衰退,,,庫存去化,,,海運運費,,,主攻美國中高端戶外烤肉爐市場，自有品牌Grandhall與通路Barbeques Galore是獲利關鍵。
8942,森鉅,,I018010,,複合板龍頭,鋁塑複合板(建築/拖車),,,鋼塑板,,,貨櫃內襯,,,美國拖車/建築需求,,,原物料(鋁/鋼)價格,,,美元匯率,,,美國經濟衰退,,,反傾銷稅,,,原料波動,,,全球最大的鋼塑複合板廠，產品用於美國卡車車體與建築帷幕，獲利極穩且高殖利率。
9949,琉園,,I099100,,玻璃藝術家,琉璃藝品銷售,,,客製化禮品,,,展覽門票,,,觀光客數量,,,企業送禮預算,,,兩岸據點營收,,,非民生必需品(景氣敏感),,,品牌老化,,,文創人才流失,,,將琉璃工藝與文化結合，但產品屬高價裝飾品，受景氣與企業送禮預算影響極大。
9950,萬國通,,,,行李箱王,硬殼行李箱(Eminent),,,背包,,,代工,,,全球旅遊人數,,,Tumi/Samsonite訂單,,,原料(PC/ABS)價格,,,疫情/恐攻影響旅遊,,,原料上漲,,,匯率風險,,,全球最大的硬殼行李箱製造商，自有品牌Eminent與代工並重，疫後旅遊復甦受惠股。
9951,皇田,,J000170,,汽車窗簾王,汽車天窗窗簾,,,側窗窗簾,,,遮物簾,,,全球SUV銷量,,,全景天窗滲透率,,,歐美車市庫存,,,中國廠商低價競爭,,,匯率波動,,,單一產品天花板,,,全球第二大汽車窗簾廠，獲利高度依賴SUV全景天窗的流行趨勢。
9960,邁達康,,,,高球通路,高爾夫球具通路(主要在中國/台灣),,,電商銷售,,,室內高球,,,中國高球人口,,,門市坪效,,,庫存週轉,,,中國消費降級,,,實體店租金,,,庫存跌價,,,主要在中國經營高爾夫球具連鎖通路，受中國內需消費影響大。
9962,有益,,J000350|I020010,,不鏽鋼厚板王,不鏽鋼厚板(工業用),,,代工裁剪,,,特殊鋼種貿易,,,國際鎳價LME,,,化工/機械廠資本支出,,,利基市場報價,,,鎳價崩跌(庫存損失),,,市場規模受限(太利基),,,匯率波動,,,國內唯一專做「不鏽鋼厚板」的廠商，主要應用於巨大的化工桶槽與機械設備，股性冷門但獲利穩。
