date,traded,transaction,open,high,low,close,difference,transactions
 99/01/04,20083125,1132155005,56.45,56.65,56.05,56.50,+0.05,1624
 99/01/05,16453854,932015376,56.80,56.90,56.15,56.50, 0.00,1866
 99/01/06,19012172,1087143829,56.50,57.75,56.50,57.55,+1.05,2958
 99/01/07,14110575,814344344,57.60,58.15,57.30,57.40,-0.15,1846
 99/01/08,11342752,651830965,57.30,57.75,57.05,57.75,+0.35,1493
 99/01/11,11581081,670025579,57.10,58.05,57.10,57.90,+0.15,1636
 99/01/12,7306217,420473484,57.55,57.85,57.25,57.60,-0.30,1329
 99/01/13,16686518,948986977,57.05,57.15,56.70,56.75,-0.85,2021
 99/01/14,9978365,570406499,56.80,57.60,56.80,57.45,+0.70,1208
 99/01/15,8425543,485743844,57.35,57.95,57.35,57.80,+0.35,1020
 99/01/18,5019674,288586818,57.45,57.70,57.30,57.50,-0.30,767
 99/01/19,6724054,382797005,57.50,57.70,56.50,56.75,-0.75,1461
 99/01/20,23397890,1318003114,56.80,56.95,56.10,56.40,-0.35,1627
 99/01/21,13862156,776395581,56.15,56.40,55.75,55.95,-0.45,1880
 99/01/22,29477562,1612081382,55.20,55.20,54.35,54.40,-1.55,3929
 99/01/25,12845252,695785374,53.95,54.45,53.80,54.20,-0.20,2147
 99/01/26,26395774,1416284559,54.15,54.55,52.75,52.95,-1.25,4558
 99/01/27,14855839,787198926,52.95,53.30,52.70,52.90,-0.05,2182
 99/01/28,12622891,676089714,53.10,54.20,53.10,54.05,+1.15,1822
 99/01/29,13799786,727944433,52.95,53.25,52.20,53.00,-1.05,2804
 99/02/01,19637117,1030361997,53.15,53.20,51.95,52.40,-0.60,2590
 99/02/02,11987878,625747966,52.95,52.95,51.60,51.85,-0.55,2350
 99/02/03,13598236,714184048,52.10,52.80,52.05,52.75,+0.90,1744
 99/02/04,5940528,312541875,52.75,52.85,52.35,52.55,-0.20,982
 99/02/05,24216962,1231585083,51.25,51.30,50.50,50.75,-1.80,5321
 99/02/06,20632533,1049372801,50.80,51.30,50.30,51.20,+0.45,2283
 99/02/08,18165694,924930778,51.05,51.20,50.70,50.85,-0.35,1878
 99/02/09,11269571,578396177,50.85,51.65,50.75,51.55,+0.70,2082
 99/02/10,11276655,586447115,51.95,52.25,51.70,52.10,+0.55,2214
 99/02/22,11224937,594117801,53.05,53.15,52.60,52.60,+0.50,2098
 99/02/23,9598427,504580432,52.60,52.75,52.20,52.60, 0.00,1240
 99/02/24,11037905,577819651,52.15,52.55,52.15,52.25,-0.35,1024
 99/02/25,20470988,1062022326,52.25,52.30,51.35,51.65,-0.60,2193
 99/02/26,9391284,483837797,51.65,51.75,51.20,51.55,-0.10,1366
 99/03/01,13647130,715419506,51.50,52.95,51.50,52.80,+1.25,2066
 99/03/02,9997438,528112268,52.75,53.10,52.55,52.65,-0.15,1225
 99/03/03,8764746,462426932,52.70,53.10,52.50,52.65, 0.00,1041
 99/03/04,8149453,426373974,52.75,52.90,51.80,52.20,-0.45,1295
 99/03/05,13619167,720117212,52.85,53.20,52.50,52.95,+0.75,1541
 99/03/08,16985546,907762324,53.30,53.65,53.25,53.65,+0.70,2472
 99/03/09,7770200,417203238,53.70,53.80,53.55,53.80,+0.15,1070
 99/03/10,6842414,367950915,53.85,53.95,53.45,53.80, 0.00,1009
 99/03/11,6657965,358344611,54.00,54.00,53.50,53.65,-0.15,1013
 99/03/12,12617367,675578756,53.70,53.70,53.40,53.60,-0.05,753
 99/03/15,10347597,548486587,53.50,53.55,52.70,52.85,-0.75,1374
 99/03/16,13206323,698390628,52.80,53.10,52.75,53.10,+0.25,869
 99/03/17,14910569,802914397,53.45,54.15,53.40,54.15,+1.05,2346
 99/03/18,8609032,467282129,54.25,54.55,54.05,54.40,+0.25,1693
 99/03/19,5394422,292259307,54.45,54.45,54.00,54.25,-0.15,926
 99/03/22,7376253,395093362,54.00,54.00,53.25,53.70,-0.55,1331
 99/03/23,8078483,432328487,53.70,53.80,53.25,53.35,-0.35,1116
 99/03/24,19134856,1025228740,53.50,53.75,53.45,53.50,+0.15,1050
 99/03/25,14547242,774041367,53.35,53.70,52.90,53.50, 0.00,1523
 99/03/26,11520708,617381687,53.25,54.15,52.90,54.00,+0.50,1722
 99/03/29,16278063,885608225,54.15,54.55,54.15,54.50,+0.50,1980
 99/03/30,7592145,413272436,54.50,54.55,54.35,54.45,-0.05,782
 99/03/31,10909581,592799089,54.35,54.45,54.20,54.25,-0.20,1245
 99/04/01,12561233,687176060,54.25,54.90,54.25,54.75,+0.50,1709
 99/04/02,5653319,309707002,54.75,54.90,54.65,54.75, 0.00,852
 99/04/06,15860446,878633030,54.90,55.55,54.90,55.30,+0.55,2226
 99/04/07,6597232,365506991,55.35,55.50,55.30,55.40,+0.10,923
 99/04/08,9030400,498542339,55.40,55.50,54.85,55.05,-0.35,1405
 99/04/09,6178841,340098149,55.00,55.20,54.80,55.20,+0.15,733
 99/04/12,8812066,488117349,55.45,55.55,55.20,55.45,+0.25,902
 99/04/13,11543557,633544169,55.20,55.20,54.60,54.80,-0.65,1112
 99/04/14,8277800,454766244,55.00,55.20,54.80,55.20,+0.40,825
 99/04/15,12427363,690185306,55.35,55.80,55.35,55.55,+0.35,1266
 99/04/16,11167998,615453484,55.50,55.50,54.90,55.20,-0.35,1118
 99/04/19,14074788,763951383,54.65,54.65,53.65,53.65,-1.55,2513
 99/04/20,6757051,364420104,53.90,54.10,53.75,53.85,+0.20,1054
 99/04/21,7299746,397399540,54.15,54.60,54.15,54.55,+0.70,993
 99/04/22,8147167,440887478,54.20,54.50,53.90,54.45,-0.10,922
 99/04/23,8918587,487267163,54.45,54.75,54.45,54.75,+0.30,1331
 99/04/26,11153959,620844754,55.25,55.90,55.25,55.90,+1.15,2162
 99/04/27,5510962,307309125,55.90,55.95,55.60,55.85,-0.05,859
 99/04/28,7436672,408343757,54.75,55.35,54.55,55.25,-0.60,1336
 99/04/29,5085679,280045157,55.25,55.30,54.85,55.00,-0.25,657
 99/04/30,5323236,294390784,55.40,55.70,54.70,54.80,-0.20,1128
 99/05/03,5880214,320630347,54.50,54.85,54.25,54.45,-0.35,975
 99/05/04,10132491,552286502,54.75,54.80,54.20,54.50,+0.05,1084
 99/05/05,20067366,1064924964,53.40,53.45,52.85,53.00,-1.50,3590
 99/05/06,30653488,1601892614,52.95,52.95,51.80,51.95,-1.05,3956
 99/05/07,28001716,1445694259,51.30,52.00,51.05,51.95, 0.00,3301
 99/05/10,11114830,578961008,52.15,52.50,51.85,52.40,+0.45,1891
 99/05/11,9244195,485470413,52.60,52.80,52.05,52.20,-0.20,1820
 99/05/12,7850575,409831533,52.10,52.50,51.95,52.10,-0.10,953
 99/05/13,8130823,430734345,52.65,53.40,52.60,53.25,+1.15,1679
 99/05/14,12843843,681354548,53.05,53.20,52.90,53.10,-0.15,963
 99/05/17,12090447,628968119,52.60,52.60,51.70,51.90,-1.20,2360
 99/05/18,5846434,303730047,52.10,52.20,51.80,52.00,+0.10,1029
 99/05/19,15988302,819466719,51.50,51.55,50.95,51.45,-0.55,2807
 99/05/20,13856441,708054765,51.45,51.45,50.75,50.80,-0.65,2203
 99/05/21,29922893,1486407923,50.00,50.00,49.30,49.75,-1.05,4866
 99/05/24,6297256,316625250,49.90,50.55,49.90,50.45,+0.70,1667
 99/05/25,23038218,1133837721,50.00,50.00,48.65,49.12,-1.33,4756
 99/05/26,14716336,724842670,49.74,49.80,49.00,49.32,+0.20,2280
 99/05/27,15866404,780824830,49.32,49.66,48.75,49.66,+0.34,2237
 99/05/28,9410589,470603619,50.10,50.30,49.76,49.87,+0.21,2219
 99/05/31,4494253,224528644,50.00,50.15,49.72,50.10,+0.23,1137
 99/06/01,5340983,266323650,50.00,50.20,49.60,49.83,-0.27,1366
 99/06/02,8608494,425075982,49.52,49.83,48.80,49.05,-0.78,1985
 99/06/03,5437137,272097302,49.80,50.20,49.75,50.20,+1.15,1512
 99/06/04,3336979,166897096,50.20,50.20,49.94,50.05,-0.15,613
 99/06/07,15955142,773811848,48.85,48.85,48.30,48.74,-1.31,3896
 99/06/08,6856351,332880063,48.70,48.70,48.31,48.56,-0.18,1739
 99/06/09,7602297,366848778,48.50,48.65,47.95,48.18,-0.38,2345
 99/06/10,5685546,275853354,48.18,48.89,48.18,48.85,+0.67,1462
 99/06/11,5728310,284381414,49.69,49.76,49.46,49.62,+0.77,1817
 99/06/14,5855818,294057725,50.20,50.40,50.05,50.35,+0.73,1489
 99/06/15,7668725,387384443,50.35,51.10,50.15,50.70,+0.35,1564
 99/06/17,5964793,304638509,51.10,51.25,50.85,51.05,+0.35,1361
 99/06/18,3037985,154626975,51.05,51.15,50.65,50.90,-0.15,874
 99/06/21,15785339,818409028,51.50,52.00,51.35,52.00,+1.10,2329
 99/06/22,5261509,272219434,51.90,51.90,51.65,51.70,-0.30,794
 99/06/23,7660178,392740924,51.35,51.50,51.05,51.15,-0.55,948
 99/06/24,5788482,296866719,51.15,51.40,51.10,51.30,+0.15,683
 99/06/25,6622506,335766695,50.75,51.00,50.50,50.60,-0.70,1417
 99/06/28,3671696,186573946,50.70,50.95,50.60,50.80,+0.20,528
 99/06/29,11618887,591997338,51.00,51.45,50.40,50.50,-0.30,1417
 99/06/30,13175754,651633382,49.55,49.69,49.28,49.55,-0.95,2103
 99/07/01,12171412,598925476,49.55,49.55,49.01,49.19,-0.36,1673
 99/07/02,6189985,306435885,49.10,49.79,49.08,49.49,+0.30,1237
 99/07/05,3757987,188215802,49.73,50.50,49.60,50.50,+1.01,1160
 99/07/06,9876231,501829564,50.00,51.40,50.00,51.40,+0.90,1664
 99/07/07,4454538,228305197,51.35,51.40,51.10,51.30,-0.10,968
 99/07/08,12063519,626395638,51.90,52.05,51.65,52.05,+0.75,2120
 99/07/09,8071916,421087043,51.90,52.40,51.90,52.35,+0.30,1379
 99/07/12,8957644,471535888,52.40,52.95,52.30,52.30,-0.05,1670
 99/07/13,5571002,291326247,52.40,52.60,52.00,52.15,-0.15,873
 99/07/14,15527125,822810995,52.90,53.15,52.80,53.15,+1.00,2280
 99/07/15,11031463,585963845,52.95,53.25,52.80,53.25,+0.10,1260
 99/07/16,9053830,479369990,53.15,53.15,52.70,52.90,-0.35,954
 99/07/19,16805234,883950631,52.25,52.85,52.20,52.75,-0.15,1333
 99/07/20,8231750,436781969,52.75,53.35,52.55,53.20,+0.45,1335
 99/07/21,8043673,427477948,53.20,53.35,52.85,52.90,-0.30,949
 99/07/22,4262316,225261775,52.90,53.05,52.60,52.95,+0.05,545
 99/07/23,18699497,999076702,53.10,53.70,53.10,53.70,+0.75,2191
 99/07/26,9746755,524481346,53.70,53.95,53.65,53.85,+0.15,1174
 99/07/27,5528824,297139847,53.90,53.90,53.55,53.60,-0.25,811
 99/07/28,13670939,736377612,53.60,54.10,53.50,54.05,+0.45,1140
 99/07/29,10327345,557556880,53.95,54.15,53.80,54.10,+0.05,1045
 99/07/30,7817682,420410866,53.90,54.05,53.50,53.90,-0.20,1326
 99/08/02,12724082,697944083,54.35,55.20,54.35,54.95,+1.05,2608
 99/08/03,8049682,443670275,55.05,55.30,54.95,55.20,+0.25,1457
 99/08/04,7131519,393332395,55.00,55.30,54.95,55.10,-0.10,1079
 99/08/05,9995481,551369712,55.25,55.45,54.85,55.05,-0.05,1132
 99/08/06,11550901,636191933,54.90,55.25,54.90,55.20,+0.15,1030
 99/08/09,10803836,599683827,55.10,55.65,55.10,55.50,+0.30,1521
 99/08/10,7592888,421039630,55.50,55.70,55.20,55.40,-0.10,904
 99/08/11,5770212,316690984,55.00,55.20,54.55,54.70,-0.70,1058
 99/08/12,7186464,389834957,54.10,54.45,54.00,54.25,-0.45,1297
 99/08/13,6844263,373178144,54.30,55.00,54.30,54.85,+0.60,863
 99/08/16,4168210,227991817,54.45,55.05,54.30,55.00,+0.15,676
 99/08/17,3215750,176637550,54.85,55.00,54.75,54.95,-0.05,481
 99/08/18,5574191,305424970,55.00,55.05,54.40,54.65,-0.30,639
 99/08/19,3761705,205909807,54.65,55.00,54.50,54.95,+0.30,490
 99/08/20,5175489,283646913,54.85,54.95,54.65,54.95, 0.00,444
 99/08/23,7551173,417513148,54.85,55.60,54.70,55.30,+0.35,1030
 99/08/24,6661090,366609963,55.00,55.25,54.90,54.95,-0.35,899
 99/08/25,13856747,749592832,54.30,54.50,53.85,53.95,-1.00,2076
 99/08/26,9343642,502592295,53.90,53.95,53.60,53.60,-0.35,1245
 99/08/27,8466348,454575678,53.60,53.90,53.45,53.85,+0.25,1000
 99/08/30,8229849,446720885,54.30,54.60,53.95,54.10,+0.25,1382
 99/08/31,8911993,475561064,53.70,53.70,53.15,53.30,-0.80,1801
 99/09/01,11174161,598370607,53.50,53.70,53.35,53.70,+0.40,1103
 99/09/02,7071841,382172093,54.10,54.35,53.80,54.00,+0.30,889
 99/09/03,6121744,333094273,54.20,54.60,54.10,54.55,+0.55,1007
 99/09/06,10083846,553365880,54.95,55.00,54.65,54.95,+0.40,1117
 99/09/07,5405515,296971175,54.95,55.05,54.80,54.85,-0.10,761
 99/09/08,5636530,308092400,54.75,54.90,54.45,54.75,-0.10,719
 99/09/09,3169724,173808317,54.95,55.00,54.65,54.75, 0.00,529
 99/09/10,6861410,378438246,55.15,55.30,55.00,55.25,+0.50,1016
 99/09/13,18145999,1019516382,55.55,56.80,55.55,56.80,+1.55,3161
 99/09/14,15110852,859542024,56.80,57.00,56.75,57.00,+0.20,1876
 99/09/15,16566902,945155564,57.00,57.25,56.90,57.25,+0.25,1464
 99/09/16,11750605,670177005,57.20,57.30,56.65,56.65,-0.60,1268
 99/09/17,18471577,1055933472,56.85,57.50,56.85,57.30,+0.65,1957
 99/09/20,6828423,390989900,57.20,57.45,57.10,57.25,-0.05,941
 99/09/21,7544449,433059967,57.60,57.80,57.15,57.35,+0.10,1003
 99/09/23,10459396,599196251,57.35,57.65,57.10,57.35, 0.00,1072
 99/09/24,5496336,313669258,57.10,57.30,56.85,57.00,-0.35,807
 99/09/27,4164919,239351891,57.50,57.60,57.30,57.50,+0.50,853
 99/09/28,7403054,424821093,57.15,57.55,57.15,57.40,-0.10,971
 99/09/29,12166395,703291208,57.60,58.15,57.50,57.80,+0.40,1665
 99/09/30,6992312,403020952,57.70,57.80,57.50,57.70,-0.10,988
 99/10/01,10251240,591071233,57.90,57.90,57.50,57.75,+0.05,676
 99/10/04,16884537,977435810,57.85,58.10,57.75,57.75, 0.00,1051
 99/10/05,10535220,602863693,57.50,57.55,57.05,57.40,-0.35,1195
 99/10/06,16061514,928454412,57.90,58.05,57.70,57.75,+0.35,1685
 99/10/07,8858857,512636756,57.85,57.95,57.70,57.95,+0.20,815
 99/10/08,6653888,383702278,57.85,57.95,57.45,57.60,-0.35,583
 99/10/11,8951527,513264484,57.60,57.60,56.90,56.95,-0.65,966
 99/10/12,10325566,582357271,57.00,57.00,56.05,56.20,-0.75,2155
 99/10/13,4624403,260715371,56.35,56.55,56.15,56.55,+0.35,990
 99/10/14,8088009,464302961,56.90,57.70,56.90,57.45,+0.90,1534
 99/10/15,2622520,150561344,57.50,57.60,57.30,57.35,-0.10,628
 99/10/18,15668334,884763412,57.30,57.30,56.15,56.20,-1.15,2275
 99/10/19,13750940,770667917,56.20,56.20,55.85,56.05,-0.15,1608
 99/10/20,12860399,723369848,55.80,56.70,55.70,56.70,+0.65,1584
 99/10/21,11522575,653928650,56.80,56.95,56.55,56.75,+0.05,964
 99/10/22,10858325,618653016,56.75,57.10,56.75,57.10,+0.35,1211
 99/10/25,16646194,926060163,55.50,56.15,55.10,56.10,X0.00,2029
 99/10/26,8841948,496931964,56.30,56.35,56.00,56.35,+0.25,1091
 99/10/27,5394936,303010188,56.50,56.65,55.85,56.05,-0.30,1107
 99/10/28,4611384,259003180,56.05,56.50,55.90,56.50,+0.45,957
 99/10/29,7155507,401298561,56.20,56.35,55.90,56.00,-0.50,1028
 99/11/01,12732548,723720336,56.20,57.05,56.20,56.80,+0.80,1811
 99/11/02,5732868,325612133,56.80,56.90,56.65,56.80, 0.00,789
 99/11/03,13242296,751987634,56.95,57.10,56.50,56.70,-0.10,1165
 99/11/04,8072802,460577836,56.80,57.20,56.80,57.05,+0.35,1036
 99/11/05,18917069,1089796929,57.55,57.75,57.50,57.65,+0.60,1633
 99/11/08,9801832,564458172,57.80,57.85,57.45,57.55,-0.10,1002
 99/11/09,3995547,230210197,57.55,57.70,57.45,57.70,+0.15,653
 99/11/10,18164969,1049072051,57.80,57.85,57.60,57.65,-0.05,903
 99/11/11,8634408,497131742,57.80,57.80,57.45,57.50,-0.15,662
 99/11/12,12201162,691923634,57.25,57.25,56.35,56.35,-1.15,2026
 99/11/15,7380484,414589397,56.30,56.30,56.05,56.15,-0.20,1164
 99/11/16,7063846,398490586,56.10,56.85,56.10,56.75,+0.60,933
 99/11/17,6157279,347068621,56.35,56.65,56.15,56.50,-0.25,971
 99/11/18,2169592,122484707,56.40,56.60,56.30,56.60,+0.10,570
 99/11/19,3171480,179964828,56.90,57.15,56.30,56.65,+0.05,865
 99/11/22,5493100,314290819,56.80,57.50,56.80,57.35,+0.70,1005
 99/11/23,3197414,182492494,57.35,57.35,56.80,56.90,-0.45,617
 99/11/24,4847876,275688934,56.70,57.05,56.65,56.85,-0.05,714
 99/11/25,3601735,205409515,56.85,57.15,56.85,57.10,+0.25,688
 99/11/26,4644074,264375812,57.15,57.15,56.80,56.80,-0.30,809
 99/11/29,8866180,506250160,57.10,57.35,56.85,56.90,+0.10,1086
 99/11/30,8006464,458479034,57.05,57.50,56.95,57.10,+0.20,993
 99/12/01,12684432,731551429,57.10,58.00,57.10,58.00,+0.90,1964
 99/12/02,12086258,707346364,58.50,58.70,58.35,58.45,+0.45,2447
 99/12/03,13503527,794549793,58.60,59.00,58.60,59.00,+0.55,2389
 99/12/06,8952935,530331536,59.00,59.35,59.00,59.15,+0.15,1999
 99/12/07,5464594,322503156,59.20,59.20,58.85,59.10,-0.05,1161
 99/12/08,6037857,356733730,59.10,59.35,58.95,59.10, 0.00,1300
 99/12/09,10497650,625268845,59.50,59.80,59.45,59.70,+0.60,1523
 99/12/10,5805796,344119654,59.60,59.60,59.15,59.30,-0.40,1157
 99/12/13,5858779,348065394,59.20,59.50,59.20,59.45,+0.15,1190
 99/12/14,11537399,684971795,59.25,59.60,59.10,59.30,-0.15,935
 99/12/15,11414375,677636297,59.30,59.65,59.15,59.60,+0.30,988
 99/12/16,18627435,1112660163,59.65,59.85,59.60,59.70,+0.10,1516
 99/12/17,30719311,1850508741,59.80,60.45,59.80,60.20,+0.50,2076
 99/12/20,13022778,779248151,60.40,60.40,59.50,59.90,-0.30,1725
 99/12/21,10194621,610080032,59.90,60.15,59.65,60.05,+0.15,999
 99/12/22,14734837,885524383,60.40,60.40,60.00,60.05, 0.00,1501
 99/12/23,16447355,993055549,60.05,60.55,60.05,60.45,+0.40,1547
 99/12/24,11190254,674289696,60.45,60.45,60.15,60.20,-0.25,970
 99/12/27,10376432,625717035,60.20,60.55,60.00,60.45,+0.25,941
 99/12/28,12716525,766791764,60.45,60.50,60.10,60.35,-0.10,858
 99/12/29,15210085,917997409,60.35,60.50,60.20,60.50,+0.15,933
 99/12/30,5870907,355424481,60.70,60.80,60.40,60.80,+0.30,824
 99/12/31,13970805,853433428,60.80,61.40,60.75,61.40,+0.60,1726
100/01/03,12033427,740821161,61.60,61.65,61.45,61.45,+0.05,1058
100/01/04,11093455,681759026,61.55,61.60,61.30,61.30,-0.15,996
100/01/05,20764188,1255031256,61.10,61.35,59.90,60.30,-1.00,2368
100/01/06,6883599,413506773,60.25,60.30,59.95,60.20,-0.10,896
100/01/07,12300875,735133600,60.25,60.35,59.40,59.65,-0.55,1702
100/01/10,4241806,253246092,59.75,59.90,59.55,59.85,+0.20,711
100/01/11,12746305,771066255,59.70,61.00,59.70,60.85,+1.00,1484
100/01/12,5713284,348896066,61.00,61.25,60.90,61.10,+0.25,995
100/01/13,10156962,621141415,61.25,61.40,60.80,61.05,-0.05,1350
100/01/14,7317612,446642337,60.95,61.10,60.80,61.00,-0.05,477
100/01/17,5093719,310233887,61.15,61.25,60.70,60.85,-0.15,1033
100/01/18,9691188,592468290,60.55,61.55,60.50,61.35,+0.50,1145
100/01/19,15346271,948521929,61.35,62.15,61.35,62.05,+0.70,1788
100/01/20,5216814,321861850,62.00,62.00,61.60,61.65,-0.40,923
100/01/21,11627990,708961583,61.10,61.45,60.55,61.00,-0.65,1403
100/01/24,17731733,1081663961,61.00,61.20,60.90,60.95,-0.05,789
100/01/25,18634469,1147594608,61.45,61.70,61.40,61.45,+0.50,1437
100/01/26,20930819,1294264613,61.45,62.10,61.45,62.00,+0.55,1253
100/01/27,17156782,1071020014,62.05,62.70,62.05,62.45,+0.45,2070
100/01/28,11849231,743247153,62.50,63.00,62.45,63.00,+0.55,1615
100/02/08,11116268,697462887,63.05,63.20,62.40,62.60,-0.40,1530
100/02/09,12233389,758615054,62.50,62.60,61.70,62.00,-0.60,1461
100/02/10,22906193,1397844338,61.60,61.60,60.75,60.85,-1.15,2936
100/02/11,43872076,2616283272,60.40,60.40,58.50,58.90,-1.95,6551
100/02/14,11080133,657605142,59.05,59.65,59.05,59.40,+0.50,2112
100/02/15,9824500,584163585,59.40,59.90,58.65,59.75,+0.35,1708
100/02/16,20565527,1232166432,59.80,60.10,59.60,59.85,+0.10,2034
100/02/17,6957416,414979580,59.75,59.80,59.40,59.65,-0.20,932
100/02/18,9831511,594817814,60.00,60.85,59.95,60.65,+1.00,1772
100/02/21,14830455,898301279,60.40,60.80,60.15,60.65, 0.00,1247
100/02/22,31460697,1872707744,60.30,60.30,59.30,59.85,-0.80,4044
100/02/23,28150332,1669981084,59.45,59.70,58.80,59.00,-0.85,3513
100/02/24,28688789,1699444439,59.00,59.55,59.00,59.00, 0.00,2306
100/02/25,34452533,2033280317,59.30,59.65,58.45,59.50,+0.50,2775
100/03/01,8004474,478921341,59.70,60.05,59.50,59.95,+0.45,1312
100/03/02,22951405,1369550526,59.45,59.90,59.40,59.45,-0.50,2063
100/03/03,28035273,1677337723,59.55,60.30,59.50,60.20,+0.75,2050
100/03/04,12108845,733065374,60.50,60.70,60.40,60.65,+0.45,1684
100/03/07,14594851,877235791,60.50,60.50,60.00,60.20,-0.45,1036
100/03/08,2590968,156203008,60.05,60.40,60.05,60.25,+0.05,497
100/03/09,11164223,672707820,60.55,60.65,60.00,60.20,-0.05,1133
100/03/10,8147795,485401841,60.15,60.25,59.30,59.50,-0.70,1786
100/03/11,22485249,1319229731,59.05,59.05,58.40,58.85,-0.65,3609
100/03/14,28008968,1633885762,58.60,58.90,57.65,58.80,-0.05,3148
100/03/15,62123047,3543816348,58.70,58.70,55.60,57.50,-1.30,9032
100/03/16,20893632,1202366209,58.00,58.05,57.25,57.30,-0.20,3615
100/03/17,20325995,1156134694,56.80,57.30,56.50,57.30, 0.00,2690
100/03/18,13046311,751747841,57.70,57.80,57.35,57.75,+0.45,1849
100/03/21,18789367,1093702948,57.90,58.50,57.80,58.10,+0.35,2210
100/03/22,17030126,996809815,58.50,58.70,58.35,58.40,+0.30,2310
100/03/23,13061205,763909130,58.40,58.65,58.15,58.50,+0.10,1335
100/03/24,13112684,771549906,58.85,59.00,58.55,58.75,+0.25,1355
100/03/25,12811822,759378107,59.05,59.65,59.05,59.35,+0.60,2377
100/03/28,6845004,404102382,59.25,59.30,58.85,59.15,-0.20,991
100/03/29,5977627,353260287,58.90,59.30,58.75,59.25,+0.10,1010
100/03/30,11142321,663979425,59.40,59.80,59.25,59.60,+0.35,1406
100/03/31,8065305,479324432,59.50,59.70,59.10,59.55,-0.05,932
100/04/01,9617427,574322326,59.60,59.85,59.60,59.85,+0.30,1164
100/04/06,30707811,1869610019,60.00,61.40,60.00,61.15,+1.30,3989
100/04/07,20231471,1236839275,61.35,61.40,60.95,61.30,+0.15,2846
100/04/08,11889885,728183992,61.25,61.50,61.00,61.10,-0.20,1473
100/04/11,16414041,999423644,61.10,61.20,60.75,61.10, 0.00,1148
100/04/12,14749678,887467065,60.80,60.80,59.85,60.05,-1.05,2007
100/04/13,9151628,549444054,59.90,60.40,59.75,60.40,+0.35,1018
100/04/14,5748868,346819017,60.45,60.70,60.05,60.35,-0.05,1051
100/04/15,3910219,234240402,60.40,60.45,59.60,59.65,-0.70,884
100/04/18,5204523,310861684,59.75,59.95,59.45,59.55,-0.10,833
100/04/19,14045591,828487193,59.35,59.35,58.80,59.20,-0.35,2241
100/04/20,11997322,720350343,59.50,60.35,59.50,60.30,+1.10,1726
100/04/21,34318593,2109853770,60.95,61.80,60.95,61.70,+1.40,4141
100/04/22,22105891,1360631513,61.80,61.80,61.45,61.60,-0.10,3340
100/04/25,26924950,1655177571,61.90,62.00,61.25,61.45,-0.15,2595
100/04/26,23837644,1453699517,60.90,61.35,60.70,61.20,-0.25,2384
100/04/27,46502607,2886914483,61.75,62.25,61.75,62.15,+0.95,3460
100/04/28,30767306,1914440156,62.25,62.50,62.00,62.15, 0.00,2312
100/04/29,50487944,3134706959,62.00,62.40,61.65,62.00,-0.15,2559
100/05/03,26662296,1648530949,62.20,62.30,61.50,62.15,+0.15,1727
100/05/04,19729723,1212549276,61.60,61.80,61.10,61.80,-0.35,1522
100/05/05,22314131,1383075601,61.40,62.35,61.30,62.25,+0.45,2059
100/05/06,24042654,1488027798,61.90,62.05,61.65,61.95,-0.30,2180
100/05/09,15561987,970800826,62.10,62.60,61.90,62.30,+0.35,1490
100/05/10,8415421,523328016,62.30,62.30,62.05,62.30, 0.00,823
100/05/11,9690783,602825100,62.50,62.50,61.95,62.05,-0.25,1013
100/05/12,17883859,1106475609,61.70,62.40,61.55,62.25,+0.20,1815
100/05/13,7629363,473373975,62.25,62.25,61.90,62.05,-0.20,1097
100/05/16,16444896,1012125325,61.95,61.95,61.25,61.30,-0.75,1945
100/05/17,16743572,1023690753,61.20,61.45,60.95,61.25,-0.05,1892
100/05/18,5864502,359578917,61.20,61.60,61.15,61.60,+0.35,675
100/05/19,17153738,1057115739,61.60,62.10,61.05,61.05,-0.55,1538
100/05/20,15265328,934690230,61.25,61.50,60.90,61.10,+0.05,1903
100/05/23,38595445,2327332964,60.80,60.80,60.00,60.35,-0.75,3025
100/05/24,26103703,1573207657,60.30,60.45,60.05,60.45,+0.10,1546
100/05/25,22809627,1369585578,60.10,60.40,59.80,60.25,-0.20,2224
100/05/26,7274217,439654243,60.35,60.85,60.20,60.85,+0.60,1141
100/05/27,11665509,708464510,60.65,61.00,60.50,60.60,-0.25,1054
100/05/30,10601687,640953593,60.40,60.75,60.00,60.50,-0.10,882
100/05/31,10825421,665427980,60.80,62.00,60.80,62.00,+1.50,1902
100/06/01,26708920,1662145604,62.00,62.45,61.85,62.35,+0.35,2626
100/06/02,18610346,1153779465,62.00,62.15,61.80,61.90,-0.45,1823
100/06/03,14876730,923387845,62.00,62.25,61.75,62.20,+0.30,855
100/06/07,10967505,678820155,61.90,62.25,61.55,62.20, 0.00,807
100/06/08,14003014,869598964,62.05,62.25,61.85,62.00,-0.20,769
100/06/09,8665746,537319449,61.80,62.10,61.80,62.00, 0.00,579
100/06/10,27188317,1664895252,62.15,62.20,60.50,60.55,-1.45,2903
100/06/13,21849634,1309106540,60.25,60.25,59.60,59.75,-0.80,3490
100/06/14,11523249,695092984,60.00,60.75,59.80,60.75,+1.00,1684
100/06/15,11156149,670739830,60.70,60.70,59.80,60.50,-0.25,1949
100/06/16,23032377,1370265275,59.90,59.90,59.30,59.40,-1.10,3563
100/06/17,20766060,1230364310,59.60,59.70,59.00,59.20,-0.20,2525
100/06/20,21506641,1267009569,59.40,59.50,58.55,58.60,-0.60,2981
100/06/21,15219678,896563995,59.00,59.20,58.65,59.05,+0.45,2302
100/06/22,11737377,694121295,59.50,59.50,58.80,59.20,+0.15,1549
100/06/23,15137694,889061409,58.95,59.10,58.60,58.65,-0.55,1985
100/06/24,27218893,1582930930,58.70,58.70,58.00,58.20,-0.45,5304
100/06/27,27066148,1553984167,57.50,57.85,57.20,57.80,-0.40,5801
100/06/28,11858069,686233902,58.05,58.15,57.50,57.65,-0.15,2772
100/06/29,16310795,952014336,58.00,58.75,57.90,58.65,+1.00,2700
100/06/30,8335428,490029787,58.80,59.00,58.55,58.85,+0.20,1761
100/07/01,13964925,831822233,59.20,59.80,59.20,59.70,+0.85,3077
100/07/04,18908538,1135645374,59.90,60.20,59.90,60.05,+0.35,3528
100/07/05,12622302,756315191,60.00,60.10,59.75,59.95,-0.10,1454
100/07/06,13484727,816467370,60.00,60.70,60.00,60.60,+0.65,2587
100/07/07,11109299,669903957,60.70,60.70,60.15,60.35,-0.25,1364
100/07/08,14932114,899593084,60.50,60.70,59.90,60.05,-0.30,1639
100/07/11,11993498,714982566,59.85,59.95,59.40,59.65,-0.40,1856
100/07/12,48066193,2820748700,59.10,59.10,58.45,58.70,-0.95,7229
100/07/13,39174515,2299380273,58.65,59.00,58.45,58.70, 0.00,3621
100/07/14,39805063,2337247970,59.00,59.05,58.45,58.90,+0.20,3576
100/07/15,18410146,1085949311,59.00,59.25,58.70,59.20,+0.30,2571
100/07/18,20727359,1219849685,59.15,59.20,58.40,59.00,-0.20,2301
100/07/19,8281788,487389392,58.85,59.05,58.65,58.90,-0.10,1663
100/07/20,18866490,1133064951,59.50,60.50,59.50,60.45,+1.55,4232
100/07/21,10880105,657752952,60.45,60.60,60.35,60.60,+0.15,1748
100/07/22,22666868,1382242149,60.85,61.15,60.80,61.00,+0.40,2823
100/07/25,8426021,510022302,60.50,60.85,60.20,60.40,-0.60,1591
100/07/26,15897776,970104530,60.50,61.30,60.50,61.20,+0.80,2096
100/07/27,8730491,534834492,61.20,61.45,61.05,61.35,+0.15,1527
100/07/28,12994800,789602563,60.80,61.00,60.50,60.85,-0.50,1428
100/07/29,13902656,837041345,60.75,60.90,59.90,59.90,-0.95,2361
100/08/01,9200229,554873879,60.50,60.50,60.15,60.35,+0.45,1369
100/08/02,16233742,966367270,59.90,59.90,59.40,59.55,-0.80,3306
100/08/03,41979794,2455504146,58.85,58.85,58.20,58.60,-0.95,8155
100/08/04,40427944,2355742542,58.60,58.85,57.80,57.85,-0.75,7316
100/08/05,93524542,5148697495,55.70,55.70,54.45,54.45,-3.40,17533
100/08/08,88158917,4704480968,54.30,54.65,51.40,53.50,-0.95,13690
100/08/09,137680501,7110075457,51.00,53.50,50.40,53.00,-0.50,22250
100/08/10,51751032,2787726337,53.95,54.25,53.40,54.10,+1.10,11360
100/08/11,35420779,1898917302,53.20,54.50,52.70,54.10, 0.00,7525
100/08/12,38053055,2056414964,54.70,54.85,53.40,53.55,-0.55,6365
100/08/15,13373403,727558265,54.20,54.60,54.10,54.60,+1.05,3732
100/08/16,14509479,791674737,54.80,55.00,54.10,54.35,-0.25,3491
100/08/17,16712226,903174445,54.35,54.50,53.80,53.95,-0.40,3199
100/08/18,29569057,1568453015,53.40,53.45,52.65,52.95,-1.00,6953
100/08/19,46326897,2387285205,51.80,51.90,51.10,51.10,-1.85,10323
100/08/22,36786479,1899902537,51.30,52.45,51.05,51.50,+0.40,6591
100/08/23,25870622,1358144498,52.10,53.35,51.75,53.30,+1.80,5648
100/08/24,25953004,1369368680,53.40,53.40,52.10,52.60,-0.70,5644
100/08/25,16449092,870083609,53.20,53.30,52.35,52.35,-0.25,4069
100/08/26,19422473,1029089294,52.80,53.25,52.60,53.05,+0.70,3882
100/08/29,21399866,1151626604,53.10,54.10,53.10,53.80,+0.75,4993
100/08/30,18853273,1020787255,54.00,54.40,53.85,54.20,+0.40,3354
100/08/31,17721803,962971059,54.10,54.60,53.90,54.55,+0.35,3878
100/09/01,35887333,1996647038,55.05,56.10,55.05,55.15,+0.60,7452
100/09/02,14570110,801215449,55.15,55.30,54.65,55.15, 0.00,3008
100/09/05,20965276,1125983079,53.95,53.95,53.40,53.60,-1.55,5621
100/09/06,25736298,1358382194,53.30,53.35,52.30,52.55,-1.05,7826
100/09/07,15671123,834398468,53.35,53.60,52.90,53.55,+1.00,3503
100/09/08,14964671,805907237,54.00,54.15,53.45,53.70,+0.15,3393
100/09/09,21152336,1147000559,53.55,54.75,53.55,54.15,+0.45,4202
100/09/13,26540677,1405764911,53.60,53.75,52.55,52.65,-1.50,7669
100/09/14,40373887,2097392679,53.15,53.20,51.30,51.60,-1.05,10867
100/09/15,26022723,1371411369,52.70,53.05,52.30,52.85,+1.25,5136
100/09/16,32473140,1752373946,53.50,54.15,53.50,54.10,+1.25,7576
100/09/19,17268247,921332283,53.85,53.85,53.05,53.20,-0.90,3632
100/09/20,18363876,975272669,53.35,53.70,52.50,53.40,+0.20,3904
100/09/21,9744591,521580417,53.40,53.95,53.00,53.60,+0.20,2630
100/09/22,29986277,1562675517,52.60,52.60,51.85,52.10,-1.50,9539
100/09/23,64025634,3218883268,50.50,50.85,49.93,50.35,-1.75,18626
100/09/26,42234917,2104176241,50.25,50.30,49.30,49.32,-1.03,12128
100/09/27,29804690,1515167234,50.50,51.15,50.50,51.10,+1.78,8296
100/09/28,18621269,951921671,51.20,51.30,50.90,51.15,+0.05,4857
100/09/29,14168498,727089186,50.65,51.75,50.60,51.60,+0.45,4286
100/09/30,11847360,610860172,51.45,51.90,51.25,51.65,+0.05,3030
100/10/03,26724933,1348925819,50.75,51.00,50.15,50.30,-1.35,7241
100/10/04,19459519,975289258,49.90,50.75,49.50,50.75,+0.45,5075
100/10/05,13795531,696382310,50.90,50.95,50.20,50.25,-0.50,3858
100/10/06,21005701,1077779812,51.15,51.55,51.00,51.25,+1.00,5356
100/10/07,18355387,951462753,51.80,52.15,51.50,51.55,+0.30,5557
100/10/11,24633728,1302666234,52.75,53.00,52.70,53.00,+1.45,6578
100/10/12,10379445,548499937,52.85,53.10,52.50,52.85,-0.15,3332
100/10/13,12110385,640452091,53.20,53.20,52.65,52.80,-0.05,2737
100/10/14,9843797,518191057,52.60,52.90,52.45,52.45,-0.35,2315
100/10/17,12184723,647427128,53.10,53.45,52.80,53.10,+0.65,3377
100/10/18,18729818,982604433,52.50,52.70,52.20,52.55,-0.55,3396
100/10/19,15305135,804183772,52.60,52.75,52.30,52.35,-0.20,2457
100/10/20,19221415,1000528948,52.55,52.65,51.75,51.75,-0.60,4864
100/10/21,16993828,879234656,51.80,51.95,51.55,51.95,+0.20,3026
100/10/24,27555204,1469394216,52.45,53.60,52.45,53.60,+1.65,6602
100/10/25,23610880,1265806695,53.65,53.70,53.45,53.60, 0.00,4519
100/10/26,24026648,1242830248,51.60,52.15,51.30,52.15,X0.00,5405
100/10/27,23253137,1210817761,52.15,52.30,51.75,52.25,+0.10,3549
100/10/28,36429630,1926724166,53.40,53.45,52.35,52.40,+0.15,5670
100/10/31,16939650,888578737,52.80,52.95,52.10,52.20,-0.20,3056
100/11/01,10920775,572049196,52.20,52.85,51.85,52.55,+0.35,2708
100/11/02,23425870,1214957891,51.60,52.50,51.45,52.40,-0.15,4930
100/11/03,29386123,1517921547,52.00,52.00,51.45,51.45,-0.95,7694
100/11/04,19730524,1034982347,52.20,52.60,52.10,52.30,+0.85,4632
100/11/07,5859419,306927169,52.30,52.55,52.15,52.40,+0.10,1403
100/11/08,13171890,691115178,52.40,52.85,52.15,52.15,-0.25,3079
100/11/09,9946467,520521880,52.50,52.60,52.10,52.20,+0.05,1825
100/11/10,59839061,3037844411,51.25,51.25,50.20,50.55,-1.65,15853
100/11/11,15851515,804453382,50.65,51.05,50.50,50.90,+0.35,4281
100/11/14,22866370,1190190796,51.75,52.25,51.75,52.15,+1.25,6327
100/11/15,6807952,353585075,52.05,52.10,51.75,51.85,-0.30,2021
100/11/16,20231863,1044690193,52.15,52.30,51.10,51.20,-0.65,4562
100/11/17,16465794,838253578,50.90,51.35,50.50,51.35,+0.15,4331
100/11/18,39881720,2013948315,50.70,50.80,50.25,50.30,-1.05,10948
100/11/21,46584537,2301241513,49.90,49.90,49.12,49.23,-1.07,15116
100/11/22,37161151,1824551499,49.23,49.47,48.83,49.02,-0.21,8220
100/11/23,55896531,2689306266,48.80,48.86,47.70,47.85,-1.17,15485
100/11/24,38816971,1852249539,47.80,48.03,47.28,47.86,+0.01,8808
100/11/25,31966850,1522905936,48.24,48.46,47.05,47.44,-0.42,8112
100/11/28,17182607,825538052,48.08,48.30,47.85,48.29,+0.85,4460
100/11/29,13678906,663430312,48.75,48.75,48.20,48.72,+0.43,4492
100/11/30,13561318,652493375,48.50,48.53,47.75,48.08,-0.64,4175
100/12/01,50086140,2509004542,49.60,50.60,49.60,50.30,+2.22,12683
100/12/02,11022944,549622522,50.10,50.25,49.60,49.82,-0.48,3499
100/12/05,9432964,467489757,49.82,49.82,49.20,49.66,-0.16,2772
100/12/06,14698444,719937774,49.50,49.50,48.67,48.69,-0.97,5428
100/12/07,15032896,739326758,49.00,49.33,49.00,49.20,+0.51,3116
100/12/08,14793377,720228258,49.01,49.01,48.40,48.86,-0.34,4111
100/12/09,18170218,877077245,48.00,48.63,48.00,48.24,-0.62,5042
100/12/12,12180038,595325732,48.94,49.09,48.63,48.80,+0.56,2920
100/12/13,9930657,480825791,48.37,48.78,48.17,48.55,-0.25,2661
100/12/14,5907825,286097012,48.54,48.60,48.17,48.59,+0.04,1733
100/12/15,21987047,1049187245,48.01,48.01,47.50,47.50,-1.09,7274
100/12/16,15182560,723476010,47.65,47.81,47.45,47.70,+0.20,3098
100/12/19,25844334,1212666987,47.40,47.40,46.61,46.74,-0.96,7347
100/12/20,7949766,374290634,47.05,47.27,46.91,47.00,+0.26,2779
100/12/21,31925104,1563040092,48.55,49.30,48.55,49.28,+2.28,9985
100/12/22,17260445,849273785,49.27,49.32,48.99,49.16,-0.12,4669
100/12/23,28468548,1423512510,49.89,50.25,49.79,50.00,+0.84,8472
100/12/26,11437678,571147240,50.00,50.05,49.80,49.95,-0.05,3007
100/12/27,15628151,778535955,49.85,50.00,49.62,49.85,-0.10,3212
100/12/28,13472332,669505147,49.75,49.87,49.52,49.57,-0.28,2542
100/12/29,13638499,675607611,49.50,49.72,49.22,49.61,+0.04,3549
100/12/30,19591026,975739189,50.00,50.15,49.59,49.81,+0.20,3238
101/01/02,11331613,556761325,49.45,49.60,48.94,49.06,-0.75,3354
101/01/03,19461977,968039469,49.50,49.95,49.40,49.70,+0.64,4056
101/01/04,23080541,1153014500,49.90,50.15,49.78,50.00,+0.30,3962
101/01/05,21097923,1055241766,50.10,50.15,49.91,50.15,+0.15,2806
101/01/06,28343880,1418225293,50.10,50.25,49.85,50.00,-0.15,2878
101/01/09,14067965,700803447,49.90,49.95,49.63,49.81,-0.19,1838
101/01/10,29305530,1480714650,50.20,50.70,50.20,50.70,+0.89,5600
101/01/11,13541792,686837020,50.70,50.80,50.60,50.65,-0.05,2539
101/01/12,18821732,954956625,50.70,50.85,50.50,50.75,+0.10,3455
101/01/13,39263092,2004901637,51.15,51.25,50.75,50.85,+0.10,7166
101/01/16,28879651,1450782388,51.05,51.10,49.75,50.05,-0.80,4870
101/01/17,15798299,795641484,50.35,50.60,50.10,50.55,+0.50,3024
101/01/18,12506827,631832184,50.55,50.75,50.30,50.40,-0.15,3124
101/01/30,34218903,1780542846,51.40,52.30,51.40,51.80,+1.40,8214
101/01/31,20611434,1073539049,52.00,52.40,51.75,51.95,+0.15,4022
101/02/01,24094799,1259526696,52.20,52.50,52.00,52.30,+0.35,3708
101/02/02,20429817,1078026422,52.70,52.95,52.50,52.90,+0.60,4181
101/02/03,35674566,1889356034,52.95,53.05,52.75,53.05,+0.15,3992
101/02/04,35192801,1885936513,53.35,53.80,53.35,53.65,+0.60,6489
101/02/06,18164280,968437031,53.50,53.50,53.15,53.20,-0.45,3632
101/02/07,19816410,1056101732,53.30,53.60,53.05,53.30,+0.10,2525
101/02/08,39001109,2103272489,53.50,54.45,53.50,54.45,+1.15,5878
101/02/09,36139797,1956532601,54.05,54.40,53.90,54.40,-0.05,3922
101/02/10,28591539,1549003046,54.25,54.55,53.95,53.95,-0.45,2740
101/02/13,26861060,1452199378,54.00,54.35,53.75,54.20,+0.25,3974
101/02/14,23406458,1264230154,54.05,54.25,53.60,54.00,-0.20,2127
101/02/15,41671754,2276165522,54.30,55.00,54.20,54.90,+0.90,5673
101/02/16,22868244,1247877661,54.65,54.85,54.20,54.25,-0.65,2852
101/02/17,35448758,1943346075,54.80,55.20,54.35,54.75,+0.50,3613
101/02/20,31809117,1739727485,54.80,55.05,54.50,54.70,-0.05,2425
101/02/21,15255755,828325256,54.50,54.75,54.00,54.50,-0.20,2499
101/02/22,17125114,937733078,54.30,55.10,54.20,54.85,+0.35,3124
101/02/23,9186327,501209772,54.55,54.75,54.40,54.60,-0.25,1027
101/02/24,9154405,499477298,54.60,54.85,54.25,54.75,+0.15,1304
101/02/29,28925369,1612404203,55.25,56.00,55.25,56.00,+1.25,4957
101/03/01,20105093,1126509659,55.95,56.20,55.85,55.90,-0.10,2732
101/03/02,9084860,506340458,56.00,56.10,55.55,55.60,-0.30,1494
101/03/03,9221806,510988015,55.50,55.55,55.30,55.40,-0.20,1350
101/03/05,17881179,981912838,55.30,55.35,54.80,54.85,-0.55,2770
101/03/06,16219461,883459834,54.90,55.05,54.10,54.60,-0.25,2983
101/03/07,11160667,605163704,54.00,54.50,54.00,54.40,-0.20,1509
101/03/08,15208959,830033429,54.40,54.90,54.15,54.70,+0.30,2019
101/03/09,12918735,708020242,54.70,55.05,54.45,54.95,+0.25,1680
101/03/12,10019478,547427578,55.00,55.00,54.35,54.35,-0.60,1853
101/03/13,18507456,1018488014,54.60,55.30,54.60,55.10,+0.75,2204
101/03/14,23963909,1341865203,56.05,56.20,55.75,55.90,+0.80,3640
101/03/15,7323511,407920549,55.75,55.90,55.50,55.65,-0.25,1224
101/03/16,8511788,472800550,55.50,55.70,55.40,55.40,-0.25,1396
101/03/19,13386685,737058667,55.45,55.65,54.80,55.25,-0.15,1368
101/03/20,6615005,363471565,55.35,55.35,54.70,54.85,-0.40,1134
101/03/21,7561144,415736421,54.85,55.20,54.80,54.85, 0.00,1125
101/03/22,12651661,702269084,54.95,55.75,54.95,55.60,+0.75,2142
101/03/23,5429629,300934713,55.45,55.60,55.30,55.45,-0.15,741
101/03/26,9786648,535418890,55.00,55.25,54.45,54.55,-0.90,2187
101/03/27,10106090,555806364,54.80,55.25,54.75,55.25,+0.70,1486
101/03/28,12034547,667844058,55.45,55.85,55.20,55.45,+0.20,1798
101/03/29,10460778,571795790,55.20,55.20,54.35,54.70,-0.75,2530
101/03/30,8895286,485424630,54.50,54.90,54.20,54.90,+0.20,1591
101/04/02,4412958,241356540,54.90,54.90,54.50,54.70,-0.20,893
101/04/03,9361989,509304232,54.85,54.90,54.10,54.25,-0.45,1851
101/04/05,14638663,781567154,53.45,53.80,53.05,53.65,-0.60,2882
101/04/06,15954729,856067866,53.60,53.85,53.40,53.75,+0.10,2175
101/04/09,18841697,1001375939,53.00,53.50,52.70,53.10,-0.65,2422
101/04/10,6629891,353297656,53.55,53.60,52.90,53.10, 0.00,1393
101/04/11,12285576,652939304,52.70,53.45,52.70,53.30,+0.20,1502
101/04/12,9449544,502034848,53.05,53.40,52.85,53.35,+0.05,1141
101/04/13,8534831,459862540,53.80,54.05,53.65,53.95,+0.60,1702
101/04/16,5518938,296281102,53.45,53.80,53.45,53.80,-0.15,1055
101/04/17,21792243,1160267792,53.90,53.90,52.90,52.90,-0.90,2871
101/04/18,11436286,607456858,53.50,53.50,52.95,53.00,+0.10,1335
101/04/19,9678682,511701826,53.05,53.20,52.50,53.05,+0.05,1843
101/04/20,15623013,820874795,52.90,52.95,52.30,52.35,-0.70,2520
101/04/23,18551636,966264010,52.30,52.40,51.85,52.30,-0.05,2461
101/04/24,6802543,355503105,52.25,52.65,52.05,52.40,+0.10,1157
101/04/25,3254707,171342949,52.60,52.80,52.45,52.70,+0.30,823
101/04/26,5918302,310769467,52.80,52.85,52.20,52.30,-0.40,1176
101/04/27,12943419,678336494,52.60,53.05,52.10,52.20,-0.10,1786
101/04/30,12293303,637993243,52.10,52.10,51.65,52.05,-0.15,1652
101/05/02,12132883,642019332,52.25,53.35,52.20,53.35,+1.30,2402
101/05/03,5177566,274835367,53.25,53.25,52.95,53.10,-0.25,1156
101/05/04,11424808,605745388,52.80,53.30,52.65,53.20,+0.10,1363
101/05/07,21312453,1110096207,52.45,52.45,51.85,52.05,-1.15,4255
101/05/08,9194107,478409512,52.20,52.25,51.90,52.05, 0.00,1509
101/05/09,22880792,1179702034,51.65,51.85,51.35,51.70,-0.35,2669
101/05/10,7132826,368954587,51.60,52.00,51.55,51.70, 0.00,1324
101/05/11,29045919,1486045592,51.60,51.60,51.05,51.15,-0.55,3305
101/05/14,10200944,521119095,51.30,51.30,50.95,51.20,+0.05,1571
101/05/15,21664396,1102135199,50.90,51.20,50.55,51.20, 0.00,2185
101/05/16,32978827,1667294077,51.00,51.10,50.10,50.20,-1.00,4708
101/05/17,7940204,401579291,50.25,50.85,50.25,50.80,+0.60,1754
101/05/18,37830294,1888228710,50.05,50.25,49.62,49.67,-1.13,6960
101/05/21,14716016,735012862,49.95,50.05,49.74,49.95,+0.28,2153
101/05/22,9359416,470511496,50.35,50.40,50.05,50.40,+0.45,1646
101/05/23,23947129,1186430016,49.90,49.90,49.39,49.49,-0.91,4183
101/05/24,12526356,617626551,49.55,49.69,49.15,49.38,-0.11,2512
101/05/25,13503507,662903072,49.45,49.45,48.95,49.01,-0.37,3488
101/05/28,6212453,305318995,49.01,49.47,48.85,49.47,+0.46,1890
101/05/29,17147363,865103932,49.60,50.80,49.60,50.70,+1.23,4182
101/05/30,11745965,587648352,50.35,50.35,49.83,50.10,-0.60,3530
101/05/31,13194698,653341089,49.55,50.15,49.24,50.15,+0.05,3045
101/06/01,13961446,689000920,49.85,49.85,49.10,49.15,-1.00,4151
101/06/04,37179608,1775879110,48.20,48.20,47.45,47.68,-1.47,10311
101/06/05,9722549,469561821,48.42,48.45,48.04,48.30,+0.62,3003
101/06/06,5408098,262472961,48.40,48.72,48.22,48.63,+0.33,2064
101/06/07,6003935,293399154,49.10,49.12,48.63,48.74,+0.11,2293
101/06/08,12950511,622569125,48.57,48.60,47.90,48.00,-0.74,3336
101/06/11,8363770,409171910,48.86,49.07,48.65,48.99,+0.99,2170
101/06/12,5161000,249848160,48.10,48.61,48.10,48.61,-0.38,1314
101/06/13,3990825,194038682,48.61,48.83,48.46,48.71,+0.10,1485
101/06/14,3406033,166321935,48.71,49.00,48.63,48.78,+0.07,1230
101/06/15,6219720,305647702,48.78,49.40,48.68,49.40,+0.62,1968
101/06/18,9888425,496282665,50.40,50.50,50.00,50.20,+0.80,3083
101/06/19,7268598,363095397,50.00,50.10,49.86,49.91,-0.29,1385
101/06/20,9657087,485881114,50.15,50.45,50.15,50.45,+0.54,2133
101/06/21,4587460,229558989,50.20,50.30,49.88,50.15,-0.30,1334
101/06/22,6191984,306255391,49.20,49.62,49.20,49.56,-0.59,2197
101/06/25,7112729,349548894,49.04,49.29,49.03,49.20,-0.36,1899
101/06/26,15276201,748240815,49.00,49.10,48.85,48.99,-0.21,2307
101/06/27,7521013,370467369,48.88,49.50,48.86,49.45,+0.46,1437
101/06/28,10454140,517726577,49.70,49.75,49.43,49.53,+0.08,1881
101/06/29,13651507,681895217,49.48,50.30,49.35,50.20,+0.67,2362
101/07/02,9704279,490223065,50.50,50.70,50.30,50.60,+0.40,2051
101/07/03,17112185,875605502,50.80,51.50,50.75,51.20,+0.60,3842
101/07/04,9961163,513096258,51.45,51.75,51.25,51.40,+0.20,1955
101/07/05,4998944,256906705,51.45,51.65,51.25,51.30,-0.10,1280
101/07/06,11019128,563639233,51.45,51.55,50.95,51.00,-0.30,1554
101/07/09,5879989,298939174,50.80,51.05,50.65,50.95,-0.05,1268
101/07/10,9034377,457488655,50.95,51.00,50.30,50.40,-0.55,2127
101/07/11,4163176,209729714,50.30,50.55,50.15,50.55,+0.15,1032
101/07/12,15500042,772037145,50.45,50.50,49.55,49.65,-0.90,3923
101/07/13,7929169,392375980,49.50,49.70,49.35,49.50,-0.15,1917
101/07/16,6443204,318754192,49.75,49.80,49.25,49.50, 0.00,1729
101/07/17,6753341,336061980,49.50,50.05,49.40,49.85,+0.35,1513
101/07/18,8505798,420343047,49.80,49.80,49.18,49.20,-0.65,2579
101/07/19,7663401,383437843,49.70,50.30,49.66,50.20,+1.00,2686
101/07/20,5701139,285440454,50.15,50.25,49.95,50.15,-0.05,1021
101/07/23,14881209,731893048,49.65,49.70,49.04,49.25,-0.90,4630
101/07/24,22240566,1089951176,49.20,49.20,48.89,49.12,-0.13,3652
101/07/25,16634274,812608519,48.82,49.21,48.51,48.86,-0.26,3469
101/07/26,8170426,400096247,49.33,49.33,48.78,48.94,+0.08,2070
101/07/27,9753125,484417060,49.50,49.95,49.35,49.92,+0.98,2979
101/07/30,10029446,504649636,50.00,50.55,50.00,50.25,+0.33,2671
101/07/31,14837371,752407676,50.50,51.10,50.10,51.10,+0.85,3749
101/08/01,6881841,351450740,50.90,51.30,50.80,51.20,+0.10,2186
101/08/03,5086836,258148949,50.75,50.90,50.55,50.90,-0.30,1509
101/08/06,11035662,570636637,51.90,52.00,51.45,51.55,+0.65,2735
101/08/07,4202938,216575121,51.60,51.65,51.40,51.60,+0.05,1604
101/08/08,9545045,496033404,51.95,52.20,51.70,51.75,+0.15,2585
101/08/09,21225221,1115574094,52.10,52.90,52.10,52.85,+1.10,4939
101/08/10,11291279,597430859,52.85,53.05,52.75,52.80,-0.05,2465
101/08/13,15662135,831228910,53.00,53.25,52.95,53.00,+0.20,2697
101/08/14,16024047,854491801,53.10,53.55,53.00,53.25,+0.25,2613
101/08/15,11946875,634681823,53.20,53.40,52.95,53.05,-0.20,1776
101/08/16,7953827,423898219,53.10,53.50,53.00,53.20,+0.15,1596
101/08/17,5270885,279669055,53.35,53.35,52.95,52.95,-0.25,1068
101/08/20,9862178,520220603,52.85,53.05,52.55,52.80,-0.15,1891
101/08/21,27066882,1449814703,52.95,53.80,52.95,53.40,+0.60,3023
101/08/22,5560943,295805638,53.35,53.40,53.00,53.35,-0.05,2065
101/08/23,8522486,454199582,53.20,53.50,53.15,53.30,-0.05,976
101/08/24,11023694,585207724,53.00,53.20,52.95,53.10,-0.20,1213
101/08/27,7381834,392802836,53.45,53.55,53.00,53.20,+0.10,1043
101/08/28,9135416,480748795,52.95,52.95,52.45,52.50,-0.70,2474
101/08/29,2819315,148463319,52.40,52.80,52.40,52.70,+0.20,767
101/08/30,6947921,364959725,52.45,52.70,52.40,52.55,-0.15,819
101/08/31,3002955,158160865,52.50,52.85,52.45,52.75,+0.20,755
101/09/03,7153672,379685388,52.70,53.25,52.70,53.15,+0.40,1677
101/09/04,7304539,387906709,53.15,53.30,53.00,53.05,-0.10,787
101/09/05,5020171,263425938,52.90,52.90,52.35,52.35,-0.70,1816
101/09/06,5866731,305950489,52.30,52.50,51.90,52.15,-0.20,1469
101/09/07,7668229,406456587,53.10,53.20,52.80,52.95,+0.80,1654
101/09/10,8807199,468548644,52.95,53.35,52.90,53.35,+0.40,1494
101/09/11,8196917,437511851,53.35,53.50,53.25,53.30,-0.05,1189
101/09/12,21342647,1152027183,53.75,54.15,53.75,54.05,+0.75,3689
101/09/13,11501332,623340689,54.20,54.30,54.05,54.15,+0.10,1925
101/09/14,35619400,1967238249,54.80,55.60,54.80,55.50,+1.35,6519
101/09/17,20149767,1120483476,55.50,55.80,55.35,55.60,+0.10,3678
101/09/18,17291813,958882636,55.50,55.60,55.25,55.40,-0.20,2131
101/09/19,20680374,1148672138,55.45,55.75,55.35,55.65,+0.25,2538
101/09/20,12362843,684405295,55.55,55.65,55.10,55.25,-0.40,2088
101/09/21,11670115,647385703,55.35,55.60,55.35,55.45,+0.20,1544
101/09/24,15113535,834210593,55.30,55.70,54.95,55.50,+0.05,1441
101/09/25,7763669,430402673,55.60,55.65,55.25,55.30,-0.20,1106
101/09/26,5912990,324390821,54.90,55.15,54.75,54.90,-0.40,1406
101/09/27,4809219,264439783,54.80,55.15,54.80,55.10,+0.20,1134
101/09/28,4580522,252268059,55.25,55.35,54.80,55.15,+0.05,949
101/10/01,4006626,219963051,55.00,55.10,54.75,55.00,-0.15,989
101/10/02,6552980,361735377,55.10,55.35,54.95,55.25,+0.25,1438
101/10/03,3633269,200292280,55.25,55.30,54.90,55.00,-0.25,950
101/10/04,8104245,444745214,55.00,55.10,54.50,55.05,+0.05,1871
101/10/05,11700336,645230092,55.00,55.30,55.00,55.10,+0.05,1497
101/10/08,9556106,522839691,55.00,55.05,54.55,54.65,-0.45,1440
101/10/09,8493250,463363288,54.75,54.75,54.40,54.40,-0.25,1469
101/10/11,30659151,1639203857,53.70,53.70,53.20,53.30,-1.10,4471
101/10/12,16268409,864868772,53.30,53.40,52.90,53.15,-0.15,2406
101/10/15,10241646,543892789,53.05,53.25,53.00,53.25,+0.10,1814
101/10/16,8036901,429366923,53.40,53.50,53.30,53.50,+0.25,2023
101/10/17,16203149,867885159,53.90,53.90,53.30,53.40,-0.10,2578
101/10/18,11622262,623288652,53.70,53.80,53.45,53.65,+0.25,1356
101/10/19,16779789,892422559,53.60,53.60,53.05,53.25,-0.40,2756
101/10/22,13005865,684719192,52.60,52.90,52.40,52.90,-0.35,2780
101/10/23,30800049,1627934463,52.90,53.10,52.65,52.90, 0.00,3071
101/10/24,18503895,939184120,50.55,51.00,50.45,51.00,X0.00,4736
101/10/25,20563120,1042608341,50.95,50.95,50.45,50.50,-0.50,3878
101/10/26,26363027,1323238227,50.70,50.75,49.87,49.91,-0.59,5996
101/10/29,15100152,755045077,49.99,50.20,49.87,50.00,+0.09,4446
101/10/30,12686436,639301004,50.30,50.65,50.20,50.45,+0.45,2234
101/10/31,6854134,345541815,50.70,50.70,50.20,50.40,-0.05,1963
101/11/01,16368191,818678045,50.10,50.55,49.60,50.35,-0.05,4165
101/11/02,7148546,361768393,50.70,50.70,50.50,50.70,+0.35,1722
101/11/05,8125841,410259966,50.55,50.70,50.30,50.50,-0.20,1684
101/11/06,9619098,486789898,50.65,50.95,50.40,50.90,+0.40,1633
101/11/07,11045662,563105877,50.90,51.20,50.65,51.15,+0.25,2302
101/11/08,9785443,495392872,50.60,50.75,50.50,50.75,-0.40,1959
101/11/09,10005555,508918414,50.35,51.30,50.25,51.10,+0.35,2177
101/11/12,7505345,383046645,51.30,51.30,50.85,50.90,-0.20,2015
101/11/13,14839305,744808945,51.00,51.00,50.00,50.05,-0.85,4737
101/11/14,7656400,383171812,49.95,50.25,49.82,50.15,+0.10,2128
101/11/15,11845749,590222182,50.00,50.25,49.50,50.00,-0.15,3427
101/11/16,13698858,684772855,49.95,50.35,49.78,49.94,-0.06,2788
101/11/19,4365081,219249255,50.30,50.35,50.05,50.25,+0.31,1287
101/11/20,4985835,251375954,50.70,50.70,50.25,50.35,+0.10,1411
101/11/21,13326407,667474240,50.45,50.50,49.70,49.97,-0.38,2986
101/11/22,7869548,395166379,50.30,50.35,50.10,50.20,+0.23,1231
101/11/23,19224255,985123863,50.55,51.80,50.50,51.70,+1.50,6105
101/11/26,13124224,684437782,51.80,52.30,51.80,52.20,+0.50,4681
101/11/27,8538125,446540215,52.20,52.50,52.00,52.40,+0.20,2777
101/11/28,4523801,236735081,52.40,52.50,52.20,52.45,+0.05,1537
101/11/29,19857708,1051076324,52.65,53.10,52.65,53.10,+0.65,4414
101/11/30,29758835,1591443347,53.10,53.70,53.00,53.55,+0.45,5492
101/12/03,11201079,600296733,53.55,53.80,53.20,53.50,-0.05,2355
101/12/04,10697131,569376397,53.05,53.45,53.05,53.45,-0.05,1883
101/12/05,13587588,726432991,53.30,53.80,53.10,53.75,+0.30,2378
101/12/06,11294944,605387670,53.75,53.75,53.45,53.60,-0.15,1265
101/12/07,16314379,879442528,53.65,54.05,53.65,53.90,+0.30,2555
101/12/10,9932783,534102179,53.90,54.05,53.50,53.70,-0.20,1325
101/12/11,8904629,476963059,53.65,53.80,53.30,53.65,-0.05,1489
101/12/12,18649618,1008894172,53.80,54.30,53.80,54.10,+0.45,3439
101/12/13,22337289,1217806436,54.30,54.80,54.25,54.70,+0.60,3521
101/12/14,9058714,492300198,54.60,54.60,54.20,54.20,-0.50,1973
101/12/17,5560398,298483207,54.20,54.20,53.40,53.50,-0.70,2048
101/12/18,6360924,340477615,53.75,53.75,53.40,53.55,+0.05,971
101/12/19,4659401,250353021,53.95,53.95,53.60,53.70,+0.15,999
101/12/20,7276056,387311716,53.35,53.50,53.05,53.05,-0.65,1720
101/12/21,11689407,615644971,53.05,53.20,52.40,52.80,-0.25,3397
101/12/22,4238584,224049465,52.60,53.00,52.60,52.95,+0.15,1454
101/12/24,4391649,231942415,52.90,53.05,52.65,52.70,-0.25,1036
101/12/25,11578037,618370432,52.75,53.70,52.75,53.60,+0.90,2272
101/12/26,18127897,971241798,53.60,53.75,53.40,53.50,-0.10,1633
101/12/27,11013548,588266868,53.20,53.60,53.20,53.45,-0.05,1744
101/12/28,19932723,1072073599,53.70,53.95,53.65,53.80,+0.35,2088
102/01/02,16487837,896311193,54.00,54.65,53.90,54.40,+0.60,3320
102/01/03,29020585,1592306381,54.90,55.05,54.65,54.85,+0.45,5427
102/01/04,9837846,536506095,54.85,54.85,54.40,54.50,-0.35,2058
102/01/07,8910880,483016448,54.55,54.55,53.90,54.25,-0.25,2039
102/01/08,12507357,673988953,54.00,54.20,53.65,53.90,-0.35,1821
102/01/09,7529070,407184170,53.75,54.30,53.75,54.10,+0.20,1450
102/01/10,13953703,760152853,54.30,54.65,54.15,54.50,+0.40,2121
102/01/11,11837820,646270933,54.70,54.80,54.35,54.45,-0.05,1246
102/01/14,7282035,393924688,54.00,54.50,53.80,54.50,+0.05,1728
102/01/15,6609521,357735290,54.20,54.45,53.90,54.00,-0.50,1605
102/01/16,8142003,438232812,54.05,54.05,53.70,53.70,-0.30,1769
102/01/17,10084179,541562513,53.90,54.20,53.20,53.30,-0.40,2611
102/01/18,5410035,291355474,53.95,53.95,53.70,53.95,+0.65,1210
102/01/21,4525979,243871866,53.95,54.05,53.55,53.90,-0.05,1007
102/01/22,10501391,567964392,54.30,54.30,53.70,54.05,+0.15,1340
102/01/23,7266884,392940336,54.20,54.30,53.90,54.00,-0.05,949
102/01/24,11334440,608084018,53.75,53.90,53.25,53.70,-0.30,2174
102/01/25,8521237,455161001,53.65,53.70,53.20,53.50,-0.20,2047
102/01/28,8708776,468347261,53.70,53.95,53.65,53.75,+0.25,1422
102/01/29,21973443,1191890832,53.95,54.50,53.95,54.50,+0.75,2958
102/01/30,21672090,1183403953,54.50,54.75,54.45,54.60,+0.10,2765
102/01/31,12643402,688778596,54.50,54.60,54.30,54.60, 0.00,1555
102/02/01,15057838,824656103,54.70,54.85,54.60,54.80,+0.20,2498
102/02/04,30980908,1709855941,54.85,55.40,54.85,55.20,+0.40,4899
102/02/05,15988259,878945424,54.90,55.10,54.90,55.00,-0.20,2022
102/02/06,29434091,1629883506,55.20,55.50,55.20,55.40,+0.40,3827
102/02/18,29739642,1655483556,55.50,55.90,55.45,55.60,+0.20,2829
102/02/19,16817277,936044921,55.60,55.75,55.55,55.65,+0.05,1926
102/02/20,21814406,1223538584,55.90,56.20,55.90,56.10,+0.45,3536
102/02/21,9951139,556203668,55.90,56.05,55.70,55.70,-0.40,2162
102/02/22,9130884,507371869,55.60,55.85,55.35,55.50,-0.20,1907
102/02/23,6375899,355758998,55.70,55.90,55.65,55.80,+0.30,886
102/02/25,10431887,580781767,55.80,55.80,55.55,55.70,-0.10,921
102/02/26,6753666,372791222,55.25,55.40,55.05,55.10,-0.60,1683
102/02/27,4605027,253713018,55.05,55.20,54.95,55.20,+0.10,1056
102/03/01,5730057,317569049,55.35,55.55,55.30,55.40,+0.20,1133
102/03/04,8270213,454255027,55.40,55.45,54.70,54.75,-0.65,2853
102/03/05,16081480,884932685,54.90,55.35,54.90,55.20,+0.45,1337
102/03/06,4640574,257530596,55.70,55.75,55.20,55.45,+0.25,1132
102/03/07,5956438,330452404,55.20,55.65,55.20,55.40,-0.05,745
102/03/08,12380659,690617215,55.60,55.90,55.60,55.80,+0.40,1795
102/03/11,12066208,674388210,55.80,56.10,55.60,55.90,+0.10,1693
102/03/12,7442935,415510001,55.90,56.00,55.55,55.55,-0.35,1267
102/03/13,10205851,568131569,55.60,55.95,55.30,55.65,+0.10,1807
102/03/14,12133109,672910988,55.50,55.60,55.35,55.60,-0.05,1722
102/03/15,9551506,529341414,55.60,55.70,55.20,55.20,-0.40,1540
102/03/18,13219182,721312160,55.00,55.00,54.30,54.50,-0.70,4099
102/03/19,3373726,184302099,54.70,54.75,54.50,54.60,+0.10,1324
102/03/20,8821393,479367586,54.35,54.55,54.15,54.25,-0.35,2180
102/03/21,4929633,267993890,54.40,54.45,54.25,54.30,+0.05,1351
102/03/22,8202388,445102188,54.20,54.35,54.15,54.15,-0.15,1604
102/03/25,2648667,144567062,54.75,54.75,54.45,54.55,+0.40,988
102/03/26,1956026,106683407,54.55,54.60,54.45,54.55, 0.00,1101
102/03/27,4540031,248241182,54.60,54.85,54.45,54.70,+0.15,1056
102/03/28,3315710,180675642,54.70,54.75,54.40,54.55,-0.15,1013
102/03/29,5875788,322903337,54.85,55.15,54.70,55.10,+0.55,1463
102/04/01,3729172,205265726,55.10,55.20,54.95,55.00,-0.10,1015
102/04/02,4937409,271289272,55.00,55.10,54.70,54.85,-0.15,1448
102/04/03,2925659,160975955,55.10,55.15,54.90,55.00,+0.15,794
102/04/08,18559790,1002859874,54.45,54.50,53.85,53.85,-1.15,5134
102/04/09,7681461,413470694,54.00,54.05,53.60,53.70,-0.15,3301
102/04/10,3118305,167629813,53.75,53.95,53.60,53.80,+0.10,1399
102/04/11,9842030,533757668,53.95,54.40,53.95,54.35,+0.55,1971
102/04/12,2297003,124825799,54.40,54.50,54.20,54.35, 0.00,735
102/04/15,4111521,221986028,54.25,54.35,53.75,53.90,-0.45,1193
102/04/16,5150419,276686993,53.50,54.00,53.45,54.00,+0.10,1462
102/04/17,4995060,269565940,54.00,54.10,53.85,53.90,-0.10,902
102/04/18,5605761,301895347,53.55,54.10,53.55,53.85,-0.05,987
102/04/19,22459000,1237683667,54.25,55.50,54.25,55.45,+1.60,5315
102/04/22,11412387,633681675,55.55,55.65,55.30,55.40,-0.05,2471
102/04/23,3673886,202446391,55.40,55.40,54.95,55.10,-0.30,1034
102/04/24,12432393,690770599,55.35,55.75,55.25,55.55,+0.45,2721
102/04/25,11885352,661449706,55.45,55.75,55.40,55.65,+0.10,2194
102/04/26,11113050,622403221,55.80,56.20,55.80,55.85,+0.20,2986
102/04/29,8140413,454738921,55.90,56.00,55.75,55.80,-0.05,1781
102/04/30,17616881,994043474,56.25,56.55,56.25,56.40,+0.60,3793
102/05/02,15919943,899914379,56.35,56.65,56.35,56.55,+0.15,2684
102/05/03,13217634,751481268,56.85,57.00,56.65,56.65,+0.10,2300
102/05/06,8575588,488875027,57.00,57.15,56.90,56.90,+0.25,2033
102/05/07,14262007,813797499,56.90,57.20,56.80,57.10,+0.20,2240
102/05/08,21793386,1258269249,57.20,58.10,57.20,57.85,+0.75,4030
102/05/09,17797101,1037335180,58.20,58.45,58.15,58.20,+0.35,2954
102/05/10,9240965,535856639,58.10,58.15,57.85,57.90,-0.30,1698
102/05/13,6700177,387395932,57.90,58.00,57.60,57.75,-0.15,1088
102/05/14,10934122,634102226,58.00,58.25,57.75,57.90,+0.15,1790
102/05/15,11719865,678723820,58.10,58.10,57.65,57.95,+0.05,2143
102/05/16,32187846,1888455526,58.50,58.90,58.40,58.70,+0.75,4533
102/05/17,8651843,506338140,58.60,58.70,58.40,58.40,-0.30,1880
102/05/20,7993319,466046373,58.30,58.50,58.10,58.30,-0.10,1449
102/05/21,6989772,408198029,58.35,58.70,58.15,58.30, 0.00,1187
102/05/22,7429351,433863893,58.65,58.70,58.20,58.25,-0.05,1176
102/05/23,14865840,854334512,57.90,58.00,57.00,57.00,-1.25,3514
102/05/24,6949631,395777002,57.00,57.20,56.60,56.85,-0.15,1688
102/05/27,3285598,187924976,56.80,57.35,56.80,57.35,+0.50,1116
102/05/28,2342716,134258644,57.40,57.45,57.15,57.15,-0.20,754
102/05/29,7988608,460199379,57.35,57.80,57.35,57.65,+0.50,1178
102/05/30,8823666,503172389,57.40,57.45,56.85,56.95,-0.70,1746
102/05/31,9240119,528579918,57.50,57.70,56.80,56.95, 0.00,1733
102/06/03,6538988,369199492,56.45,56.75,56.25,56.70,-0.25,1775
102/06/04,4243204,239911728,56.70,56.80,56.35,56.60,-0.10,965
102/06/05,3459608,195736906,56.55,56.75,56.35,56.60, 0.00,829
102/06/06,15077276,843973096,56.20,56.30,55.75,55.90,-0.70,3594
102/06/07,9058196,507189027,55.95,56.15,55.90,56.05,+0.15,1488
102/06/10,3505343,198281891,56.55,56.70,56.40,56.50,+0.45,1192
102/06/11,4689065,264735617,56.55,56.65,56.25,56.35,-0.15,997
102/06/13,33023834,1823370059,55.90,55.90,55.00,55.00,-1.35,6985
102/06/14,18099232,994221942,55.15,55.15,54.70,54.80,-0.20,3768
102/06/17,5347377,294417027,54.85,55.15,54.80,55.15,+0.35,1799
102/06/18,8771556,483236999,55.15,55.40,54.85,55.40,+0.25,1967
102/06/19,6076740,336207455,55.50,55.50,55.15,55.30,-0.10,1057
102/06/20,25487892,1389253031,55.00,55.00,54.20,54.25,-1.05,6014
102/06/21,34639623,1853783057,54.10,54.10,53.25,53.60,-0.65,8449
102/06/24,21260360,1132613599,53.40,53.50,53.10,53.40,-0.20,5098
102/06/25,19437447,1034612098,53.30,53.70,52.95,53.00,-0.40,4591
102/06/26,9915925,531376780,53.60,53.80,53.30,53.70,+0.70,3696
102/06/27,22275200,1205472258,54.05,54.35,53.90,54.35,+0.65,3704
102/06/28,13714432,751100239,54.40,55.10,54.30,55.10,+0.75,3458
102/07/01,13788335,763383444,54.80,55.70,54.80,55.60,+0.50,3037
102/07/02,4672336,259565154,55.65,55.75,55.45,55.50,-0.10,1354
102/07/03,7004292,385469799,55.20,55.40,54.85,54.85,-0.65,1985
102/07/04,4877072,268102694,54.90,55.15,54.80,54.95,+0.10,1002
102/07/05,17674559,986410395,55.25,56.05,55.20,56.05,+1.10,3536
102/07/08,8666116,477968424,56.05,56.05,54.95,55.00,-1.05,2691
102/07/09,4074161,225977952,55.00,55.70,54.95,55.65,+0.65,1513
102/07/10,9107840,510560539,55.75,56.30,55.65,55.80,+0.15,2369
102/07/11,30308916,1728349862,56.75,57.40,56.70,57.20,+1.40,6127
102/07/12,12910000,739250700,57.20,57.40,57.10,57.35,+0.15,2398
102/07/15,14187888,815949882,57.35,57.70,57.10,57.50,+0.15,2434
102/07/16,9554028,549362591,57.50,57.60,57.35,57.50, 0.00,1724
102/07/17,12990199,747619681,57.40,57.75,57.35,57.60,+0.10,2110
102/07/18,12640447,723858943,57.60,57.65,57.10,57.20,-0.40,2128
102/07/19,24692954,1385796832,56.90,56.90,55.75,55.95,-1.25,5173
102/07/22,5257632,295654456,56.15,56.40,56.10,56.15,+0.20,1382
102/07/23,8971869,510606898,56.50,57.20,56.50,57.05,+0.90,2838
102/07/24,4960850,282334850,56.80,57.15,56.80,56.90,-0.15,1618
102/07/25,4111707,234028765,56.80,57.15,56.50,57.00,+0.10,1241
102/07/26,4896127,279404379,57.00,57.40,56.70,56.90,-0.10,1011
102/07/29,5925434,334904486,56.70,56.85,56.25,56.50,-0.40,1497
102/07/30,10121624,576372668,56.75,57.15,56.50,56.95,+0.45,1249
102/07/31,4383656,248571828,56.95,56.95,56.55,56.60,-0.35,1140
102/08/01,7468236,420330725,56.55,56.65,56.05,56.20,-0.40,1864
102/08/02,6840267,387353274,56.60,57.00,56.35,56.55,+0.35,1375
102/08/05,2877732,162791874,56.50,56.80,56.25,56.70,+0.15,1074
102/08/06,20739753,1158970776,56.40,56.40,55.75,55.90,-0.80,4604
102/08/07,21061146,1163901589,55.55,55.55,55.10,55.10,-0.80,5564
102/08/08,25089681,1379035959,55.00,55.10,54.80,54.90,-0.20,5058
102/08/09,25862360,1417930574,54.90,55.10,54.65,54.85,-0.05,4143
102/08/12,12024912,659841614,55.00,55.05,54.70,55.00,+0.15,2689
102/08/13,7627486,422919658,55.35,55.55,55.30,55.55,+0.55,2120
102/08/14,11120302,614619593,55.55,55.55,55.10,55.40,-0.15,2030
102/08/15,17432561,954337876,54.85,55.05,54.50,55.00,-0.40,4363
102/08/16,17785551,978460432,54.65,55.45,54.65,55.25,+0.25,2438
102/08/19,8438620,464099757,55.05,55.10,54.85,55.10,-0.15,1631
102/08/20,19856498,1086946503,54.85,55.15,54.50,54.60,-0.50,4055
102/08/22,30612447,1655599727,54.30,54.35,53.85,54.15,-0.45,7481
102/08/23,16798781,920166255,54.50,55.00,54.50,54.85,+0.70,3612
102/08/26,6650143,365856474,55.00,55.20,54.75,55.10,+0.25,1792
102/08/27,7339895,402257761,55.00,55.00,54.60,54.60,-0.50,1770
102/08/28,9583954,522647708,54.35,54.75,54.30,54.75,+0.15,3205
102/08/29,12791404,708453609,54.85,55.60,54.85,55.50,+0.75,3687
102/08/30,11435856,637169530,55.60,55.85,55.40,55.85,+0.35,2375
102/09/02,20804919,1168126905,55.95,56.40,55.90,56.30,+0.45,4386
102/09/03,20556239,1163846548,56.60,56.70,56.40,56.65,+0.35,3910
102/09/04,10480444,591077767,56.50,56.60,56.25,56.55,-0.10,1958
102/09/05,21411913,1215478542,56.70,56.95,56.55,56.90,+0.35,3594
102/09/06,22393275,1275634725,56.85,57.05,56.85,57.00,+0.10,3240
102/09/09,17058581,973707355,57.00,57.30,56.70,57.20,+0.20,3490
102/09/10,23422376,1344057399,57.35,57.60,57.15,57.35,+0.15,3480
102/09/11,20577058,1180087008,57.50,57.50,57.10,57.50,+0.15,3196
102/09/12,12988288,747456799,57.40,57.70,57.30,57.55,+0.05,2609
102/09/13,5616027,321689664,57.50,57.60,57.10,57.10,-0.45,1447
102/09/14,6236106,356165524,57.15,57.25,57.05,57.10, 0.00,1068
102/09/16,14816216,856213071,57.45,57.95,57.45,57.80,+0.70,3739
102/09/17,6240628,359786428,57.50,57.75,57.50,57.75,-0.05,1343
102/09/18,14816839,855895353,57.90,58.00,57.55,57.55,-0.20,1585
102/09/23,10272430,594937074,57.55,58.15,57.50,58.00,+0.45,2144
102/09/24,10109391,585958178,58.00,58.10,57.75,58.05,+0.05,1246
102/09/25,4177369,241141358,58.00,58.00,57.60,57.80,-0.25,1038
102/09/26,4355788,249816271,57.70,57.80,57.20,57.25,-0.55,1653
102/09/27,4768533,273846827,57.40,57.55,57.35,57.40,+0.15,764
102/09/30,16694045,952581260,57.00,57.30,56.75,57.15,-0.25,1620
102/10/01,15431775,882515976,57.00,57.30,57.00,57.15, 0.00,1054
102/10/02,11303711,648114852,57.50,57.50,57.25,57.35,+0.20,644
102/10/03,23774643,1387027242,57.50,58.80,57.45,58.55,+1.20,4248
102/10/04,16689318,974553372,58.50,58.55,58.25,58.45,-0.10,2365
102/10/07,4869744,282120552,58.15,58.15,57.85,57.90,-0.55,1346
102/10/08,9440826,549339920,57.85,58.45,57.80,58.35,+0.45,1454
102/10/09,6006272,349660364,58.10,58.35,58.00,58.20,-0.15,1473
102/10/11,9045228,530474251,58.85,58.95,58.40,58.45,+0.25,2197
102/10/14,6623978,385079299,58.40,58.40,57.95,58.00,-0.45,1463
102/10/15,8042634,470229772,58.45,58.60,58.30,58.50,+0.50,2213
102/10/16,7029103,410205350,58.45,58.60,58.25,58.25,-0.25,1844
102/10/17,5062547,296652655,58.65,58.85,58.45,58.55,+0.30,1332
102/10/18,14818570,872614980,58.65,59.10,58.65,59.05,+0.50,3248
102/10/21,6552193,386605237,59.05,59.15,58.85,59.00,-0.05,1722
102/10/22,7199462,424384758,58.80,59.10,58.60,59.00, 0.00,1907
102/10/23,8639415,508499416,59.10,59.10,58.60,58.70,-0.30,1854
102/10/24,7935549,455537474,57.70,57.70,57.15,57.55,X0.00,2173
102/10/25,11177175,638101042,57.35,57.35,56.85,57.10,-0.45,3667
102/10/28,6936708,398366820,57.15,57.65,57.10,57.50,+0.40,1736
102/10/29,5790985,333532119,57.45,57.80,57.30,57.75,+0.25,1313
102/10/30,4375748,252901791,57.80,57.90,57.65,57.90,+0.15,1240
102/10/31,6045775,349993250,57.85,58.05,57.60,57.90, 0.00,1492
102/11/01,6293364,362802228,58.00,58.10,57.45,57.60,-0.30,1612
102/11/04,6647499,380466626,57.40,57.40,57.10,57.35,-0.25,2102
102/11/05,7879372,448706061,57.25,57.35,56.75,56.80,-0.55,2598
102/11/06,4717161,267847827,56.80,56.90,56.60,56.80, 0.00,1698
102/11/07,4901449,277659985,56.85,56.85,56.50,56.65,-0.15,1630
102/11/08,6209803,350923675,56.60,56.65,56.35,56.45,-0.20,1939
102/11/11,8237847,463973321,56.45,56.50,56.20,56.30,-0.15,2594
102/11/12,6243339,352233375,56.60,56.60,56.20,56.50,+0.20,1737
102/11/13,17168796,960655076,56.25,56.30,55.70,55.75,-0.75,4884
102/11/14,15583085,870463710,56.00,56.10,55.65,55.90,+0.15,3495
102/11/15,12722507,714440665,56.10,56.35,55.90,56.15,+0.25,3079
102/11/18,5565731,313864114,56.35,56.50,56.20,56.45,+0.30,1834
102/11/19,8478759,480733824,56.55,56.85,56.55,56.80,+0.35,2094
102/11/20,9701799,548101949,56.65,56.70,56.35,56.45,-0.35,2514
102/11/21,35062264,1947623471,56.10,56.10,55.40,55.45,-1.00,9065
102/11/22,10937407,607995596,55.50,55.70,55.50,55.50,+0.05,3314
102/11/25,10345365,582454673,56.15,56.50,56.15,56.25,+0.75,2827
102/11/26,9878559,558861474,56.00,56.90,56.00,56.70,+0.45,2404
102/11/27,8118057,462140733,56.70,57.05,56.65,57.00,+0.30,2274
102/11/28,11237010,644295393,57.35,57.45,57.20,57.35,+0.35,2803
102/11/29,14720545,846658034,57.35,57.70,57.25,57.55,+0.20,2727
102/12/02,5600990,321900939,57.60,57.70,57.35,57.45,-0.10,1672
102/12/03,7385103,423383862,57.35,57.50,57.15,57.50,+0.05,1668
102/12/04,7401796,425548315,57.25,57.65,57.20,57.45,-0.05,1972
102/12/05,6056780,346321000,57.45,57.50,57.00,57.10,-0.35,1628
102/12/06,4023610,230202816,57.05,57.40,56.90,57.15,+0.05,1266
102/12/09,8645140,499380365,57.55,57.95,57.55,57.65,+0.50,2870
102/12/10,6866804,396596602,57.55,57.90,57.55,57.80,+0.15,1562
102/12/11,10106222,585498669,57.95,58.30,57.65,57.85,+0.05,2213
102/12/12,4216323,241964618,57.60,57.60,57.20,57.40,-0.45,1478
102/12/13,5099860,292052296,57.10,57.40,57.05,57.35,-0.05,1402
102/12/16,6971824,396351979,57.25,57.25,56.70,56.90,-0.45,1845
102/12/17,3090413,176775069,57.15,57.30,57.10,57.20,+0.30,907
102/12/18,3488194,198913319,57.20,57.20,56.85,57.00,-0.20,1013
102/12/19,6051598,347058762,57.40,57.50,57.15,57.35,+0.35,1163
102/12/20,4317836,247994045,57.35,57.55,57.20,57.45,+0.10,890
102/12/23,9016858,521687914,57.55,58.00,57.55,57.85,+0.40,2510
102/12/24,5052909,292130170,57.85,57.90,57.70,57.80,-0.05,1644
102/12/25,3321019,192087677,57.90,57.95,57.75,57.85,+0.05,914
102/12/26,3417207,197708261,57.85,57.95,57.80,57.85, 0.00,636
102/12/27,12606977,732657190,57.80,58.40,57.80,58.30,+0.45,3089
102/12/30,18118818,1064065626,58.35,58.95,58.35,58.80,+0.50,3293
102/12/31,12256516,722130011,59.05,59.05,58.70,58.70,-0.10,2036
103/01/02,10762073,629994789,58.70,58.75,58.35,58.55,-0.15,2326
103/01/03,14509506,840196483,58.45,58.45,57.70,57.85,-0.70,3606
103/01/06,14870810,857370777,57.75,57.95,57.55,57.70,-0.15,3651
103/01/07,13128332,758131999,57.75,57.90,57.70,57.70, 0.00,2582
103/01/08,7605215,439845285,57.70,57.95,57.70,57.80,+0.10,1997
103/01/09,8571228,493178086,57.65,57.80,57.40,57.55,-0.25,2329
103/01/10,4741624,272992903,57.50,57.65,57.50,57.55, 0.00,1027
103/01/13,6179869,358200472,58.00,58.20,57.80,57.90,+0.35,1649
103/01/14,4276441,246832293,57.70,57.85,57.60,57.80,-0.10,1753
103/01/15,11675845,680334063,57.95,58.45,57.95,58.40,+0.60,3783
103/01/16,12771698,749062443,58.50,58.75,58.50,58.55,+0.15,2648
103/01/17,8169584,478201524,58.60,58.70,58.30,58.65,+0.10,2188
103/01/20,5627156,330310001,58.40,58.80,58.40,58.80,+0.15,2155
103/01/21,6963662,408195578,58.75,58.85,58.50,58.55,-0.25,984
103/01/22,6838219,400293473,58.45,58.65,58.35,58.65,+0.10,2088
103/01/23,6904868,404192804,58.60,58.75,58.35,58.50,-0.15,1588
103/01/24,10706035,627470683,58.30,58.80,58.30,58.65,+0.15,1417
103/01/27,21325343,1228049744,58.10,58.20,57.45,57.60,-1.05,5733
103/02/05,57559609,3221379831,56.40,56.40,55.60,55.80,-1.80,14073
103/02/06,12853797,719872613,55.95,56.20,55.80,56.00,+0.20,4307
103/02/07,16027524,906121727,56.40,56.70,56.30,56.60,+0.60,4581
103/02/10,6020179,341784486,56.90,56.90,56.60,56.60, 0.00,2230
103/02/11,5582078,317077336,56.60,56.95,56.60,56.95,+0.35,1312
103/02/12,18604541,1067688348,57.15,57.55,57.15,57.55,+0.60,3367
103/02/13,8235696,472958789,57.45,57.55,57.35,57.40,-0.15,1407
103/02/14,22328857,1295999585,57.70,58.20,57.70,57.95,+0.55,4400
103/02/17,15434959,896780422,58.10,58.25,57.95,57.95, 0.00,2094
103/02/18,13088686,759134214,57.95,58.15,57.80,58.15,+0.20,2463
103/02/19,13366688,776753628,58.10,58.20,58.05,58.15, 0.00,1499
103/02/20,13737331,793857746,58.05,58.05,57.60,57.65,-0.50,1890
103/02/21,17317428,1009724094,58.40,58.45,58.20,58.20,+0.55,3615
103/02/24,7368063,427851584,58.40,58.45,57.80,57.90,-0.30,1848
103/02/25,8621993,500963922,58.25,58.25,57.95,58.15,+0.25,2155
103/02/26,8953651,522326087,58.00,58.50,57.95,58.40,+0.25,1914
103/02/27,3676458,214534731,58.30,58.45,58.30,58.30,-0.10,906
103/03/03,8020935,463398140,57.80,58.15,57.50,57.95,-0.35,1774
103/03/04,6185686,357739238,57.90,58.00,57.70,57.70,-0.25,1815
103/03/05,6901618,402695756,58.20,58.45,58.20,58.30,+0.60,2290
103/03/06,26226639,1543672801,58.35,59.20,58.35,59.15,+0.85,5539
103/03/07,30394804,1808621977,59.30,59.80,59.30,59.40,+0.25,4273
103/03/10,7930817,468535003,59.30,59.40,58.95,59.05,-0.35,2428
103/03/11,4967719,294581577,59.25,59.45,59.15,59.35,+0.30,939
103/03/12,2671739,157215101,58.85,59.00,58.75,58.80,-0.55,780
103/03/13,25692825,1533321519,59.25,59.80,59.25,59.75,+0.95,5067
103/03/14,13449615,796078253,59.15,59.30,59.10,59.15,-0.60,2387
103/03/17,8983182,529913736,59.15,59.20,58.90,59.05,-0.10,1192
103/03/18,14863279,882016725,59.40,59.50,59.20,59.40,+0.35,1425
103/03/19,9855394,583117233,59.40,59.45,58.95,59.25,-0.15,1261
103/03/20,18482909,1079233363,58.70,58.70,58.30,58.50,-0.75,3326
103/03/21,4142984,242514600,58.65,58.65,58.40,58.50, 0.00,1093
103/03/24,11346270,663112880,58.45,58.65,58.25,58.65,+0.15,1385
103/03/25,4915027,289304520,58.50,59.15,58.50,59.15,+0.50,1386
103/03/26,9980170,594390452,59.45,59.70,59.35,59.70,+0.55,1903
103/03/27,11258157,671284506,59.50,59.85,59.45,59.80,+0.10,1447
103/03/28,20164890,1208961939,59.85,60.10,59.80,59.90,+0.10,2586
103/03/31,17186901,1032021422,60.05,60.15,59.90,60.10,+0.20,2088
103/04/01,28836222,1742191068,60.25,60.60,60.20,60.60,+0.50,3203
103/04/02,19104855,1164181333,60.80,61.15,60.80,60.80,+0.20,2138
103/04/03,12620330,766517855,60.80,60.95,60.65,60.65,-0.15,1334
103/04/07,11380319,687722237,60.40,60.50,60.30,60.50,-0.15,1114
103/04/08,14011887,850681912,60.45,60.90,60.45,60.80,+0.30,1203
103/04/09,12067064,736215354,60.80,61.10,60.80,61.00,+0.20,1546
103/04/10,13486974,823824535,61.25,61.30,60.90,61.20,+0.20,1379
103/04/11,15019135,916078435,60.80,61.15,60.80,61.15,-0.05,1216
103/04/14,13397003,818202956,61.10,61.20,60.90,61.05,-0.10,1201
103/04/15,13893416,852294773,61.20,61.45,61.20,61.35,+0.30,1536
103/04/16,7049691,432479784,61.35,61.50,61.10,61.30,-0.05,971
103/04/17,3531783,216347762,61.30,61.40,61.10,61.15,-0.15,753
103/04/18,7072752,436080993,61.75,61.90,61.50,61.55,+0.40,1010
103/04/21,3405648,209616454,61.45,61.65,61.45,61.55, 0.00,723
103/04/22,9137755,564338510,61.55,61.95,61.55,61.75,+0.20,1182
103/04/23,5487114,339123359,61.85,62.05,61.50,61.65,-0.10,1009
103/04/24,4518205,278868794,61.70,61.80,61.60,61.75,+0.10,635
103/04/25,22903168,1397360353,61.65,61.80,60.60,60.70,-1.05,2363
103/04/28,8482863,516757486,60.30,61.50,60.30,61.25,+0.55,1696
103/04/29,6518965,399867438,61.25,61.50,61.10,61.35,+0.10,880
103/04/30,5598140,341881232,61.40,61.45,60.80,61.00,-0.35,916
103/05/02,7646838,469116738,61.15,61.65,61.15,61.30,+0.30,844
103/05/05,6845893,419278572,61.55,61.60,61.00,61.20,-0.10,704
103/05/06,10313513,632333847,61.50,61.75,61.10,61.55,+0.35,1010
103/05/07,7877926,483709781,61.50,61.60,61.20,61.40,-0.15,581
103/05/08,3831478,236336647,61.60,61.85,61.40,61.85,+0.45,1143
103/05/09,3932389,242254650,61.70,61.85,61.45,61.45,-0.40,955
103/05/12,3933661,240843294,61.50,61.50,61.10,61.15,-0.30,820
103/05/13,5610714,345231830,61.60,61.75,61.35,61.45,+0.30,690
103/05/14,10739563,662001739,61.60,61.80,61.45,61.80,+0.35,774
103/05/15,8903574,549372988,61.75,61.85,61.55,61.75,-0.05,756
103/05/16,9138648,563132512,61.65,61.85,61.40,61.85,+0.10,784
103/05/19,7165881,443514372,61.85,62.00,61.80,61.85, 0.00,768
103/05/20,9946886,617828250,61.90,62.30,61.90,62.10,+0.25,1113
103/05/21,6524205,404622181,62.00,62.20,61.75,61.80,-0.30,747
103/05/22,14665439,914426214,62.00,62.65,61.95,62.65,+0.85,1617
103/05/23,13448718,843990036,62.85,62.90,62.65,62.75,+0.10,935
103/05/26,8643880,544729767,62.85,63.10,62.85,63.05,+0.30,1125
103/05/27,8034252,506976535,63.05,63.20,62.95,63.10,+0.05,946
103/05/28,11647085,739627943,63.15,63.80,63.15,63.70,+0.60,1820
103/05/29,9544840,606469579,63.70,63.70,63.40,63.40,-0.30,1696
103/05/30,6715690,424930735,63.40,63.45,63.10,63.10,-0.30,887
103/06/03,5110138,322847314,63.15,63.45,62.80,63.15,+0.05,1121
103/06/04,3390223,215048603,63.40,63.55,63.30,63.40,+0.25,662
103/06/05,1703159,107765689,63.30,63.40,63.10,63.40, 0.00,582
103/06/06,3489349,221858785,63.65,63.75,63.40,63.55,+0.15,574
103/06/09,3894834,248324441,63.60,63.85,63.60,63.80,+0.25,694
103/06/10,6843134,438788203,63.85,64.30,63.85,64.20,+0.40,1117
103/06/11,5038545,323020323,64.20,64.25,64.05,64.15,-0.05,713
103/06/12,4508091,288458469,64.00,64.10,63.90,64.00,-0.15,748
103/06/13,3322318,212037312,63.90,63.90,63.70,63.85,-0.15,1087
103/06/16,2605436,166269354,63.85,64.00,63.60,63.90,+0.05,524
103/06/17,3853708,247310286,63.90,64.45,63.85,64.35,+0.45,891
103/06/18,9534569,614913986,64.40,64.80,64.30,64.50,+0.15,1414
103/06/19,9933277,644039025,64.65,65.05,64.55,64.95,+0.45,1251
103/06/20,3557667,231006018,64.95,65.10,64.70,64.75,-0.20,797
103/06/23,13750447,891376000,64.80,65.00,64.60,64.70,-0.05,921
103/06/24,7963338,516387730,64.85,65.05,64.70,64.80,+0.10,1308
103/06/25,7516190,486230332,64.65,64.80,64.60,64.65,-0.15,672
103/06/26,9208018,600328007,64.75,65.40,64.75,65.35,+0.70,1318
103/06/27,9225169,598652694,65.35,65.35,64.50,65.35, 0.00,754
103/06/30,7584505,498698481,65.30,66.00,65.20,65.95,+0.60,1177
103/07/01,9614792,638500861,65.95,66.75,65.85,66.55,+0.60,1462
103/07/02,11640582,780941082,66.80,67.55,66.65,67.10,+0.55,1872
103/07/03,8115059,547949873,67.10,67.80,66.90,67.70,+0.60,1157
103/07/04,7081035,479383648,67.80,67.90,67.35,67.70, 0.00,931
103/07/07,5515011,372244178,67.50,67.70,67.30,67.60,-0.10,913
103/07/08,5506198,373080813,67.80,67.90,67.60,67.75,+0.15,704
103/07/09,3129845,211948763,67.65,67.85,67.50,67.85,+0.10,948
103/07/10,5627537,384019437,67.80,68.45,67.80,68.35,+0.50,921
103/07/11,7800458,533512281,68.35,68.70,68.15,68.30,-0.05,1249
103/07/14,3077528,210968972,68.25,68.80,68.25,68.70,+0.40,737
103/07/15,3956132,272690628,68.95,69.05,68.75,68.95,+0.25,762
103/07/16,5002973,342670128,68.95,69.00,68.10,68.35,-0.60,1349
103/07/17,8012978,541682841,67.95,68.00,67.30,67.50,-0.85,1792
103/07/18,6375175,429471714,67.05,67.60,67.00,67.50, 0.00,1111
103/07/21,5309448,359828487,67.75,67.95,67.50,67.50, 0.00,976
103/07/22,4156126,282494220,67.70,68.20,67.50,68.10,+0.60,742
103/07/24,3849330,262989852,68.30,68.40,68.10,68.40,+0.30,632
103/07/25,5548433,376527742,68.40,68.40,67.45,67.65,-0.75,1532
103/07/28,2764903,186806579,67.45,67.80,67.30,67.50,-0.15,857
103/07/29,7204003,486933644,67.75,67.95,67.20,67.45,-0.05,1011
103/07/30,2800462,189837766,67.45,67.95,67.45,67.85,+0.40,629
103/07/31,11131485,745106345,67.85,67.85,66.60,66.75,-1.10,2605
103/08/01,12831792,848041295,65.95,66.30,65.90,66.25,-0.50,3119
103/08/04,3754385,249315257,66.20,66.70,66.10,66.60,+0.35,1072
103/08/05,19581384,1283063842,66.40,66.40,65.10,65.25,-1.35,4106
103/08/06,6860410,448796944,65.30,65.75,65.05,65.70,+0.45,1635
103/08/07,6005594,394396922,65.75,65.90,65.40,65.70, 0.00,1323
103/08/08,14251196,931544993,65.45,65.70,65.05,65.70, 0.00,2225
103/08/11,8083747,533527320,66.00,66.15,65.75,66.05,+0.35,1631
103/08/12,4360382,288113895,66.00,66.30,65.85,66.10,+0.05,836
103/08/13,5217269,346814508,66.15,66.75,66.05,66.75,+0.65,1141
103/08/14,5985133,401763575,67.00,67.25,66.95,67.10,+0.35,1246
103/08/15,3889652,260576751,67.10,67.25,66.75,67.10, 0.00,935
103/08/18,2431156,162445714,67.10,67.10,66.60,66.90,-0.20,910
103/08/19,6729759,454465687,67.30,67.75,67.00,67.75,+0.85,1666
103/08/20,8462251,574417268,67.70,68.05,67.70,68.00,+0.25,1384
103/08/21,3052384,207352662,68.00,68.10,67.80,67.90,-0.10,795
103/08/22,7540274,517676680,68.10,68.95,68.10,68.75,+0.85,2159
103/08/25,2955425,203148149,68.75,68.90,68.60,68.65,-0.10,897
103/08/26,1734004,119061916,68.60,68.80,68.55,68.60,-0.05,578
103/08/27,7614061,526514905,68.95,69.40,68.95,69.25,+0.65,1820
103/08/28,3895335,270085459,69.25,69.45,69.20,69.35,+0.10,864
103/08/29,2432166,168185827,69.05,69.30,68.85,69.20,-0.15,749
103/09/01,5273975,368028278,69.25,69.95,69.25,69.80,+0.60,1368
103/09/02,17741570,1224374868,69.70,69.70,68.60,68.75,-1.05,2209
103/09/03,6908361,478099202,68.90,69.45,68.85,69.25,+0.50,1423
103/09/04,5388338,371808093,69.00,69.15,68.80,69.00,-0.25,872
103/09/05,7409895,510544924,69.30,69.30,68.65,69.00, 0.00,880
103/09/09,7410533,514362272,69.40,69.50,69.25,69.25,+0.25,1067
103/09/10,17854876,1220436449,68.95,68.95,68.05,68.65,-0.60,2969
103/09/11,8677472,595084113,68.70,68.70,68.40,68.40,-0.25,1112
103/09/12,19509840,1323644820,68.40,68.40,67.60,67.75,-0.65,2975
103/09/15,13125698,886657069,67.15,67.75,67.15,67.75, 0.00,2641
103/09/16,18030287,1213922825,67.65,67.65,67.15,67.20,-0.55,3336
103/09/17,16515909,1121078885,67.50,68.20,67.45,67.70,+0.50,2706
103/09/18,16231841,1100282741,67.70,68.05,67.60,67.85,+0.15,1734
103/09/19,12117026,824099798,68.20,68.25,67.85,68.00,+0.15,1741
103/09/22,27057800,1807498100,67.35,67.35,66.55,66.95,-1.05,4742
103/09/23,14803800,989664248,66.90,67.00,66.65,66.80,-0.15,1711
103/09/24,25198120,1677321589,66.55,66.80,66.30,66.55,-0.25,3106
103/09/25,23056032,1525231374,66.70,66.85,65.70,65.95,-0.60,4105
103/09/26,23172009,1519722628,65.50,65.85,65.25,65.60,-0.35,2671
103/09/29,17179426,1123942170,65.65,65.70,65.20,65.40,-0.20,2407
103/09/30,20703888,1347528578,65.30,65.65,64.65,65.30,-0.10,3436
103/10/01,17507959,1145739034,65.05,65.65,64.85,65.50,+0.20,2229
103/10/02,11487395,750371306,65.00,65.75,64.90,65.50, 0.00,2169
103/10/03,16238916,1074509403,65.80,66.70,65.60,66.70,+1.20,3058
103/10/06,6657762,442682905,66.65,66.70,66.15,66.65,-0.05,1727
103/10/07,11314185,746517078,66.25,66.25,65.70,66.10,-0.55,1766
103/10/08,8106253,533687033,65.80,66.05,65.70,65.70,-0.40,1446
103/10/09,15003660,991657129,66.10,66.45,65.70,66.00,+0.30,2227
103/10/13,19670686,1262058555,64.15,64.55,63.80,64.00,-2.00,4439
103/10/14,12914248,830367820,64.00,64.60,64.00,64.55,+0.55,2272
103/10/15,14412455,924662132,64.45,64.80,63.95,64.10,-0.45,3022
103/10/16,24720177,1574418261,63.65,64.35,63.25,64.00,-0.10,3872
103/10/17,15739726,1003578727,64.25,64.40,63.35,63.35,-0.65,3117
103/10/20,10883538,699922435,64.25,64.60,63.90,64.60,+1.25,2523
103/10/21,7237011,465770840,64.40,64.55,64.20,64.30,-0.30,1399
103/10/22,9342412,609083830,65.10,65.45,65.00,65.30,+1.00,2192
103/10/23,7088255,461607876,65.30,65.30,65.00,65.05,-0.25,1460
103/10/24,22503457,1421022808,63.85,63.85,62.80,63.05,X0.00,3774
103/10/27,8078219,510850717,63.40,63.45,63.00,63.25,+0.20,1598
103/10/28,11178563,717875942,64.00,64.35,64.00,64.35,+1.10,2001
103/10/29,9403650,609040450,64.60,65.00,64.50,65.00,+0.65,2446
103/10/30,9083758,588379395,64.85,64.95,64.55,64.80,-0.20,1360
103/10/31,16609131,1079821584,65.00,65.30,64.70,65.30,+0.50,2165
103/11/03,10607272,695909182,65.30,65.90,65.30,65.60,+0.30,2111
103/11/04,11030190,725801969,65.75,66.05,65.55,65.65,+0.05,1924
103/11/05,10539898,690084592,65.80,65.85,65.35,65.50,-0.15,1402
103/11/06,21140332,1382416081,65.55,65.70,64.95,65.10,-0.40,1835
103/11/07,10652381,692458545,65.00,65.25,64.70,65.20,+0.10,1675
103/11/10,16374760,1082026881,65.40,66.30,65.25,66.15,+0.95,3093
103/11/11,15092009,998173676,66.25,66.35,65.95,65.95,-0.20,1554
103/11/12,18800660,1227582072,65.75,65.85,64.90,65.00,-0.95,2670
103/11/13,10844738,709408088,65.00,65.65,65.00,65.65,+0.65,1196
103/11/14,11059784,724599745,65.30,65.80,65.30,65.70,+0.05,882
103/11/17,17461938,1141481839,66.05,66.10,64.80,65.10,-0.60,1958
103/11/18,9940608,646618770,65.30,65.60,64.80,64.90,-0.20,1510
103/11/19,18485249,1216573062,65.15,66.10,65.15,65.85,+0.95,2950
103/11/20,20762772,1381474747,66.05,66.70,66.05,66.60,+0.75,3077
103/11/21,11947733,795848615,66.60,66.80,66.45,66.65,+0.05,1352
103/11/24,13197946,884765130,66.90,67.20,66.75,66.80,+0.15,1670
103/11/25,13192380,882252305,66.65,67.05,66.45,66.85,+0.05,1639
103/11/26,8909455,595197353,66.75,66.90,66.65,66.85, 0.00,1051
103/11/27,16528637,1116591528,67.15,67.85,67.15,67.50,+0.65,3059
103/11/28,9382047,633454608,67.55,67.70,67.35,67.50, 0.00,1578
103/12/01,21282946,1420990551,66.30,67.45,66.15,66.80,-0.70,2802
103/12/02,19739586,1301942354,66.35,66.50,65.65,65.80,-1.00,3226
103/12/03,11865879,790064887,65.80,67.00,65.70,66.85,+1.05,2124
103/12/04,11366115,764157935,67.25,67.45,67.10,67.10,+0.25,1658
103/12/05,4318019,288818373,67.10,67.10,66.75,66.85,-0.25,752
103/12/08,7633033,507940624,67.05,67.05,66.35,66.35,-0.50,1081
103/12/09,4620781,305751300,66.25,66.30,66.00,66.20,-0.15,1007
103/12/10,12851799,842081623,65.95,66.15,65.15,65.30,-0.90,2850
103/12/11,6920153,450492814,65.05,65.35,64.70,65.25,-0.05,1550
103/12/12,4477502,292348903,65.25,65.50,65.15,65.30,+0.05,1125
103/12/15,10562481,684011527,64.75,65.10,64.50,65.10,-0.20,2052
103/12/16,12711030,822707015,64.80,65.00,64.55,64.55,-0.55,2582
103/12/17,19575407,1248997491,64.55,64.55,63.40,63.55,-1.00,5591
103/12/18,8593542,548577557,63.95,64.10,63.65,63.70,+0.15,2606
103/12/19,17192608,1117404159,64.70,65.30,64.60,65.20,+1.50,3213
103/12/22,7443958,489020278,65.35,66.00,65.30,66.00,+0.80,2078
103/12/23,5242007,345828738,66.15,66.30,65.75,65.80,-0.20,1144
103/12/24,6957429,460453478,65.90,66.40,65.85,66.30,+0.50,1629
103/12/25,4417764,292620460,66.35,66.40,66.15,66.30, 0.00,873
103/12/26,21313397,1417849961,66.35,66.50,66.20,66.45,+0.15,1492
103/12/27,3791680,252447892,66.75,66.75,66.45,66.60,+0.15,1040
103/12/29,11101377,744543194,66.60,67.30,66.55,67.20,+0.60,2757
103/12/30,8583907,575794012,67.15,67.45,66.85,66.85,-0.35,1438
103/12/31,7418884,495610278,66.80,67.00,66.60,66.85, 0.00,1207
104/01/05,6295612,417637764,66.40,66.75,66.00,66.55,-0.30,1528
104/01/06,19501826,1272547315,65.75,65.75,64.75,64.90,-1.65,4903
104/01/07,6991542,454539307,64.70,65.25,64.70,65.00,+0.10,1603
104/01/08,13153525,871151843,65.50,66.60,65.50,66.50,+1.50,3516
104/01/09,5891981,391342473,66.90,66.95,66.05,66.15,-0.35,1375
104/01/12,9060329,596821609,65.80,66.15,65.65,65.75,-0.40,1178
104/01/13,6151627,406400133,65.60,66.40,65.40,65.95,+0.20,1386
104/01/14,7205239,473109554,66.00,66.05,65.40,65.60,-0.35,1256
104/01/15,3525540,231506844,65.65,65.95,65.35,65.80,+0.20,865
104/01/16,9317659,613484964,66.25,66.40,65.35,65.50,-0.30,1371
104/01/19,17591339,1166409008,66.30,66.75,66.05,66.25,+0.75,2246
104/01/20,10097725,673782517,66.50,66.90,66.35,66.75,+0.50,1864
104/01/21,17556111,1179808369,67.20,67.30,67.00,67.25,+0.50,2810
104/01/22,16125035,1090773104,67.50,67.90,67.45,67.60,+0.35,1996
104/01/23,35859685,2457940298,68.25,68.70,68.25,68.70,+1.10,4604
104/01/26,20460334,1404630266,68.55,68.85,68.45,68.70, 0.00,1939
104/01/27,36217348,2499213655,69.00,69.25,68.80,69.15,+0.45,2879
104/01/28,35993620,2485686836,68.80,69.20,68.80,69.15, 0.00,2147
104/01/29,19790454,1353476534,69.05,69.05,68.15,68.30,-0.85,2015
104/01/30,4264474,290995818,68.60,68.60,68.00,68.00,-0.30,1112
104/02/02,5810959,395850332,68.20,68.35,67.90,68.15,+0.15,1258
104/02/03,16645523,1142793513,68.35,68.85,68.10,68.65,+0.50,1383
104/02/04,20357668,1411607198,69.20,69.50,69.05,69.40,+0.75,2741
104/02/05,4783568,329874632,69.05,69.25,68.80,69.10,-0.30,980
104/02/06,4107898,282693112,69.10,69.20,68.65,68.75,-0.35,735
104/02/09,3512269,240429659,68.75,68.75,68.25,68.50,-0.25,943
104/02/10,8023091,547920649,68.45,68.50,68.20,68.25,-0.25,1004
104/02/11,7199400,496602704,68.70,69.25,68.70,69.00,+0.75,1282
104/02/12,9310387,642508708,69.00,69.20,68.80,69.00, 0.00,812
104/02/13,7599922,528270219,69.35,69.65,69.35,69.45,+0.45,1771
104/02/24,14549700,1022504775,69.95,70.45,69.95,70.25,+0.80,2778
104/02/25,23253921,1644414580,70.70,70.90,70.55,70.80,+0.55,2983
104/02/26,8688633,610954509,70.55,70.65,70.05,70.30,-0.50,1552
104/03/02,6589376,461349421,70.30,70.55,69.75,70.00,-0.30,1449
104/03/03,5067933,353130410,70.05,70.10,69.50,69.90,-0.10,1071
104/03/04,6414710,448582000,69.55,70.05,69.50,69.95,+0.05,1053
104/03/05,3761886,261883714,69.95,70.00,69.35,69.70,-0.25,1037
104/03/06,3067298,213689528,69.55,69.90,69.30,69.80,+0.10,680
104/03/09,7464997,515792426,69.45,69.50,68.90,69.10,-0.70,1781
104/03/10,6958375,479061142,69.00,69.05,68.60,68.95,-0.15,1347
104/03/11,10039248,689232863,68.35,69.15,68.30,69.05,+0.10,1081
104/03/12,5710306,396200162,68.85,69.65,68.80,69.65,+0.60,1096
104/03/13,4527676,315257661,69.65,69.75,69.45,69.45,-0.20,890
104/03/16,6079977,420077392,69.35,69.35,68.85,68.90,-0.55,1125
104/03/17,7096344,491872167,69.20,69.75,69.00,69.15,+0.25,1282
104/03/18,18621093,1302008460,69.20,70.15,69.20,69.90,+0.75,2655
104/03/19,12488588,882632438,70.50,70.90,70.25,70.65,+0.75,2611
104/03/20,4499069,317484302,70.65,70.65,70.40,70.55,-0.10,1165
104/03/23,7600178,537702369,70.55,70.90,70.45,70.75,+0.20,1207
104/03/24,4504710,317852515,70.55,70.85,70.35,70.50,-0.25,852
104/03/25,4458758,313055355,70.50,70.60,70.10,70.25,-0.25,971
104/03/26,9508125,659426427,69.40,69.70,69.15,69.40,-0.85,2025
104/03/27,10014444,690644936,69.40,69.40,68.65,68.75,-0.65,2367
104/03/30,10353567,711624155,68.75,68.90,68.55,68.80,+0.05,2088
104/03/31,7643034,527392233,69.00,69.25,68.80,69.05,+0.25,1735
104/04/01,8234217,565367472,68.70,68.85,68.50,68.65,-0.40,2598
104/04/02,7800933,541860608,68.90,69.75,68.90,69.50,+0.85,1626
104/04/07,3447972,239681120,69.55,69.70,69.35,69.60,+0.10,1027
104/04/08,5069880,350122247,69.60,69.60,68.85,69.00,-0.60,1508
104/04/09,6205517,430981397,69.00,69.85,68.95,69.10,+0.10,1517
104/04/10,4600451,320214513,69.70,69.80,69.45,69.65,+0.55,865
104/04/13,4199759,293101091,69.90,69.95,69.65,69.85,+0.20,782
104/04/14,4562606,317629802,69.85,69.85,69.50,69.50,-0.35,622
104/04/15,17266917,1185132897,69.25,69.50,68.40,68.65,-0.85,3412
104/04/16,15774474,1096081678,68.95,69.70,68.90,69.70,+1.05,2442
104/04/17,9237191,637969374,69.55,69.55,68.90,69.05,-0.65,1286
104/04/20,9571501,657845763,68.70,69.15,68.55,68.95,-0.10,1586
104/04/21,2864363,197793548,69.05,69.30,68.85,68.95, 0.00,776
104/04/22,11311979,787537471,69.30,69.80,69.25,69.65,+0.70,1473
104/04/23,24334093,1724238391,70.20,71.50,70.15,71.50,+1.85,4719
104/04/24,26527170,1917092274,71.70,72.85,71.70,72.20,+0.70,4260
104/04/27,13281661,968278044,73.00,73.30,72.60,72.75,+0.55,3106
104/04/28,16465262,1195111839,72.85,73.10,72.35,72.60,-0.15,2130
104/04/29,10074684,725594690,72.50,72.70,71.60,71.80,-0.80,1811
104/04/30,6780532,484999522,71.60,71.80,71.15,71.45,-0.35,1457
104/05/04,5381376,383599096,71.45,71.65,70.85,71.60,+0.15,1220
104/05/05,6801050,483838544,71.40,71.40,70.90,71.20,-0.40,1174
104/05/06,6603488,468611056,70.80,71.40,70.50,71.30,+0.10,1301
104/05/07,10204224,718490164,70.80,70.80,70.15,70.45,-0.85,1945
104/05/08,5647296,398589652,70.45,70.65,70.45,70.50,+0.05,1082
104/05/11,11222257,793547954,71.00,71.20,70.30,70.85,+0.35,1986
104/05/12,9064022,640522400,70.60,70.85,70.55,70.70,-0.15,1712
104/05/13,6874083,488179679,70.70,71.20,70.70,71.10,+0.40,1146
104/05/14,16520264,1161687961,70.85,70.95,70.00,70.10,-1.00,3256
104/05/15,11642867,815422387,70.30,70.35,69.70,70.00,-0.10,2197
104/05/18,3248292,227961241,70.05,70.30,70.00,70.25,+0.25,950
104/05/19,8458272,601702901,70.40,71.45,70.40,71.30,+1.05,2147
104/05/20,7530606,534194695,71.25,71.25,70.80,70.80,-0.50,1216
104/05/21,11567932,809811559,70.15,70.20,69.75,70.15,-0.65,2097
104/05/22,6152758,435042013,70.20,70.95,70.20,70.70,+0.55,1234
104/05/25,2391058,169027182,70.45,70.95,70.30,70.70, 0.00,734
104/05/26,7521312,535292867,71.20,71.60,70.80,71.00,+0.30,1247
104/05/27,5812358,413273073,70.85,71.30,70.70,71.15,+0.15,974
104/05/28,5790144,414080476,71.75,71.90,71.25,71.50,+0.35,1285
104/05/29,4900148,349371690,71.70,71.70,71.05,71.10,-0.40,1635
104/06/01,7850223,553306871,71.10,71.15,70.25,70.50,-0.60,1749
104/06/02,4867412,341989139,70.45,70.50,70.00,70.40,-0.10,1142
104/06/03,6558304,459976121,70.30,70.40,69.90,69.95,-0.45,1466
104/06/04,28182317,1941540073,69.80,69.90,68.35,68.60,-1.35,5559
104/06/05,15106306,1033376164,68.50,68.60,68.20,68.45,-0.15,2804
104/06/08,9094127,622037152,68.30,69.05,68.00,68.90,+0.45,2538
104/06/09,18429951,1258036692,68.50,68.60,68.00,68.35,-0.55,2856
104/06/10,8666901,595189468,68.55,68.90,68.45,68.65,+0.30,1959
104/06/11,7352571,504746450,68.80,68.90,68.40,68.85,+0.20,1254
104/06/12,3175799,218259470,68.90,69.00,68.45,68.80,-0.05,870
104/06/15,3761616,258521656,68.80,69.00,68.50,68.65,-0.15,971
104/06/16,8681702,592299290,68.65,68.65,68.05,68.20,-0.45,1749
104/06/17,5564580,380966978,68.20,68.75,68.20,68.50,+0.30,1585
104/06/18,10688270,730684809,68.45,68.55,68.20,68.40,-0.10,1343
104/06/22,11310165,782304510,68.75,69.40,68.75,69.35,+0.95,1920
104/06/23,5311263,369513247,69.55,69.85,69.35,69.55,+0.20,1515
104/06/24,6127048,426268842,69.60,69.70,69.40,69.65,+0.10,1203
104/06/25,13815425,972267505,70.00,70.65,70.00,70.45,+0.80,2531
104/06/26,4926733,346310265,70.45,70.45,70.15,70.45, 0.00,1336
104/06/29,11576161,800533393,69.35,69.60,68.75,68.80,-1.65,2885
104/06/30,4093490,282871294,68.80,69.40,68.80,69.40,+0.60,1284
104/07/01,6063171,424660570,69.40,70.30,69.25,70.05,+0.65,1853
104/07/02,4340672,303948992,70.20,70.25,69.85,70.10,+0.05,747
104/07/03,7762464,540423608,70.00,70.20,69.25,70.10, 0.00,1679
104/07/06,7584634,526949522,69.55,70.05,69.20,69.30,-0.80,1559
104/07/07,4706919,328215180,69.65,70.10,69.45,69.60,+0.30,1222
104/07/08,37899765,2576676720,69.20,69.20,67.45,67.50,-2.10,8343
104/07/09,33083128,2203429334,66.80,67.35,66.10,67.10,-0.40,5730
104/07/13,15806729,1069053790,68.00,68.10,67.20,68.10,+1.00,3217
104/07/14,9618532,657390583,68.30,68.70,68.05,68.10, 0.00,2324
104/07/15,8865704,605236616,68.30,68.65,68.00,68.25,+0.15,1509
104/07/16,6939583,476110012,68.60,68.95,68.20,68.60,+0.35,1968
104/07/17,3432139,235053872,68.35,68.65,68.30,68.50,-0.10,944
104/07/20,7832044,535748692,69.00,69.20,67.80,68.00,-0.50,1873
104/07/21,3363698,229995888,68.35,68.65,68.00,68.65,+0.65,978
104/07/22,14139939,961043676,68.20,68.30,67.70,67.80,-0.85,2273
104/07/23,20981081,1410059672,67.50,67.85,66.85,67.15,-0.65,3456
104/07/24,19922048,1331121496,67.05,67.25,66.50,66.75,-0.40,3021
104/07/27,28446312,1876583192,66.40,66.55,65.55,65.80,-0.95,5152
104/07/28,17518780,1154891944,65.75,66.30,65.50,65.85,+0.05,3321
104/07/29,18492599,1209602490,65.90,65.90,65.10,65.40,-0.45,3442
104/07/30,7473893,494964459,65.60,66.55,65.55,66.50,+1.10,2258
104/07/31,11169527,737988200,66.50,66.55,65.80,66.15,-0.35,1548
104/08/03,15758422,1027197865,65.90,65.90,64.90,65.25,-0.90,3454
104/08/04,12310425,803217815,65.50,66.00,65.00,65.30,+0.05,2681
104/08/05,9875104,648399318,65.55,66.00,65.30,65.70,+0.40,1782
104/08/06,23620938,1535880356,66.00,66.05,64.55,65.00,-0.70,3641
104/08/07,6898672,446241008,64.50,65.00,64.20,64.70,-0.30,2267
104/08/10,10082526,649653275,64.60,64.75,64.00,64.55,-0.15,2542
104/08/11,17411425,1131041320,65.30,65.80,64.40,64.55, 0.00,4036
104/08/12,24218973,1541063674,64.25,64.45,63.00,63.45,-1.10,4634
104/08/13,16147105,1025508660,63.45,63.90,63.35,63.55,+0.10,2147
104/08/14,8405034,532406602,63.45,63.75,63.15,63.30,-0.25,1736
104/08/17,13852886,871311567,63.30,63.30,62.70,62.90,-0.40,2367
104/08/18,9841681,617280801,63.00,63.30,62.45,62.55,-0.35,2221
104/08/19,17595647,1088315857,62.40,62.50,61.30,61.60,-0.95,4364
104/08/20,19329341,1185812735,61.25,61.85,60.95,61.40,-0.20,4758
104/08/21,28076492,1689327220,60.60,60.75,59.80,59.80,-1.60,6417
104/08/24,61317409,3512538379,59.10,59.10,55.40,57.50,-2.30,12459
104/08/25,43487996,2578413633,57.50,60.00,57.50,60.00,+2.50,9667
104/08/26,17123903,1020266152,59.30,60.50,58.65,60.35,+0.35,5984
104/08/27,18326474,1106779689,60.60,60.65,60.00,60.15,-0.20,5627
104/08/28,18684824,1150095322,61.00,61.90,61.00,61.80,+1.65,4349
104/08/31,18957915,1171281528,61.30,62.35,61.20,62.30,+0.50,2806
104/09/01,12340652,766117348,61.90,62.60,61.50,61.75,-0.55,2838
104/09/02,18170477,1118387496,61.10,62.30,60.95,62.10,+0.35,4619
104/09/03,7543894,468271835,62.35,62.40,61.60,62.15,+0.05,1573
104/09/04,15808961,978163876,62.15,62.55,61.35,61.35,-0.80,2202
104/09/07,10155526,624485437,61.30,62.30,61.10,61.25,-0.10,2616
104/09/08,9642248,592119472,61.50,61.65,61.10,61.45,+0.20,3030
104/09/09,24002263,1525863565,62.65,64.15,62.65,64.15,+2.70,5404
104/09/10,10184783,646044883,63.80,63.80,63.15,63.45,-0.70,3300
104/09/11,7961292,505296736,63.30,63.70,63.05,63.50,+0.05,2519
104/09/14,4389671,279210234,63.90,64.00,63.25,63.65,+0.15,2011
104/09/15,5767862,365312865,63.75,63.85,63.05,63.15,-0.50,1968
104/09/16,7422817,473560457,63.65,64.00,63.40,63.90,+0.75,2266
104/09/17,12909851,838052365,64.50,65.15,64.50,65.00,+1.10,3408
104/09/18,3507233,227184655,65.00,65.00,64.55,64.85,-0.15,1275
104/09/21,9987594,633935853,64.05,64.10,63.20,63.45,-1.40,3110
104/09/22,4330875,275986550,63.55,63.95,63.55,63.80,+0.35,1130
104/09/23,10045603,627964620,63.20,63.20,62.20,62.35,-1.45,3123
104/09/24,7364956,458475049,62.55,62.85,61.90,62.00,-0.35,1904
104/09/25,5982179,370528978,62.15,62.35,61.60,62.25,+0.25,1918
104/09/30,8574123,533541019,61.45,62.60,61.45,62.40,+0.15,2087
104/10/01,11986849,756664703,62.60,63.70,62.20,63.60,+1.20,2636
104/10/02,7571907,479582469,63.35,63.60,63.10,63.25,-0.35,1083
104/10/05,5383188,342143611,63.80,64.00,63.25,63.40,+0.15,1393
104/10/06,8300522,533161323,64.15,64.70,63.85,63.90,+0.50,2059
104/10/07,8637044,557000564,63.90,64.85,63.90,64.85,+0.95,2304
104/10/08,12360377,803154003,65.10,65.30,64.60,64.70,-0.15,1896
104/10/12,17465643,1144859053,65.05,65.90,65.05,65.55,+0.85,3323
104/10/13,7489789,489761011,65.60,65.65,65.15,65.30,-0.25,1921
104/10/14,7135958,464717839,65.30,65.30,64.95,65.05,-0.25,1491
104/10/15,14357990,948629290,65.65,66.35,65.65,66.00,+0.95,3011
104/10/16,8189426,538694821,65.95,66.00,65.60,65.75,-0.25,1613
104/10/19,7411159,488570053,66.00,66.20,65.70,65.95,+0.20,1305
104/10/20,4526773,298526370,66.00,66.10,65.80,65.95, 0.00,1050
104/10/21,11498457,755187599,66.10,66.15,65.40,65.50,-0.45,2296
104/10/22,8066236,527859177,65.30,65.60,65.25,65.50, 0.00,1534
104/10/23,20687758,1367594228,66.20,66.50,65.85,65.90,+0.40,2965
104/10/26,12082040,780928000,64.50,64.85,64.45,64.55,X0.00,1757
104/10/27,5723238,367024006,64.50,64.55,63.95,64.20,-0.35,1825
104/10/28,5075690,323952193,64.20,64.25,63.60,63.75,-0.45,1655
104/10/29,8413837,533508526,64.10,64.30,63.10,63.30,-0.45,2871
104/10/30,5991825,378136344,63.30,63.45,62.80,63.20,-0.10,2399
104/11/02,4831277,304671497,63.10,63.40,62.60,63.30,+0.10,1725
104/11/03,9293247,596846576,63.80,64.40,63.80,64.30,+1.00,2164
104/11/04,16551361,1080387132,64.75,65.60,64.70,65.55,+1.25,3662
104/11/05,5902342,385929675,65.65,65.65,65.25,65.40,-0.15,1209
104/11/06,11915559,764182459,65.40,65.40,63.65,64.10,-1.30,3697
104/11/09,5532819,353671966,64.00,64.35,63.60,63.65,-0.45,1721
104/11/10,8847191,557861747,63.30,63.40,62.85,62.90,-0.75,2553
104/11/11,16293154,1015415291,62.90,63.00,61.95,62.15,-0.75,4239
104/11/12,14213968,883316520,62.20,62.40,61.85,62.25,+0.10,2700
104/11/13,20384559,1262031723,61.80,62.45,61.55,61.60,-0.65,4201
104/11/16,13429751,819612811,61.20,61.30,60.60,61.15,-0.45,4047
104/11/17,8728448,544635432,62.00,62.60,62.00,62.35,+1.20,2811
104/11/18,14981437,923579944,62.35,62.35,61.20,61.40,-0.95,3674
104/11/19,10131326,627088022,61.95,62.30,61.55,62.30,+0.90,2328
104/11/20,5421687,337471802,62.35,62.50,62.05,62.30, 0.00,1182
104/11/23,3462828,216063357,62.60,62.75,62.15,62.60,+0.30,900
104/11/24,6598498,410058375,62.50,62.65,61.85,61.95,-0.65,1251
104/11/25,5964136,368131013,61.85,62.10,61.50,61.95, 0.00,1793
104/11/26,8642337,542093707,62.30,62.95,62.30,62.80,+0.85,2045
104/11/27,6290726,390858589,62.90,62.90,61.80,61.95,-0.85,2308
104/11/30,23268522,1412480813,60.90,61.20,60.45,61.20,-0.75,6178
104/12/01,8409979,520635962,61.70,62.45,61.45,62.40,+1.20,2530
104/12/02,6361207,397283746,62.45,62.75,62.15,62.30,-0.10,1629
104/12/03,6065078,377724417,61.90,62.55,61.70,62.40,+0.10,1142
104/12/04,15048650,928987155,61.95,61.95,61.40,61.75,-0.65,2915
104/12/07,14814433,928255777,62.20,63.00,62.20,62.50,+0.75,2110
104/12/08,9200859,566137416,62.25,62.30,61.20,61.50,-1.00,3502
104/12/09,16089442,979992762,61.20,61.35,60.70,60.75,-0.75,3892
104/12/10,16616017,999797705,60.40,60.75,59.75,60.55,-0.20,4438
104/12/11,13835782,831652873,60.55,60.70,59.80,59.85,-0.70,3723
104/12/14,9528711,565570905,59.25,59.65,59.00,59.40,-0.45,3711
104/12/15,6796842,405048236,59.70,60.05,59.35,59.45,+0.05,3028
104/12/16,6530297,392518947,60.00,60.40,59.70,60.35,+0.90,2214
104/12/17,7609249,462460512,60.55,61.05,60.35,61.05,+0.70,2786
104/12/18,4893146,297429598,60.85,61.25,60.50,60.75,-0.30,1690
104/12/21,4340637,261775825,60.05,60.75,59.90,60.65,-0.10,1399
104/12/22,5138591,311500101,60.70,60.90,60.40,60.80,+0.15,1014
104/12/23,7263567,443537648,60.95,61.30,60.80,60.90,+0.10,1391
104/12/24,8456472,519184263,61.35,61.65,61.20,61.20,+0.30,1563
104/12/25,6546008,402014014,61.20,61.60,61.20,61.60,+0.40,1344
104/12/28,3449303,212316497,61.70,61.70,61.40,61.45,-0.15,964
104/12/29,3966552,241951106,61.40,61.40,60.80,61.00,-0.45,1267
104/12/30,7262466,440947363,61.15,61.15,60.45,60.55,-0.45,1436
104/12/31,3894479,236577519,60.55,60.95,60.50,60.75,+0.20,988
105/01/04,16928063,1009176452,60.80,60.95,59.05,59.55,-1.20,5730
105/01/05,21783969,1291792220,59.50,59.75,58.85,59.05,-0.50,6708
105/01/06,28939550,1688039896,59.05,59.05,57.90,58.45,-0.60,8406
105/01/07,39962301,2289801488,58.30,58.30,56.70,57.35,-1.10,11325
105/01/08,25450734,1459152633,57.00,57.70,56.85,57.45,+0.10,7024
105/01/11,24356269,1375352256,56.90,56.95,56.00,56.55,-0.90,7405
105/01/12,17649886,998368462,56.80,57.00,56.30,56.50,-0.05,5238
105/01/13,11848432,677682867,57.00,57.50,56.75,57.15,+0.65,5664
105/01/14,15487360,871255829,56.50,56.70,55.85,56.70,-0.45,5765
105/01/15,20847878,1181841700,57.10,57.50,56.25,56.70, 0.00,4936
105/01/18,13014340,736737370,55.90,57.30,55.80,57.10,+0.40,4379
105/01/19,8110815,462104462,57.00,57.25,56.65,57.25,+0.15,2801
105/01/20,22688368,1270701758,56.85,56.85,55.60,55.90,-1.35,7993
105/01/21,10450055,585123480,56.10,56.30,55.60,55.80,-0.10,4579
105/01/22,13943516,784844013,56.35,56.60,56.00,56.55,+0.75,3835
105/01/25,12773195,734244688,57.00,57.80,57.00,57.55,+1.00,4215
105/01/26,7583870,431532884,57.00,57.15,56.70,57.00,-0.55,3599
105/01/27,9101121,520457441,57.40,57.45,56.95,57.25,+0.25,2287
105/01/28,10224860,588123466,57.15,57.75,57.00,57.55,+0.30,3285
105/01/29,20207611,1180203349,57.50,59.10,57.25,59.00,+1.45,7319
105/01/30,13202648,785683942,59.45,59.70,59.20,59.55,+0.55,3965
105/02/01,7967600,473078587,59.50,59.60,59.10,59.55, 0.00,2732
105/02/02,4584277,272135216,59.45,59.55,59.00,59.35,-0.20,1748
105/02/03,6990419,412038146,59.00,59.25,58.60,58.95,-0.40,2624
105/02/15,7221411,424601837,58.30,59.10,58.10,59.00,+0.05,2176
105/02/16,17822419,1067789029,59.10,60.35,59.10,60.25,+1.25,4926
105/02/17,12473522,750453287,60.40,60.50,59.95,59.95,-0.30,3478
105/02/18,16986739,1034524645,60.80,61.15,60.50,60.90,+0.95,4462
105/02/19,11352431,690604191,60.80,61.05,60.60,60.85,-0.05,4864
105/02/22,11614403,710868283,60.85,61.60,60.55,60.80,-0.05,2553
105/02/23,4916180,299142784,61.00,61.15,60.70,60.85,+0.05,1464
105/02/24,7764348,471747151,60.80,61.30,60.20,60.30,-0.55,2535
105/02/25,16933970,1033960315,60.60,61.35,60.50,61.10,+0.80,3204
105/02/26,14513092,888888205,61.35,61.70,60.90,61.25,+0.15,2460
105/03/01,17236846,1063544724,61.25,61.95,61.10,61.85,+0.60,3170
105/03/02,22870541,1429351890,62.35,62.75,62.25,62.35,+0.50,4450
105/03/03,32602730,2049950175,62.35,63.30,62.35,62.95,+0.60,4358
105/03/04,24050775,1516905064,62.90,63.30,62.75,63.10,+0.15,3237
105/03/07,21497714,1360686374,63.20,63.70,62.90,63.10, 0.00,3147
105/03/08,13634860,856574187,63.00,63.10,62.50,63.05,-0.05,2384
105/03/09,8097374,509283704,63.05,63.15,62.65,63.10,+0.05,2074
105/03/10,21352778,1350247727,63.05,63.40,62.85,63.25,+0.15,2018
105/03/11,22682346,1438882479,63.20,63.75,63.05,63.55,+0.30,2712
105/03/14,25831819,1656759416,64.00,64.25,63.95,64.00,+0.45,5390
105/03/15,18905608,1202923134,64.00,64.10,63.00,63.05,-0.95,5012
105/03/16,36277393,2306691168,63.35,63.75,63.35,63.60,+0.55,3399
105/03/17,20031419,1293323925,64.55,64.90,64.05,64.30,+0.70,4479
105/03/18,31120204,2012043642,64.40,64.85,64.30,64.70,+0.40,3630
105/03/21,6056792,391100684,64.90,65.05,64.20,64.60,-0.10,1337
105/03/22,8180504,524896358,64.35,64.55,63.85,64.40,-0.20,1809
105/03/23,11996985,773806611,64.40,64.85,64.25,64.35,-0.05,2241
105/03/24,8530772,547517642,64.25,64.50,63.70,64.35, 0.00,1364
105/03/25,3814633,244659326,64.50,64.50,63.95,64.05,-0.30,1093
105/03/28,7346998,471125135,64.05,64.40,63.80,64.10,+0.05,1372
105/03/29,10741646,685826209,64.00,64.30,63.50,63.65,-0.45,1828
105/03/30,29118588,1881582104,64.05,64.90,64.00,64.70,+1.05,3940
105/03/31,16046959,1040188630,65.10,65.40,64.45,64.65,-0.05,4899
105/04/01,4654364,297564556,64.25,64.35,63.60,63.90,-0.75,1775
105/04/06,8957175,560162916,63.30,63.30,62.35,62.40,-1.50,3518
105/04/07,20224614,1253001981,62.50,62.50,61.60,62.15,-0.25,6513
105/04/08,6752732,421875102,61.80,62.80,61.80,62.75,+0.60,1520
105/04/11,5355410,335884631,62.50,63.10,62.15,63.00,+0.25,1319
105/04/12,2753865,173786257,63.05,63.50,62.75,62.95,-0.05,1104
105/04/13,11846507,757327171,63.25,64.20,63.25,64.05,+1.10,3097
105/04/14,8125157,522525255,64.40,64.60,64.10,64.25,+0.20,1959
105/04/15,11673490,749214184,63.80,64.30,63.55,64.25, 0.00,1191
105/04/18,2145729,137218318,64.05,64.20,63.85,63.85,-0.40,670
105/04/19,5841194,374245967,64.30,64.65,63.50,63.60,-0.25,1528
105/04/20,8981513,565820758,63.50,64.10,62.55,62.65,-0.95,2726
105/04/21,3097142,194853411,62.90,63.15,62.55,62.95,+0.30,1153
105/04/22,2685186,169439838,62.95,63.40,62.80,63.20,+0.25,890
105/04/25,2864460,181072322,63.20,63.35,62.90,63.25,+0.05,672
105/04/26,4894769,311241971,63.10,63.90,63.10,63.50,+0.25,888
105/04/27,2470120,156496475,63.20,63.60,63.00,63.40,-0.10,752
105/04/28,10321711,645803565,63.50,63.55,62.15,62.40,-1.00,2365
105/04/29,7266758,447869046,61.85,62.00,61.35,61.60,-0.80,3113
105/05/03,9711627,591944096,61.60,61.60,60.70,60.75,-0.85,4271
105/05/04,14504138,873689263,60.75,60.85,59.80,60.10,-0.65,5844
105/05/05,14591369,873837755,60.10,60.25,59.65,60.20,+0.10,4651
105/05/06,22004644,1312341590,60.00,60.00,59.45,59.70,-0.50,4243
105/05/09,14499071,865314510,59.90,60.00,59.40,59.70, 0.00,3032
105/05/10,13152643,786853240,59.70,60.20,59.40,60.00,+0.30,3771
105/05/11,19053550,1140114831,60.20,60.30,59.55,59.85,-0.15,4160
105/05/12,13397317,801007370,59.70,60.00,59.65,59.80,-0.05,2080
105/05/13,29668619,1756484413,59.55,59.55,59.00,59.15,-0.65,6218
105/05/16,6645541,395168030,59.15,59.70,59.10,59.60,+0.45,1544
105/05/17,12344892,736147664,59.65,60.10,59.25,60.05,+0.45,2582
105/05/18,8579957,512035693,59.70,60.00,59.25,59.95,-0.10,2036
105/05/19,8050497,479673191,60.00,60.05,59.30,59.65,-0.30,1960
105/05/20,8126104,487897879,59.85,60.30,59.60,60.00,+0.35,2303
105/05/23,21664315,1324826930,60.10,62.00,59.85,62.00,+2.00,5021
105/05/24,6417840,395104208,61.75,61.85,61.35,61.35,-0.65,1841
105/05/25,25858751,1604437512,61.75,62.25,61.75,62.00,+0.65,3726
105/05/26,26044897,1616085071,62.05,62.15,61.80,62.15,+0.15,2207
105/05/27,25759714,1608299432,62.40,62.65,62.20,62.60,+0.45,3211
105/05/30,26912233,1692323404,62.60,63.35,62.50,63.15,+0.55,3555
105/05/31,8678987,547637441,63.05,63.35,62.80,63.15, 0.00,2005
105/06/01,25001628,1589746611,62.95,63.85,62.95,63.70,+0.55,3329
105/06/02,13721372,875256815,63.70,64.05,63.40,63.70, 0.00,2516
105/06/03,11793067,752785548,63.60,64.00,63.60,63.85,+0.15,1702
105/06/04,3201144,204558077,63.75,64.00,63.70,63.95,+0.10,833
105/06/06,12991446,833738494,64.00,64.60,63.65,64.05,+0.10,2642
105/06/07,30837577,1994630619,64.30,64.95,64.30,64.90,+0.85,4278
105/06/08,26064591,1703251028,65.00,65.55,65.00,65.25,+0.35,4111
105/06/13,9520123,609293904,64.30,64.45,63.70,63.75,-1.50,2267
105/06/14,6411945,410427450,63.50,64.20,63.50,64.15,+0.40,1384
105/06/15,22583365,1450755086,64.15,64.40,63.60,64.25,+0.10,3257
105/06/16,8999131,571056385,64.10,64.10,63.00,63.35,-0.90,1708
105/06/17,5808972,372933222,63.85,64.40,63.85,64.05,+0.70,1355
105/06/20,10307567,664917703,64.50,64.65,64.35,64.50,+0.45,1144
105/06/21,18113336,1172739969,64.50,64.95,64.45,64.75,+0.25,3911
105/06/22,10556831,684224159,64.75,64.95,64.55,64.95,+0.20,1141
105/06/23,32188327,2084118216,64.80,64.85,64.55,64.80,-0.15,1147
105/06/24,31665065,2008280516,64.75,64.90,62.05,63.10,-1.70,5706
105/06/27,4931264,313187141,63.20,63.75,63.00,63.75,+0.65,1620
105/06/28,5345578,340302885,63.10,64.05,63.05,64.00,+0.25,1369
105/06/29,9101408,588313462,64.15,65.00,64.15,64.70,+0.70,2756
105/06/30,25345136,1653395255,65.15,65.45,64.65,65.45,+0.75,4679
105/07/01,30668430,2028998931,65.85,66.40,65.65,66.25,+0.80,4916
105/07/04,9989687,663821426,66.10,66.75,66.00,66.30,+0.05,2263
105/07/05,5997962,396552787,66.20,66.25,65.85,66.10,-0.20,1503
105/07/06,8730638,566691370,65.60,65.60,64.70,64.90,-1.20,2196
105/07/07,6587558,431861376,65.45,65.75,65.35,65.70,+0.80,2000
105/07/11,22208282,1487829658,66.70,67.25,66.70,67.00,+1.30,3641
105/07/12,15397426,1038392338,67.15,67.60,67.15,67.60,+0.60,3020
105/07/13,9434916,636854896,67.85,67.90,67.10,67.65,+0.05,3174
105/07/14,10109848,684176798,67.50,67.85,67.30,67.70,+0.05,2189
105/07/15,15543146,1061294189,67.80,68.50,67.80,68.50,+0.80,3608
105/07/18,36847905,2537886845,68.45,69.15,68.45,69.15,+0.65,4314
105/07/19,17045587,1179010803,69.20,69.30,68.80,69.25,+0.10,2165
105/07/20,24718112,1708767278,69.00,69.30,68.80,69.20,-0.05,3976
105/07/21,9980071,695900887,69.45,69.90,69.35,69.55,+0.35,2239
105/07/22,3265094,226629026,69.55,69.70,69.20,69.30,-0.25,1280
105/07/25,11676473,804812087,69.50,69.95,68.35,69.00,-0.30,1939
105/07/26,13212330,913810372,69.00,69.40,68.85,69.40,+0.40,1815
105/07/27,11118196,775555930,69.65,69.95,69.50,69.70,+0.30,2026
105/07/28,11452443,790887453,69.00,69.25,68.60,69.05,X0.00,1682
105/07/29,19390373,1335212572,68.85,69.20,68.55,68.55,-0.50,3355
105/08/01,10407371,720963537,68.80,69.45,68.80,69.30,+0.75,1682
105/08/02,7116974,492812674,69.25,69.40,69.10,69.30, 0.00,1216
105/08/03,13801107,946584522,68.50,68.90,68.05,68.75,-0.55,1470
105/08/04,10674699,733253890,68.85,68.95,68.35,68.90,+0.15,1144
105/08/05,12422864,864171627,69.10,69.75,68.90,69.60,+0.70,2242
105/08/08,7902947,553043688,70.00,70.25,69.70,70.05,+0.45,1664
105/08/09,11568485,812755084,70.00,70.45,69.95,70.40,+0.35,2128
105/08/10,6497798,457603790,70.30,70.60,70.05,70.60,+0.20,1312
105/08/11,10903420,764847436,70.20,70.55,69.45,69.95,-0.65,1445
105/08/12,5258706,369627870,70.15,70.50,70.05,70.20,+0.25,1246
105/08/15,4797475,337198175,70.20,70.50,69.90,70.35,+0.15,869
105/08/16,4431992,310743190,70.30,70.50,69.70,69.95,-0.40,1249
105/08/17,8925360,624761250,69.90,70.10,69.75,70.05,+0.10,3274
105/08/18,3275034,229222344,70.00,70.15,69.80,69.90,-0.15,559
105/08/19,8299801,577768663,69.90,70.45,69.20,69.20,-0.70,1432
105/08/22,7083411,486606651,69.00,69.15,68.45,68.70,-0.50,1495
105/08/23,7084009,491063695,68.90,69.60,68.90,69.40,+0.70,851
105/08/24,5071479,351620508,69.35,69.55,69.20,69.20,-0.20,585
105/08/25,8022568,560917960,69.30,70.15,69.30,70.00,+0.80,1233
105/08/26,2991939,209743380,69.95,70.30,69.80,70.10,+0.10,786
105/08/29,3554924,247992994,69.90,70.15,69.20,70.05,-0.05,829
105/08/30,3791222,265330977,70.00,70.25,69.80,70.00,-0.05,647
105/08/31,5206081,362946724,69.85,70.05,69.30,69.40,-0.60,1043
105/09/01,5965179,411120094,69.30,69.30,68.60,69.05,-0.35,1212
105/09/02,2615482,180788881,69.10,69.30,68.80,69.15,+0.10,577
105/09/05,8523041,597721933,69.80,70.30,69.80,70.30,+1.15,1576
105/09/06,7342971,518714114,70.25,70.90,70.25,70.85,+0.55,1940
105/09/07,9686777,693084535,70.95,71.90,70.95,71.85,+1.00,2834
105/09/08,4674329,334565799,71.80,71.80,71.40,71.60,-0.25,724
105/09/09,5230374,368985083,70.90,70.90,70.35,70.40,-1.20,1163
105/09/10,8825756,612259307,69.15,69.60,69.00,69.40,-1.00,1835
105/09/12,7236436,498384107,69.35,69.35,68.70,68.85,-0.55,1986
105/09/13,7123286,490199734,69.10,69.20,68.20,68.85, 0.00,1413
105/09/14,5624161,386564787,68.50,69.05,68.45,68.45,-0.40,1162
105/09/19,9887905,695261205,69.40,71.00,69.40,71.00,+2.55,2918
105/09/20,2795180,197878706,70.90,71.00,70.60,70.90,-0.10,796
105/09/21,12156219,864927150,70.75,71.35,70.55,71.25,+0.35,3370
105/09/22,4929382,352530819,71.90,72.00,71.25,71.40,+0.15,1128
105/09/23,4215738,302470817,71.50,71.90,71.40,71.90,+0.50,1607
105/09/26,3736578,265907989,71.50,71.50,71.00,71.00,-0.90,765
105/09/29,9624483,691781380,71.85,72.15,71.40,71.90,+0.90,2068
105/09/30,5843939,415283648,71.15,71.35,70.80,70.95,-0.95,820
105/10/03,3888034,277328688,71.20,71.60,71.10,71.45,+0.50,851
105/10/04,5169849,370215087,71.45,71.75,71.30,71.75,+0.30,718
105/10/05,2838310,203317488,71.60,71.85,71.45,71.50,-0.25,489
105/10/06,2071768,148366268,71.70,71.75,71.45,71.70,+0.20,520
105/10/07,3053425,218908302,71.60,71.80,71.60,71.65,-0.05,516
105/10/11,6945823,499048287,72.35,72.45,71.20,71.45,-0.20,1371
105/10/12,6057198,435873394,71.50,72.30,71.35,72.25,+0.80,1398
105/10/13,5454942,391910064,72.20,72.30,71.45,71.70,-0.55,785
105/10/14,3633218,259915436,71.30,71.90,71.30,71.45,-0.25,856
105/10/17,4422098,314011945,71.45,71.60,70.60,71.45, 0.00,920
105/10/18,3619946,259443312,71.50,71.95,71.30,71.95,+0.50,796
105/10/19,21575332,1563479621,72.00,72.60,72.00,72.35,+0.40,3246
105/10/20,4836032,351124080,72.35,72.75,72.35,72.65,+0.30,1259
105/10/21,4234740,308183379,72.65,73.05,72.55,72.60,-0.05,749
105/10/24,3265122,237613138,72.85,72.95,72.60,72.70,+0.10,598
105/10/25,3715773,271850460,72.85,73.50,72.85,73.40,+0.70,1070
105/10/26,2868454,209503168,73.00,73.15,72.90,73.00,-0.40,469
105/10/27,3170404,230465068,73.00,73.15,72.40,72.60,-0.40,629
105/10/28,4275037,310172077,72.60,72.75,72.45,72.60, 0.00,366
105/10/31,5464146,394236445,72.25,72.70,71.70,72.60, 0.00,717
105/11/01,2024337,146646068,72.25,72.60,72.10,72.60, 0.00,391
105/11/02,5502479,394615232,71.95,72.00,71.60,71.75,-0.85,1116
105/11/03,4554732,324765390,71.45,71.60,71.10,71.20,-0.55,1299
105/11/04,4346371,308626872,71.00,71.20,70.85,71.00,-0.20,1093
105/11/07,3235375,232393622,71.80,72.00,71.45,72.00,+1.00,1544
105/11/08,2694109,194530719,72.15,72.40,72.00,72.35,+0.35,847
105/11/09,19936675,1410922018,72.85,73.05,70.00,70.00,-2.35,4810
105/11/10,6699699,481884878,71.80,72.10,71.75,72.00,+2.00,1932
105/11/11,8375831,588020191,70.35,70.70,69.95,70.05,-1.95,2688
105/11/14,7117151,496754451,69.95,70.30,69.45,70.10,+0.05,1670
105/11/15,4015684,280809982,69.80,70.10,69.75,69.90,-0.20,1309
105/11/16,24749610,1739238360,70.20,70.50,69.95,70.00,+0.10,5009
105/11/17,3313486,232129391,70.00,70.20,69.75,70.20,+0.20,1622
105/11/18,2119539,148731037,70.10,70.40,69.90,70.40,+0.20,598
105/11/21,2649990,186524490,70.30,70.50,70.10,70.50,+0.10,539
105/11/22,5293782,377011832,70.75,71.65,70.75,71.45,+0.95,1725
105/11/23,1907717,136841949,71.50,71.90,71.45,71.80,+0.35,710
105/11/24,2303410,164354604,71.60,71.60,71.20,71.40,-0.40,676
105/11/25,2649250,189253897,71.35,71.65,71.25,71.35,-0.05,581
105/11/28,2646049,189938951,71.35,72.00,71.35,71.75,+0.40,788
105/11/29,1417871,101829278,71.90,72.00,71.65,71.65,-0.10,452
105/11/30,1918325,137591850,71.70,71.90,71.50,71.70,+0.05,595
105/12/01,1955817,140730135,71.60,72.10,71.60,72.00,+0.30,666
105/12/02,3307698,235128806,71.20,71.20,70.90,71.20,-0.80,736
105/12/05,1388169,98576875,71.20,71.20,70.80,71.10,-0.10,367
105/12/06,2435954,175403601,71.80,72.20,71.75,72.00,+0.90,768
105/12/07,1467377,105807162,72.20,72.35,71.90,72.00, 0.00,475
105/12/08,6085595,442984227,72.30,73.00,72.30,72.90,+0.90,1529
105/12/09,5418281,395994807,73.05,73.20,72.95,73.15,+0.25,1389
105/12/12,3208556,234598867,73.30,73.55,72.75,72.85,-0.30,1319
105/12/13,2548640,185727920,72.85,73.00,72.65,72.95,+0.10,888
105/12/14,2827980,206668707,73.20,73.30,72.90,73.10,+0.15,1333
105/12/15,3017786,219455120,72.55,73.00,72.40,73.00,-0.10,548
105/12/16,2148428,155907874,72.80,72.80,72.30,72.30,-0.70,491
105/12/19,2680960,193048170,72.25,72.30,71.85,71.85,-0.45,892
105/12/20,2029791,145668837,71.95,71.95,71.55,71.75,-0.10,634
105/12/21,9321197,668442424,71.75,71.85,71.50,71.70,-0.05,2904
105/12/22,4971537,352951027,71.55,71.55,70.80,70.80,-0.90,2011
105/12/23,5125956,361673215,70.60,70.85,70.35,70.55,-0.25,1671
105/12/26,2104929,148795659,70.65,70.80,70.55,70.80,+0.25,740
105/12/27,2494279,176416611,70.80,70.90,70.65,70.75,-0.05,613
105/12/28,3686010,263088848,70.85,71.60,70.85,71.60,+0.85,885
105/12/29,1911106,136351033,71.45,71.45,71.20,71.25,-0.35,685
105/12/30,2726453,195669616,71.65,72.00,71.55,71.80,+0.55,660
106/01/03,2331431,167301490,71.70,71.90,71.50,71.90,+0.10,451
106/01/04,4284195,308177877,72.00,72.10,71.75,71.85,-0.05,614
106/01/05,4573600,330422521,71.85,72.50,71.80,72.50,+0.65,1236
106/01/06,3752998,272387663,72.45,72.75,72.45,72.65,+0.15,980
106/01/09,5038290,366344482,72.75,72.95,72.30,72.45,-0.20,1057
106/01/10,1857853,134624612,72.45,72.60,72.40,72.40,-0.05,422
106/01/11,1898053,137621077,72.80,72.85,72.40,72.40, 0.00,589
106/01/12,4857459,354847738,72.60,73.30,72.60,73.15,+0.75,1399
106/01/13,3909860,284091239,72.80,72.80,72.60,72.60,-0.55,835
106/01/16,2418439,174145772,72.40,72.40,71.80,72.00,-0.60,881
106/01/17,1572741,113686311,72.00,72.40,72.00,72.30,+0.30,494
106/01/18,3837818,276891011,72.20,72.20,72.05,72.15,-0.15,679
106/01/19,4065559,292416114,71.85,72.10,71.60,71.95,-0.20,665
106/01/20,2422174,174730158,71.95,72.25,71.95,72.15,+0.20,1433
106/01/23,5965089,434672631,72.55,73.00,72.55,72.75,+0.60,1534
106/01/24,4575104,334830127,73.00,73.30,72.90,73.30,+0.55,1858
106/02/02,6999147,511783003,73.50,73.65,72.75,72.90,-0.40,1808
106/02/03,2809194,204726612,72.95,73.15,72.65,72.85,-0.05,1203
106/02/06,2947246,215765564,73.00,73.40,72.95,73.25,+0.40,1195
106/02/07,4305232,315681749,73.10,73.45,73.10,73.30,+0.05,1897
106/02/08,4433939,317740281,71.90,71.90,71.35,71.75,X0.00,2095
106/02/09,3548420,255343191,71.75,72.20,71.65,72.00,+0.25,857
106/02/10,4869787,353758401,72.10,72.95,72.10,72.80,+0.80,1148
106/02/13,3330147,243215631,72.80,73.10,72.80,72.95,+0.15,924
106/02/14,6071668,445062006,73.40,73.50,73.10,73.20,+0.25,1379
106/02/15,9407004,692431969,73.30,73.90,73.20,73.90,+0.70,2298
106/02/16,5466631,402438648,74.00,74.20,73.35,73.45,-0.45,1713
106/02/17,5192773,381393148,73.65,73.70,73.35,73.35,-0.10,1184
106/02/18,3227803,237095308,73.30,73.55,73.20,73.50,+0.15,1190
106/02/20,2802606,205434206,73.55,73.65,73.10,73.10,-0.40,1401
106/02/21,3337389,244318096,73.20,73.40,73.05,73.25,+0.15,527
106/02/22,2938397,215548987,73.60,73.70,73.15,73.30,+0.05,484
106/02/23,2332442,170965930,73.25,73.55,73.10,73.10,-0.20,571
106/02/24,1844790,134857020,73.05,73.30,72.85,73.15,+0.05,615
106/03/01,3107350,225726160,73.10,73.10,72.35,72.35,-0.80,1270
106/03/02,7057872,512240160,72.95,73.25,72.25,72.55,+0.20,1735
106/03/03,4410226,318135638,72.30,72.35,72.00,72.10,-0.45,1751
106/03/06,2177363,157105795,72.05,72.25,72.00,72.15,+0.05,882
106/03/07,2027296,146868581,72.25,72.60,72.25,72.45,+0.30,833
106/03/08,2182147,158530106,72.65,72.85,72.45,72.85,+0.40,842
106/03/09,3381395,243825130,72.60,72.60,71.95,72.05,-0.80,1599
106/03/10,5423285,389031634,71.95,72.05,71.55,72.00,-0.05,1558
106/03/13,2515382,182074433,72.15,72.50,72.15,72.50,+0.50,779
106/03/14,3948353,287952737,72.60,73.10,72.60,73.00,+0.50,1207
106/03/15,3490372,254234206,72.80,73.00,72.60,72.85,-0.15,1293
106/03/16,7545149,555972274,73.30,73.85,73.30,73.80,+0.95,2754
106/03/17,5265875,389526850,73.85,74.10,73.75,74.00,+0.20,2375
106/03/20,5073186,375539714,73.95,74.15,73.85,73.95,-0.05,1028
106/03/21,8511270,634988551,74.30,74.90,74.30,74.90,+0.95,1843
106/03/22,4939975,366163705,74.25,74.25,74.00,74.20,-0.70,1268
106/03/23,4105955,305444615,74.60,74.65,74.15,74.35,+0.15,687
106/03/24,3308120,245456942,74.35,74.40,74.10,74.25,-0.10,548
106/03/27,2474340,183601806,74.00,74.40,73.85,74.20,-0.05,582
106/03/28,5565534,413437983,74.55,74.60,73.95,74.25,+0.05,1726
106/03/29,2464193,182878025,74.45,74.50,74.00,74.00,-0.25,551
106/03/30,2181458,161500292,74.00,74.25,73.90,73.90,-0.10,424
106/03/31,2008887,148377572,73.95,74.10,73.70,73.70,-0.20,614
106/04/05,3594368,267911149,73.95,74.80,73.95,74.65,+0.95,1177
106/04/06,2811150,209240706,74.80,74.80,74.30,74.40,-0.25,880
106/04/07,1889165,139505932,74.30,74.30,73.40,74.10,-0.30,887
106/04/10,1060789,78625981,74.10,74.25,74.00,74.20,+0.10,394
106/04/11,1266959,93779536,74.10,74.40,73.75,73.90,-0.30,647
106/04/12,1940147,143460184,73.90,74.10,73.65,74.05,+0.15,802
106/04/13,6004675,446309468,73.90,74.45,73.90,74.40,+0.35,877
106/04/14,2674280,196994842,73.90,73.90,73.50,73.55,-0.85,1263
106/04/17,5339490,393147347,73.55,73.80,73.35,73.60,+0.05,1008
106/04/18,4099924,302371805,73.85,74.00,73.50,73.60, 0.00,671
106/04/19,9185446,669532623,73.10,73.25,72.65,72.80,-0.80,3402
106/04/20,3142256,228422188,72.55,72.90,72.50,72.80, 0.00,1420
106/04/21,3247213,238184129,73.25,73.50,73.10,73.50,+0.70,1035
106/04/24,4309464,317407130,73.90,73.95,73.45,73.65,+0.15,896
106/04/25,5698061,422598229,73.85,74.40,73.70,74.35,+0.70,1525
106/04/26,4117953,307089866,74.70,74.70,74.40,74.55,+0.20,953
106/04/27,3685290,273944187,74.35,74.50,74.15,74.50,-0.05,734
106/04/28,4423100,329448991,74.50,74.60,74.30,74.55,+0.05,938
106/05/02,15728364,1183549491,75.00,75.40,75.00,75.20,+0.65,2827
106/05/03,4711953,355729364,75.30,75.65,75.30,75.55,+0.35,1708
106/05/04,3996825,301811102,75.55,75.65,75.35,75.65,+0.10,1145
106/05/05,5287815,397880732,75.45,75.45,75.10,75.15,-0.50,1320
106/05/08,4083374,308091358,75.55,75.70,75.25,75.70,+0.55,1054
106/05/09,4190236,319313121,75.70,76.50,75.70,75.95,+0.25,1120
106/05/10,1763035,134244947,76.15,76.35,76.00,76.25,+0.30,638
106/05/11,2018313,154148338,76.10,76.50,76.00,76.50,+0.25,736
106/05/12,2810989,214492626,76.25,76.50,76.15,76.30,-0.20,539
106/05/15,1285720,98284746,76.30,76.55,76.20,76.50,+0.20,539
106/05/16,1598332,122092507,76.50,76.60,76.25,76.50, 0.00,803
106/05/17,1331528,101438562,76.30,76.40,76.05,76.30,-0.20,476
106/05/18,4271928,323392357,75.65,75.90,75.30,75.90,-0.40,943
106/05/19,1162847,88166922,75.65,75.90,75.65,75.85,-0.05,297
106/05/22,2576137,195790949,75.95,76.15,75.75,76.05,+0.20,761
106/05/23,3844351,292887587,76.05,76.45,76.00,76.35,+0.30,568
106/05/24,2886268,220350338,76.35,76.45,76.25,76.30,-0.05,645
106/05/25,4681977,360095129,76.70,77.00,76.45,77.00,+0.70,1568
106/05/26,4018329,308975447,77.00,77.15,76.75,76.95,-0.05,598
106/05/31,2701301,207172841,76.95,77.50,76.40,76.50,-0.45,765
106/06/01,2221692,170334430,76.50,76.90,76.50,76.90,+0.40,782
106/06/02,3540934,273287776,77.30,77.30,77.05,77.20,+0.30,733
106/06/03,2052295,158709516,77.25,77.40,77.25,77.40,+0.20,541
106/06/05,3281752,254540406,77.35,78.00,77.25,78.00,+0.60,849
106/06/06,1203007,93684346,77.95,77.95,77.70,77.95,-0.05,618
106/06/07,1844790,143852570,77.90,78.10,77.70,77.95, 0.00,485
106/06/08,1886861,147421476,77.95,78.25,77.80,78.25,+0.30,489
106/06/09,3010414,235254296,78.05,78.35,77.95,78.00,-0.25,1261
106/06/12,3300815,254991488,77.15,77.50,77.05,77.15,-0.85,1008
106/06/13,1615980,124661164,77.15,77.30,77.00,77.25,+0.10,437
106/06/14,3380592,259920485,77.40,77.40,76.50,76.85,-0.40,775
106/06/15,1507476,115742992,76.80,76.90,76.60,76.90,+0.05,473
106/06/16,4233093,327234575,76.90,77.70,76.85,77.70,+0.80,711
106/06/19,5144835,403115770,77.70,78.55,77.70,78.55,+0.85,1459
106/06/20,4046834,320905688,78.60,79.65,78.60,79.45,+0.90,1306
106/06/21,13612954,1084759757,79.20,79.90,78.85,79.55,+0.10,2001
106/06/22,6112800,487656013,79.60,79.85,79.55,79.75,+0.20,1120
106/06/23,8517089,679313575,79.75,80.05,79.65,79.70,-0.05,3426
106/06/26,14254481,1152368187,79.80,81.50,79.80,81.40,+1.70,2367
106/06/27,3026202,245706817,81.40,81.50,81.00,81.30,-0.10,1145
106/06/28,6286912,506227717,80.90,81.05,80.30,80.55,-0.75,2321
106/06/29,1427255,115380165,81.00,81.05,80.50,80.65,+0.10,513
106/06/30,3070653,245991027,80.10,80.40,79.80,80.40,-0.25,854
106/07/03,1551046,124698923,80.40,80.60,80.20,80.45,+0.05,619
106/07/04,1237199,99372295,80.45,80.60,80.00,80.00,-0.45,522
106/07/05,2274312,182530450,80.10,80.75,79.75,80.75,+0.75,765
106/07/06,2492419,200268697,80.75,80.75,80.20,80.40,-0.35,715
106/07/07,3569810,285400443,80.25,80.25,79.80,79.95,-0.45,1199
106/07/10,3549929,284770751,80.00,80.45,80.00,80.35,+0.40,1183
106/07/11,4138771,336245539,80.70,81.55,80.55,81.55,+1.20,1699
106/07/12,3948227,322132882,81.50,81.80,81.30,81.55, 0.00,1168
106/07/13,3992624,328058991,81.95,82.40,81.75,82.20,+0.65,1055
106/07/14,2281634,187062793,82.00,82.15,81.80,82.05,-0.15,903
106/07/17,2687643,221106322,82.50,82.55,82.00,82.20,+0.15,916
106/07/18,3277706,269432663,82.20,82.40,81.85,82.40,+0.20,799
106/07/19,7267690,601075693,82.35,83.00,82.35,82.70,+0.30,2647
106/07/20,2020686,167118472,82.85,82.90,82.55,82.65,-0.05,564
106/07/21,4465912,367035273,82.60,82.60,82.05,82.10,-0.55,1448
106/07/24,2364317,194054288,81.95,82.30,81.75,82.30,+0.20,973
106/07/25,2126646,175014217,82.30,82.50,82.10,82.45,+0.15,676
106/07/26,2357445,194141125,82.55,82.75,82.05,82.15,-0.30,865
106/07/27,2213720,183279010,82.20,83.00,82.20,83.00,+0.85,696
106/07/28,4401601,361925338,82.40,82.45,81.95,82.10,-0.90,1291
106/07/31,2806599,228312297,81.45,81.50,81.05,81.35,X0.00,879
106/08/01,2642390,216364087,82.15,82.15,81.55,81.80,+0.45,732
106/08/02,5045458,415944445,82.00,82.65,82.00,82.50,+0.70,1221
106/08/03,4029108,330913722,81.85,82.35,81.70,82.20,-0.30,827
106/08/04,1143998,94089503,82.15,82.35,82.05,82.35,+0.15,427
106/08/07,4108819,340304464,82.45,83.00,82.45,82.95,+0.60,1251
106/08/08,2985746,247502919,83.05,83.25,82.55,82.90,-0.05,728
106/08/09,3122228,256746634,82.55,82.60,82.05,82.15,-0.75,1325
106/08/10,3168994,258728506,82.35,82.45,81.35,81.60,-0.55,1480
106/08/11,2747290,222731207,80.85,81.35,80.75,81.25,-0.35,1267
106/08/14,2245412,182056872,81.45,81.60,80.75,80.75,-0.50,1259
106/08/15,2708861,220017887,81.30,81.50,80.95,81.30,+0.55,1240
106/08/16,6282836,507696840,81.15,81.25,80.60,81.00,-0.30,3347
106/08/17,1968802,160481161,81.25,81.70,81.15,81.65,+0.65,1359
106/08/18,2315643,187445943,81.00,81.15,80.65,81.15,-0.50,1477
106/08/21,2050279,166059249,81.05,81.20,80.75,81.05,-0.10,1214
106/08/22,3986645,326026244,81.45,81.90,81.45,81.85,+0.80,1808
106/08/23,5504507,451486956,82.00,82.25,81.75,81.75,-0.10,1548
106/08/24,3487871,287289732,81.85,82.55,81.85,82.55,+0.80,1621
106/08/25,2614758,216110040,82.65,82.75,82.40,82.70,+0.15,1497
106/08/28,2773226,229032672,82.70,82.80,82.40,82.55,-0.15,1625
106/08/29,1228682,100988135,82.25,82.40,81.95,82.30,-0.25,758
106/08/30,4119943,340949183,82.65,82.90,82.60,82.70,+0.40,1574
106/08/31,3284317,272401261,83.15,83.15,82.70,82.95,+0.25,863
106/09/01,4429357,367698896,82.95,83.20,82.65,83.00,+0.05,1242
106/09/04,2595960,215379980,82.90,83.05,82.70,82.85,-0.15,1249
106/09/05,2564014,212297667,82.90,83.00,82.65,82.95,+0.10,894
106/09/06,2891459,239135774,82.70,82.90,82.35,82.60,-0.35,733
106/09/07,1368850,112962000,82.80,82.85,82.20,82.25,-0.35,523
106/09/08,2841807,235025531,82.40,82.90,82.40,82.70,+0.45,460
106/09/11,1627740,134840770,83.25,83.35,82.50,82.55,-0.15,641
106/09/12,1394251,115579395,82.95,83.05,82.65,82.85,+0.30,484
106/09/13,2175414,179336920,82.90,83.00,82.25,82.30,-0.55,853
106/09/14,1749686,144135177,82.30,82.55,82.15,82.35,+0.05,543
106/09/15,1821006,149836316,82.35,82.50,82.10,82.35, 0.00,666
106/09/18,2692818,223439577,82.85,83.15,82.60,83.15,+0.80,1093
106/09/19,1456448,120871287,83.20,83.30,82.65,82.75,-0.40,689
106/09/20,9963674,818692732,82.50,82.65,82.10,82.20,-0.55,3861
106/09/21,1830228,150729480,82.05,82.80,81.95,82.70,+0.50,677
106/09/22,5605786,458418952,82.60,82.60,81.55,81.60,-1.10,1799
106/09/25,7071046,572821645,81.55,81.55,80.75,80.95,-0.65,3080
106/09/26,11752300,947629479,80.80,81.05,80.30,80.30,-0.65,4705
106/09/27,6242902,504135812,80.60,80.90,80.55,80.70,+0.40,2313
106/09/28,6899317,555464689,80.75,80.80,80.30,80.40,-0.30,2076
106/09/29,3443865,277186537,80.45,80.65,80.30,80.65,+0.25,1210
106/09/30,1585133,128476096,81.00,81.20,80.85,81.20,+0.55,801
106/10/02,3261192,265639968,81.25,81.60,81.25,81.50,+0.30,931
106/10/03,1578103,128664783,81.55,81.70,81.30,81.50, 0.00,573
106/10/05,6407078,524400046,81.50,82.10,81.50,81.85,+0.35,851
106/10/06,4126781,338645008,82.10,82.20,81.95,82.10,+0.25,1028
106/10/11,15975456,1328351032,82.45,83.40,82.45,83.40,+1.30,5338
106/10/12,8770044,736349192,83.55,84.20,83.55,84.20,+0.80,3463
106/10/13,3596016,301743272,83.95,84.05,83.75,84.05,-0.15,1384
106/10/16,4045713,340972938,84.05,84.50,84.05,84.50,+0.45,1852
106/10/17,3233897,273273995,84.55,84.70,84.30,84.30,-0.20,1105
106/10/18,4472628,378300867,84.80,85.00,84.30,84.60,+0.30,1094
106/10/19,2447441,208033714,84.70,85.20,84.70,84.90,+0.30,895
106/10/20,1725562,146031654,84.40,84.85,84.40,84.55,-0.35,620
106/10/23,1771858,149959192,84.70,84.95,84.45,84.50,-0.05,527
106/10/24,1072153,90505455,84.50,84.50,84.20,84.40,-0.10,408
106/10/25,2416641,203863633,84.30,84.60,84.20,84.35,-0.05,545
106/10/26,3226482,271833233,84.15,84.40,84.00,84.25,-0.10,792
106/10/27,2141138,180898607,84.30,84.75,84.20,84.30,+0.05,561
106/10/30,3357992,285709119,85.10,85.35,84.80,84.95,+0.65,709
106/10/31,2131434,181429580,85.00,85.35,84.80,85.20,+0.25,552
106/11/01,1313748,111897404,85.35,85.40,84.95,85.10,-0.10,430
106/11/02,1562537,132638338,84.95,85.05,84.70,84.80,-0.30,479
106/11/03,1455869,123451696,84.95,85.05,84.60,84.70,-0.10,483
106/11/06,1573301,133589185,85.20,85.30,84.60,84.85,+0.15,749
106/11/07,2211471,188228636,85.00,85.30,84.85,85.30,+0.45,827
106/11/08,809880,68867950,85.20,85.20,84.95,84.95,-0.35,399
106/11/09,1258299,106726777,84.95,85.05,84.40,84.40,-0.55,562
106/11/10,923206,77817461,84.30,84.55,83.95,84.55,+0.15,552
106/11/13,979282,82529190,84.25,84.40,84.20,84.30,-0.25,552
106/11/14,1015799,85431374,84.30,84.30,83.95,84.15,-0.15,620
106/11/15,6270191,523327685,83.80,83.85,83.15,83.30,-0.85,2923
106/11/16,2176812,181765196,83.30,83.75,83.20,83.60,+0.30,1253
106/11/17,7196119,606871857,84.30,84.45,84.15,84.35,+0.75,1336
106/11/20,2301024,193525979,84.40,84.45,83.90,84.00,-0.35,1105
106/11/21,4469688,376042144,83.90,84.80,83.90,84.75,+0.75,1019
106/11/22,4913723,419446227,85.15,85.60,84.90,85.15,+0.40,1676
106/11/23,1552051,132161764,85.15,85.35,84.95,85.20,+0.05,597
106/11/24,1068534,91012427,85.25,85.30,84.95,85.15,-0.05,530
106/11/27,2127304,179561728,85.15,85.15,84.10,84.15,-1.00,899
106/11/28,2007123,167971263,83.95,84.00,83.50,83.60,-0.55,1014
106/11/29,1381859,115678483,83.65,83.95,83.55,83.70,+0.10,559
106/11/30,8038492,663634455,83.00,83.00,82.25,82.25,-1.45,2887
106/12/01,5620322,462116126,82.15,82.90,81.65,82.60,+0.35,2376
106/12/04,1503749,124232242,82.65,82.95,82.35,82.90,+0.30,673
106/12/05,1880132,154873413,82.55,82.65,82.20,82.25,-0.65,1308
106/12/06,13235403,1076016844,82.10,82.10,80.85,80.85,-1.40,6470
106/12/07,7309030,590253335,81.20,81.25,80.45,80.90,+0.05,3451
106/12/08,6280017,507950499,81.50,81.50,80.65,80.90, 0.00,2684
106/12/11,2738995,223183119,81.20,81.65,81.20,81.50,+0.60,1611
106/12/12,3940646,318854886,81.40,81.50,80.55,80.95,-0.55,1585
106/12/13,1676999,135829186,81.10,81.20,80.90,81.00,+0.05,777
106/12/14,2246280,183713434,81.55,82.00,81.35,81.75,+0.75,882
106/12/15,4077161,329949967,81.65,81.65,80.65,81.10,-0.65,1649
106/12/18,3842614,311718747,81.20,81.25,80.85,81.20,+0.10,787
106/12/19,4095098,331846488,81.20,81.40,80.70,80.80,-0.40,885
106/12/20,4652274,376271387,80.80,81.10,80.75,81.05,+0.25,1310
106/12/21,1240823,100664300,81.10,81.35,81.00,81.00,-0.05,521
106/12/22,1644841,133059742,80.80,81.35,80.70,81.30,+0.30,546
106/12/25,1002933,81627136,81.30,81.55,81.30,81.45,+0.15,557
106/12/26,2578196,208312540,81.45,81.45,80.50,80.65,-0.80,1118
106/12/27,3600143,290733340,80.60,80.90,80.55,80.90,+0.25,675
106/12/28,3094816,252391818,81.25,81.75,81.25,81.70,+0.80,962
106/12/29,4690296,384768069,81.75,82.20,81.75,82.15,+0.45,1612
107/01/02,3613199,298033251,82.15,82.60,82.15,82.60,+0.45,1795
107/01/03,7196437,599476413,82.95,83.45,82.95,83.35,+0.75,3014
107/01/04,5627565,469312820,83.50,83.65,83.20,83.50,+0.15,2278
107/01/05,7616796,636768692,83.50,83.80,83.30,83.75,+0.25,2562
107/01/08,5189611,435775639,83.80,84.15,83.70,84.10,+0.35,2282
107/01/09,3664716,308057554,84.10,84.25,83.90,84.15,+0.05,1340
107/01/10,5749597,482358793,84.10,84.25,83.55,83.75,-0.40,1073
107/01/11,2579225,214867793,83.65,83.70,83.10,83.40,-0.35,735
107/01/12,2871193,241214778,83.55,84.20,83.50,84.10,+0.70,1002
107/01/15,2819852,238493616,84.55,84.70,84.40,84.65,+0.55,1126
107/01/16,3955841,335496385,84.65,85.00,84.50,85.00,+0.35,1295
107/01/17,5698268,485174071,84.65,85.45,84.65,85.15,+0.15,2017
107/01/18,6898803,594091024,85.50,86.55,85.50,86.30,+1.15,2272
107/01/19,5302072,461040360,86.35,87.15,86.35,87.15,+0.85,1445
107/01/22,4441061,389066253,87.15,87.95,87.15,87.95,+0.80,1746
107/01/23,5799932,511405502,88.05,88.40,87.90,88.30,+0.35,1842
107/01/24,5103429,444907065,88.00,88.00,86.85,87.20,-1.10,1869
107/01/25,4983684,436967956,87.25,88.30,87.15,87.45,+0.25,1652
107/01/26,7774673,678481509,87.45,87.60,86.85,87.50,+0.05,3087
107/01/29,6445797,551350942,85.50,86.15,85.20,85.55,X0.00,3453
107/01/30,4966261,421572779,85.20,85.35,84.50,84.55,-1.00,2337
107/01/31,4251739,359040915,84.40,85.00,84.15,84.65,+0.10,1176
107/02/01,2914539,248420810,84.75,85.50,84.75,85.25,+0.60,897
107/02/02,3081592,261095295,84.85,85.15,84.35,84.90,-0.35,880
107/02/05,7075902,588994369,83.20,83.75,82.90,83.60,-1.30,2875
107/02/06,32222595,2574016957,80.85,81.10,78.80,79.65,-3.95,11372
107/02/07,10181907,825539952,81.35,81.40,80.60,80.65,+1.00,5189
107/02/08,4514691,363476832,80.65,80.95,80.30,80.60,-0.05,1972
107/02/09,16211237,1271812204,78.60,79.20,78.00,79.05,-1.55,6760
107/02/12,8443795,672977850,79.55,79.90,79.40,79.70,+0.65,3828
107/02/21,11646085,948993971,81.40,81.70,81.10,81.50,+1.80,4541
107/02/22,3749910,303821917,81.50,81.50,80.75,81.00,-0.50,1744
107/02/23,3779316,309207057,81.40,82.10,81.40,82.00,+1.00,1793
107/02/26,3289207,271560439,82.55,82.80,82.35,82.40,+0.40,1380
107/02/27,7663746,634417022,83.10,83.20,82.35,82.35,-0.05,2037
107/03/01,4344220,354595798,81.55,81.95,81.15,81.75,-0.60,2554
107/03/02,6262361,505982082,80.85,81.20,80.45,81.15,-0.60,2846
107/03/05,3723757,301898098,81.10,81.50,80.65,80.75,-0.40,1223
107/03/06,5732204,469203518,81.65,82.15,81.60,82.15,+1.40,1756
107/03/07,2619161,214899152,81.75,82.45,81.70,81.80,-0.35,1029
107/03/08,3232583,266947148,82.15,82.80,82.15,82.75,+0.95,1396
107/03/09,2832064,234740002,82.90,83.00,82.70,82.85,+0.10,986
107/03/12,8752324,735446031,83.60,84.25,83.55,84.15,+1.30,2942
107/03/13,9837435,831704291,84.35,84.95,84.30,84.95,+0.80,3126
107/03/14,3415928,287869559,84.35,84.45,84.00,84.30,-0.65,1373
107/03/15,3506898,295014773,84.00,84.30,83.90,84.25,-0.05,1533
107/03/16,5510671,460021500,84.00,84.20,83.10,83.90,-0.35,1652
107/03/19,2035534,170676406,83.65,84.10,83.45,83.85,-0.05,892
107/03/20,2895350,241726053,83.20,83.80,83.20,83.80,-0.05,1019
107/03/21,4891527,410076823,83.80,84.10,83.60,83.85,+0.05,2337
107/03/22,3429925,288139929,84.00,84.60,83.45,83.55,-0.30,1608
107/03/23,8259738,677767488,81.85,82.40,81.80,82.10,-1.45,2816
107/03/26,4369122,357831903,81.85,82.20,81.60,82.20,+0.10,1837
107/03/27,3277568,272571549,83.00,83.40,82.95,83.40,+1.20,1015
107/03/28,4161192,343127725,82.90,82.90,82.20,82.25,-1.15,1306
107/03/29,4099855,336213829,82.25,82.35,81.80,82.10,-0.15,1127
107/03/30,4994090,414075827,82.65,83.05,82.65,82.85,+0.75,1285
107/03/31,878295,72801339,82.85,83.05,82.75,82.95,+0.10,495
107/04/02,3737299,307813730,82.85,82.95,82.15,82.25,-0.70,1099
107/04/03,6187523,503435586,81.50,81.55,81.20,81.50,-0.75,2624
107/04/09,3401430,278923482,82.15,82.30,81.60,82.20,+0.70,1167
107/04/10,3860497,318719411,82.10,82.85,81.75,82.50,+0.30,1039
107/04/11,2603653,215930349,82.90,83.10,82.75,82.85,+0.35,1252
107/04/12,3591573,296423097,83.05,83.15,82.25,82.50,-0.35,1267
107/04/13,2982732,246303554,82.70,82.80,82.30,82.50, 0.00,792
107/04/16,1809198,148796053,82.65,82.65,82.00,82.30,-0.20,761
107/04/17,4325040,352876030,82.40,82.40,81.35,81.40,-0.90,2223
107/04/18,3739837,305624331,81.60,82.10,81.35,81.60,+0.20,1306
107/04/19,4461269,367816687,81.90,82.65,81.90,82.65,+1.05,1200
107/04/20,9017715,728325834,81.00,81.10,80.50,80.75,-1.90,3705
107/04/23,10624780,850769704,80.25,80.45,79.90,79.95,-0.80,5274
107/04/24,16867787,1341875510,79.90,79.95,79.05,79.55,-0.40,6924
107/04/25,16460997,1301833349,79.25,79.30,78.80,79.30,-0.25,7679
107/04/26,16485778,1305124761,79.70,79.70,78.80,79.05,-0.25,6863
107/04/27,12395611,979827894,79.60,79.65,78.80,79.20,+0.15,4730
107/04/30,6516983,519421423,79.65,80.15,79.05,80.00,+0.80,2677
107/05/02,5513498,439622305,80.05,80.15,79.40,79.40,-0.60,2584
107/05/03,8823434,694073004,79.05,79.05,78.35,78.55,-0.85,4248
107/05/04,3475423,273248775,78.55,79.00,78.40,78.95,+0.40,1860
107/05/07,3858382,305849245,79.50,79.55,78.80,79.50,+0.55,1752
107/05/08,5352116,427504370,79.40,80.05,79.35,80.00,+0.50,2272
107/05/09,3359022,270071272,80.00,80.55,80.00,80.45,+0.45,1914
107/05/10,5977304,481662488,80.70,80.70,80.45,80.65,+0.20,3239
107/05/11,17654297,1436892102,81.10,81.70,81.05,81.60,+0.95,6364
107/05/14,17197686,1414607650,82.00,82.60,81.90,82.50,+0.90,6171
107/05/15,7222482,592065703,82.35,82.40,81.65,81.65,-0.85,2449
107/05/16,8293601,677320569,81.45,81.80,81.40,81.75,+0.10,2922
107/05/17,1940778,158110701,81.95,82.00,81.20,81.20,-0.55,1009
107/05/18,2360712,191353462,81.20,81.50,80.85,80.95,-0.25,1051
107/05/21,3889661,318673185,81.20,82.10,81.20,82.05,+1.10,1717
107/05/22,1837449,150711615,81.80,82.30,81.75,81.75,-0.30,834
107/05/23,2124373,173329337,81.90,82.00,81.30,81.35,-0.40,663
107/05/24,1135324,92525577,81.35,81.70,81.25,81.55,+0.20,460
107/05/25,3115748,254971743,81.55,82.05,81.40,81.85,+0.30,1454
107/05/28,2940383,241485608,82.05,82.25,82.00,82.20,+0.35,1601
107/05/29,1388540,113427981,82.20,82.20,81.50,81.85,-0.35,580
107/05/30,6177819,497863690,81.40,81.40,80.30,80.40,-1.45,3017
107/05/31,1605922,129628697,80.80,80.95,80.55,80.75,+0.35,733
107/07/02,4175628,340342167,81.50,81.90,81.00,81.05,-0.40,1476
107/07/03,5023687,407797091,81.30,81.95,80.60,81.15,+0.10,1445
107/07/04,1746449,142005065,81.15,81.60,81.10,81.40,+0.25,720
107/07/05,3119082,252501708,81.45,81.45,80.60,80.75,-0.65,1163
107/07/06,5351492,431770914,81.10,81.15,80.20,80.95,+0.20,1679
107/07/09,9040778,742124242,81.75,82.45,81.55,82.25,+1.30,2919
107/07/10,4913802,405509024,82.65,82.80,82.35,82.45,+0.20,2340
107/07/11,3899069,317877992,81.70,81.90,81.30,81.70,-0.75,1081
107/07/12,6882846,567290801,81.60,82.65,81.50,82.65,+0.95,2051
107/07/13,13661779,1135575906,83.00,83.40,82.80,83.35,+0.70,4818
107/07/16,5332432,443588641,83.30,83.45,83.00,83.00,-0.35,1945
107/07/17,2992751,247259857,82.85,82.85,82.40,82.55,-0.45,949
107/07/18,13174455,1096705424,83.15,83.50,82.95,83.05,+0.50,6528
107/07/19,13217661,1104868177,83.10,83.80,83.05,83.30,+0.25,3471
107/07/20,18403370,1554789461,84.00,84.70,84.00,84.65,+1.35,5400
107/07/23,8504472,717700336,84.30,84.75,83.85,84.55,X0.00,2543
107/07/24,5116814,432638596,84.45,84.70,84.15,84.70,+0.15,2053
107/07/25,6352201,538152149,84.05,84.85,84.05,84.75,+0.05,1862
107/07/26,8471170,720308687,84.75,85.25,84.75,85.00,+0.25,2884
107/07/27,5947118,508730875,85.10,85.75,85.10,85.70,+0.70,1942
107/07/30,3230410,276780248,85.65,85.90,85.40,85.55,-0.15,1179
107/07/31,2739663,234041326,85.35,85.70,85.05,85.55, 0.00,1056
107/08/01,4012507,345034802,85.80,86.20,85.80,86.15,+0.60,1507
107/08/02,4774950,408144300,86.10,86.15,84.85,84.85,-1.30,1255
107/08/03,1225166,104806018,85.40,85.70,85.35,85.55,+0.70,661
107/08/06,2424671,208061157,85.55,86.10,85.35,85.70,+0.15,1169
107/08/07,1199281,102654664,85.70,85.80,85.40,85.50,-0.20,893
107/08/08,4074984,351307291,85.80,86.40,85.80,86.15,+0.65,1274
107/08/09,1631789,140409677,86.10,86.25,85.70,86.15, 0.00,860
107/08/10,1279917,109887403,85.70,86.15,85.65,85.70,-0.45,717
107/08/13,7284934,613593198,85.05,85.05,83.65,83.95,-1.75,3154
107/08/14,2243205,189202665,84.40,84.60,84.05,84.55,+0.60,1082
107/08/15,4279671,358442697,84.50,84.50,83.45,83.75,-0.80,2778
107/08/16,4532542,378662628,83.25,84.10,83.05,83.80,+0.05,1957
107/08/17,4640039,388914326,83.95,84.15,83.60,83.65,-0.15,1655
107/08/20,3147996,264000882,83.90,84.10,83.70,83.95,+0.30,1466
107/08/21,5023058,423888290,83.90,84.65,83.90,84.55,+0.60,1700
107/08/22,3545768,300217040,84.70,84.85,84.35,84.65,+0.10,1156
107/08/23,3869236,328564580,84.80,85.20,84.60,85.05,+0.40,903
107/08/24,2549174,216059090,85.00,85.10,84.45,84.80,-0.25,810
107/08/27,5025454,428795783,85.00,85.55,85.00,85.55,+0.75,1853
107/08/28,8288078,714613443,85.95,86.40,85.95,86.25,+0.70,2833
107/08/29,13383846,1164633494,86.45,87.35,86.45,87.25,+1.00,4145
107/08/30,9894177,869371023,87.80,88.35,87.45,87.55,+0.30,3515
107/08/31,4245610,368332289,87.00,87.00,86.45,86.95,-0.60,2097
107/09/03,3670077,318489642,86.95,87.20,86.40,86.45,-0.50,1852
107/09/04,2357725,204511025,86.80,87.00,86.45,87.00,+0.55,1553
107/09/05,2496308,217228848,87.00,87.30,86.70,87.00, 0.00,1053
107/09/06,1945889,168384874,86.90,86.90,86.20,86.50,-0.50,1168
107/09/07,2505908,216029254,86.20,86.45,86.00,86.40,-0.10,1256
107/09/10,5319281,457230691,86.60,86.60,85.65,86.00,-0.40,2224
107/09/11,19525404,1672322444,85.95,86.00,85.40,85.65,-0.35,7801
107/09/12,18583973,1588075828,85.85,85.90,85.25,85.55,-0.10,7809
107/09/13,20996200,1789506288,85.80,85.80,84.90,84.95,-0.60,9849
107/09/14,8616375,741763887,85.75,86.50,85.60,86.50,+1.55,3095
107/09/17,8988960,773023506,86.50,86.50,85.70,85.85,-0.65,2440
107/09/18,6140571,524809750,85.60,85.70,85.20,85.40,-0.45,2243
107/09/19,6881627,591822766,85.80,86.30,85.70,86.15,+0.75,3226
107/09/20,4159776,357894112,86.45,86.55,85.80,85.90,-0.25,1030
107/09/21,7370439,636825668,86.25,86.85,85.90,86.85,+0.95,2626
107/09/25,7506252,652734924,86.65,87.15,86.60,87.10,+0.25,2984
107/09/26,8036503,698254201,86.90,87.00,86.75,86.90,-0.20,2692
107/09/27,27800036,2423747411,86.60,87.45,86.60,87.35,+0.45,8114
107/09/28,13202371,1151404227,87.35,87.65,86.60,86.90,-0.45,4328
107/10/01,5914234,516131207,86.90,87.40,86.90,87.35,+0.45,2729
107/10/02,5434332,469382289,87.25,87.25,86.00,86.05,-1.30,2466
107/10/03,4369690,375778640,86.05,86.30,85.80,85.95,-0.10,1554
107/10/04,9736968,827292110,85.70,85.70,84.80,84.90,-1.05,4230
107/10/05,26744096,2239942717,84.50,84.50,83.00,83.45,-1.45,11367
107/10/08,46523204,3855479629,82.95,83.40,82.50,83.00,-0.45,16777
107/10/09,20530897,1706528887,83.05,83.40,82.80,83.25,+0.25,9093
107/10/11,68551624,5389808235,80.15,80.15,77.35,77.40,-5.85,29625
107/10/12,23183282,1825995175,77.70,80.05,77.50,80.05,+2.65,11298
107/10/15,49299658,3886740002,79.50,79.50,78.65,79.20,-0.85,12199
107/10/16,16686645,1319117765,79.00,79.50,78.60,79.30,+0.10,6313
107/10/17,20309037,1623444090,80.45,80.50,79.35,79.40,+0.10,8082
107/10/18,7988282,633217825,79.50,79.75,78.95,79.15,-0.25,3397
107/10/19,12064036,948108881,78.20,79.30,78.00,79.30,+0.15,3531
107/10/22,12453453,979040928,78.35,79.55,78.00,79.20,-0.10,3464
107/10/23,24898392,1943501426,78.10,78.60,77.70,77.75,-1.45,8141
107/10/24,13002500,1004568676,77.80,77.95,76.70,77.40,-0.35,5533
107/10/25,28935886,2190854586,75.50,76.20,75.30,75.50,-1.90,7121
107/10/26,17783781,1338505238,76.25,76.45,74.50,75.40,-0.10,6911
107/10/29,9883260,747884213,75.85,76.10,75.35,75.75,+0.35,3121
107/10/30,6119050,464489618,75.80,76.25,75.50,75.95,+0.20,2313
107/10/31,9898224,764366541,76.60,77.55,76.60,77.55,+1.60,4310
107/11/01,6807294,532547148,77.85,78.45,77.55,78.40,+0.85,3048
107/11/02,6722329,527356465,78.40,78.80,78.00,78.65,+0.25,3073
107/11/05,4657750,363054360,78.10,78.25,77.60,78.25,-0.40,2195
107/11/06,6206482,483978162,78.45,78.50,77.75,78.00,-0.25,2046
107/11/07,6194750,485644361,78.20,78.55,78.05,78.40,+0.40,2594
107/11/08,10309985,813484895,79.15,79.40,78.50,78.85,+0.45,3816
107/11/09,36848011,2867181167,78.50,78.50,77.65,77.80,-1.05,2930
107/11/12,6133260,478405835,77.75,78.30,77.55,78.00,+0.20,1628
107/11/13,10711869,819374746,76.15,77.25,75.70,77.10,-0.90,3762
107/11/14,6293375,486228774,77.25,77.40,77.00,77.35,+0.25,1626
107/11/15,5694368,440513236,77.50,77.65,76.75,77.60,+0.25,1247
107/11/16,8883904,685298620,77.95,77.95,76.85,76.95,-0.65,2331
107/11/19,7058370,541993834,77.05,77.15,76.60,76.70,-0.25,1672
107/11/20,8625123,656617939,76.40,76.50,75.75,76.00,-0.70,3297
107/11/21,15125043,1143349727,75.30,76.05,74.85,76.00, 0.00,3739
107/11/22,5934803,450631578,76.10,76.25,75.60,75.60,-0.40,2029
107/11/23,4041215,304440003,75.70,75.85,75.05,75.35,-0.25,2078
107/11/26,6330267,483137195,75.90,76.95,75.75,76.15,+0.80,2266
107/11/27,7625933,576522804,75.95,76.05,75.20,76.05,-0.10,2519
107/11/28,7549760,577452117,76.15,76.95,75.75,76.90,+0.85,2641
107/11/29,8881587,687927261,77.70,77.95,77.05,77.05,+0.15,2527
107/11/30,4210211,324711501,77.20,77.35,76.75,76.75,-0.30,1670
107/12/03,13850986,1088593094,77.85,79.00,77.80,78.80,+2.05,7537
107/12/04,4118284,322426648,78.50,78.50,78.10,78.25,-0.55,1960
107/12/05,9636366,740544550,77.10,77.20,76.65,76.65,-1.60,3602
107/12/06,20347421,1529965270,75.85,75.85,74.85,75.10,-1.55,10519
107/12/07,6781008,512288502,75.60,75.75,75.30,75.45,+0.35,4623
107/12/10,13013284,970567677,74.50,74.90,74.45,74.45,-1.00,5810
107/12/11,5316228,397657901,74.50,75.10,74.45,75.05,+0.60,2808
107/12/12,8677695,658099872,75.65,76.25,75.40,76.20,+1.15,3377
107/12/13,6253580,476968419,76.20,76.50,75.95,76.30,+0.10,2176
107/12/14,8780839,660320971,75.80,75.80,74.95,75.35,-0.95,3141
107/12/17,5652433,428269261,75.35,76.05,75.15,75.95,+0.60,2331
107/12/18,7669001,577586400,75.50,75.55,75.05,75.30,-0.65,2456
107/12/19,4497460,340689657,75.50,75.95,75.35,75.90,+0.60,2646
107/12/20,9561713,718960366,75.00,75.55,75.00,75.05,-0.85,5731
107/12/21,8481143,634702156,74.95,75.25,74.45,75.20,+0.15,2776
107/12/22,3002630,224452101,74.85,74.85,74.70,74.85,-0.35,1475
107/12/24,5952329,444475204,74.85,75.00,74.55,74.70,-0.15,4513
107/12/25,12071254,888095346,74.15,74.15,73.30,73.75,-0.95,5738
107/12/26,8919969,658916682,74.00,74.30,73.50,73.55,-0.20,3788
107/12/27,9615359,719358543,74.80,75.15,74.50,75.05,+1.50,5522
107/12/28,4629875,348222242,75.10,75.50,74.85,75.50,+0.45,2008
108/01/02,8532073,636107101,75.85,75.90,73.95,74.05,-1.45,4102
108/01/03,13347147,981181870,73.80,74.00,73.25,73.35,-0.70,5208
108/01/04,21292465,1540084560,72.80,72.80,72.00,72.20,-1.15,8826
108/01/07,14605638,1077319115,73.55,74.05,73.25,73.95,+1.75,4891
108/01/08,11006700,811364720,74.15,74.15,73.55,73.65,-0.30,2869
108/01/09,11430523,855269355,73.95,75.15,73.95,75.00,+1.35,5277
108/01/10,2823283,210937625,74.80,74.90,74.50,74.80,-0.20,1231
108/01/11,10362915,782200792,75.30,75.75,75.15,75.50,+0.70,3660
108/01/14,5298405,397504723,75.45,75.45,74.75,75.00,-0.50,2018
108/01/15,11836450,894286699,75.05,75.80,75.05,75.65,+0.65,5250
108/01/16,15342503,1159613447,75.65,75.70,75.35,75.55,-0.10,5360
108/01/17,10020739,756877394,75.60,75.90,75.15,75.55, 0.00,3137
108/01/18,8293491,629378860,75.75,76.10,75.40,75.95,+0.40,5013
108/01/21,10454756,799923534,76.35,76.70,76.25,76.50,+0.55,3895
108/01/22,8838931,653814320,74.40,74.40,73.80,74.05,X0.00,4742
108/01/23,6407442,472728408,74.00,74.00,73.65,73.70,-0.35,3167
108/01/24,3500506,258832935,73.95,74.15,73.75,74.05,+0.35,1363
108/01/25,7320778,548115919,74.60,75.10,74.55,75.00,+0.95,3322
108/01/28,3825143,287814225,75.15,75.45,75.05,75.15,+0.15,1795
108/01/29,4419790,328663492,74.50,74.55,74.20,74.50,-0.65,2251
108/01/30,5255229,390864071,74.50,74.65,74.20,74.35,-0.15,1833
108/02/11,6614900,497844612,75.35,75.65,74.85,75.15,+0.80,3137
108/02/12,6164150,465816739,75.35,75.75,75.35,75.65,+0.50,2980
108/02/13,4157700,314193830,75.95,75.95,75.40,75.50,-0.15,1837
108/02/14,3641542,274887735,75.50,75.75,75.25,75.25,-0.25,1593
108/02/15,3516111,264409753,75.30,75.60,74.90,75.05,-0.20,1796
108/02/18,6596163,499575240,75.50,75.90,75.50,75.65,+0.60,3143
108/02/19,2862069,216303714,75.70,75.70,75.50,75.50,-0.15,2168
108/02/20,34307853,2619961938,75.90,76.50,75.90,76.35,+0.85,9607
108/02/21,18664815,1433791393,76.40,77.10,76.40,77.10,+0.75,4467
108/02/22,9881017,758887009,76.95,76.95,76.50,76.95,-0.15,6936
108/02/25,19365354,1501862131,77.35,77.75,77.30,77.50,+0.55,4458
108/02/26,15903051,1234156605,77.65,77.80,77.30,77.70,+0.20,5707
108/02/27,12907489,1000792293,77.70,77.70,77.35,77.65,-0.05,3460
108/03/04,8469570,652787218,77.55,77.55,76.70,76.95,-0.70,4887
108/03/05,9400493,720525122,76.60,76.90,76.45,76.75,-0.20,2830
108/03/06,19579792,1505450934,76.85,77.05,76.75,76.95,+0.20,3193
108/03/07,18239770,1399918017,76.90,77.05,76.60,76.65,-0.30,1946
108/03/08,9975200,758523703,76.20,76.35,75.80,76.00,-0.65,2853
108/03/11,4642390,352680831,75.85,76.15,75.70,76.15,+0.15,2280
108/03/12,13857468,1070170012,76.85,77.45,76.80,77.25,+1.10,3796
108/03/13,10148529,781685019,77.05,77.20,76.80,77.10,-0.15,1763
108/03/14,5208756,402155617,77.30,77.40,76.95,77.05,-0.05,1343
108/03/15,11483751,890275774,77.35,77.70,77.15,77.60,+0.55,3164
108/03/18,12218708,952368177,77.75,78.10,77.65,78.10,+0.50,4228
108/03/19,8604296,672547372,78.10,78.40,77.85,78.40,+0.30,2634
108/03/20,11856027,929902949,78.35,78.55,78.20,78.50,+0.10,4868
108/03/21,11341213,894798086,78.80,79.15,78.65,79.15,+0.65,3766
108/03/22,6930357,550253696,79.50,79.70,79.05,79.35,+0.20,2993
108/03/25,7020756,548329150,78.10,78.35,78.00,78.15,-1.20,2790
108/03/26,2700090,212178105,78.50,78.70,78.40,78.65,+0.50,1328
108/03/27,2555684,200669301,78.45,78.70,78.20,78.50,-0.15,959
108/03/28,3415432,267952933,78.30,78.60,78.15,78.50, 0.00,977
108/03/29,5680484,448318722,78.70,79.15,78.25,79.15,+0.65,1629
108/05/02,6155563,511743438,82.95,83.45,82.90,83.00,+0.20,2206
108/05/03,30324466,2531398997,83.10,83.80,83.10,83.75,+0.75,2939
108/05/06,7463612,614195906,82.60,82.60,82.05,82.30,-1.45,3956
108/05/07,14011442,1163500108,82.65,83.30,82.65,83.15,+0.85,3021
108/05/08,13573142,1120446358,82.40,82.85,82.25,82.55,-0.60,2189
108/05/09,6923673,565348226,82.15,82.20,81.25,81.55,-1.00,4032
108/05/10,11794135,961017047,81.55,82.15,80.90,81.50,-0.05,4632
108/05/13,18678106,1503424339,81.10,81.10,80.10,80.15,-1.35,9159
108/05/14,20279630,1613491800,79.60,80.05,78.90,79.65,-0.50,9964
108/05/15,17261839,1376616520,79.65,80.00,79.45,79.75,+0.10,8236
108/05/16,17099974,1355088953,79.50,79.60,79.00,79.05,-0.70,7751
108/05/17,23573826,1854550805,79.50,79.55,78.25,78.25,-0.80,11522
108/05/20,14304763,1121570149,78.50,78.80,78.15,78.20,-0.05,6896
108/05/21,19814843,1548066469,78.00,78.45,77.70,78.40,+0.20,6058
108/05/22,10557991,827306010,78.20,78.65,78.10,78.40, 0.00,4582
108/05/23,25682577,1979998024,77.85,77.85,76.85,76.95,-1.45,13162
108/05/24,6029424,465499944,77.05,77.50,77.00,77.35,+0.40,3250
108/05/27,11541072,890073086,77.50,77.50,76.85,77.15,-0.20,5535
108/05/28,9812310,755742961,77.25,77.25,76.85,77.10,-0.05,4361
108/05/29,9659519,740038363,76.50,76.80,76.30,76.75,-0.35,4380
108/05/30,7658659,591824718,76.75,77.50,76.75,77.40,+0.65,3474
108/05/31,7566310,590619995,77.35,78.45,77.30,78.45,+1.05,3611
108/06/03,6017694,470593299,78.20,78.65,77.65,78.55,+0.10,2880
108/06/04,7228829,565425109,78.45,78.60,78.00,78.05,-0.50,2675
108/06/05,7051894,554017619,78.85,78.95,78.25,78.30,+0.25,3047
108/06/06,7456203,579216003,77.70,77.85,77.45,77.70,-0.60,3663
108/06/10,7666763,604180835,78.65,79.05,78.35,79.05,+1.35,3677
108/06/11,10623986,844354556,79.20,79.80,79.05,79.40,+0.35,5118
108/06/12,9258296,736850634,79.40,79.80,79.25,79.70,+0.30,4028
108/06/13,5914941,468466446,79.40,79.55,78.95,79.05,-0.65,2874
108/06/14,3164087,249813323,79.00,79.15,78.80,78.90,-0.15,1824
108/06/17,6141128,483052353,78.45,78.95,78.10,78.70,-0.20,3732
108/06/18,2890377,227779433,78.80,79.00,78.60,78.90,+0.20,1195
108/06/19,21832509,1754258999,80.00,80.80,79.95,80.75,+1.85,8538
108/06/20,11581994,936579222,80.75,81.00,80.65,80.85,+0.10,4459
108/06/21,15343532,1243301534,81.10,81.20,80.80,80.85, 0.00,8013
108/06/24,16600747,1347119158,80.80,81.50,80.70,81.20,+0.35,5396
108/06/25,7941128,643677923,81.15,81.40,80.60,80.75,-0.45,2804
108/06/26,5913352,475566304,80.60,80.60,80.25,80.35,-0.40,2313
108/06/27,15351329,1248736184,80.55,81.60,80.55,81.50,+1.15,4177
108/06/28,3940686,319369533,81.45,81.55,80.85,80.90,-0.60,1867
108/07/01,13771395,1137417652,82.05,82.80,82.05,82.65,+1.75,5806
108/07/02,5209290,429828229,82.65,82.70,82.40,82.45,-0.20,2310
108/07/03,8615424,703409269,82.35,82.35,81.35,81.50,-0.95,2877
108/07/04,5777556,473795392,81.80,82.20,81.80,82.00,+0.50,1447
108/07/05,1612933,132235865,82.10,82.35,81.80,81.90,-0.10,1054
108/07/08,3859058,315505734,81.80,82.00,81.40,81.60,-0.30,1508
108/07/09,4083155,333023156,81.75,81.75,81.40,81.50,-0.10,1528
108/07/10,4427730,363405703,81.95,82.25,81.85,82.20,+0.70,1918
108/07/11,10379773,860205468,82.65,83.05,82.50,82.85,+0.65,4412
108/07/12,2972505,246251327,82.85,83.00,82.70,82.75,-0.10,1440
108/07/15,9336043,775528066,82.85,83.35,82.25,83.20,+0.45,3389
108/07/16,5503245,458848605,83.20,83.45,83.15,83.35,+0.15,2645
108/07/17,10598530,879178624,83.25,83.25,82.80,82.80,-0.55,4107
108/07/18,7541026,624408018,82.60,82.95,82.60,82.70,-0.10,1759
108/07/19,9780922,814129776,83.00,83.45,83.00,83.00,X0.00,3437
108/07/22,8368544,698062737,83.10,83.50,83.10,83.40,+0.40,3434
108/07/23,5899116,493687372,83.60,83.90,83.50,83.60,+0.20,2505
108/07/24,3364336,281628164,83.75,83.90,83.55,83.55,-0.05,1397
108/07/25,4931659,412670155,83.55,83.80,83.40,83.80,+0.25,1798
108/07/26,3129687,260812774,83.40,83.40,83.20,83.25,-0.55,1837
108/07/29,3042246,253325799,83.10,83.45,83.05,83.45,+0.20,1346
108/07/30,2083374,173777513,83.60,83.70,83.20,83.20,-0.25,1207
108/07/31,3119262,258060696,83.15,83.15,82.45,82.80,-0.40,1492
108/08/01,5042943,414858242,82.20,82.55,82.10,82.30,-0.50,2632
108/08/02,16846402,1362560110,81.05,81.20,80.60,80.95,-1.35,6921
108/08/05,20659506,1657565764,80.70,80.85,79.90,80.15,-0.80,9417
108/08/06,24901846,1968227195,78.65,80.45,78.50,80.10,-0.05,10838
108/08/07,16856004,1345630493,80.15,80.20,79.55,79.70,-0.40,7603
108/08/08,5036121,405560691,80.05,80.80,80.00,80.65,+0.95,2802
108/08/12,3168030,255436705,80.65,80.85,80.15,80.60,-0.05,2171
108/08/13,7431519,593128279,80.15,80.15,79.55,79.70,-0.90,4255
108/08/14,7382138,595173755,80.70,80.80,80.30,80.30,+0.60,3019
108/08/15,15972089,1267223096,79.20,79.60,79.10,79.40,-0.90,6769
108/08/16,6158748,492012872,79.45,80.35,79.25,80.35,+0.95,3689
108/08/19,6475352,522065179,80.75,80.90,80.30,80.80,+0.45,3347
108/08/20,4179197,338309857,80.85,81.10,80.80,81.00,+0.20,2012
108/08/21,6092896,493794088,80.95,81.15,80.90,81.10,+0.10,3233
108/08/22,9379398,763036338,81.30,81.65,80.80,80.90,-0.20,3542
108/08/23,3211036,259903716,80.90,81.10,80.75,81.00,+0.10,1804
108/08/26,12292310,980575763,79.80,80.10,79.60,79.65,-1.35,5857
108/08/27,2535864,202789305,80.15,80.20,79.75,79.85,+0.20,1369
108/08/28,3318188,266715323,80.10,80.55,80.10,80.40,+0.55,1606
108/08/29,3233649,259494308,80.45,80.60,80.00,80.55,+0.15,964
108/08/30,19370894,1581406102,81.15,81.90,81.15,81.85,+1.30,5592
108/09/02,6457870,528610814,81.80,82.00,81.65,81.90,+0.05,2082
108/09/03,5052925,413343221,81.85,82.00,81.20,81.20,-0.70,2534
108/09/04,10748771,881536222,81.45,82.20,81.40,82.15,+0.95,4277
108/09/05,25429390,2110355549,82.55,83.20,82.55,83.00,+0.85,7984
108/09/06,17226303,1437582238,83.25,83.55,83.25,83.50,+0.50,7833
108/09/09,12633348,1058619857,83.70,84.00,83.65,83.80,+0.30,4942
108/09/10,5171847,431764155,83.95,83.95,83.20,83.40,-0.40,3012
108/09/11,4746200,396473497,83.75,83.90,83.30,83.45,+0.05,1766
108/09/12,9281122,779861376,84.10,84.25,83.75,83.90,+0.45,3785
108/09/16,10929792,920529834,84.00,84.45,83.95,84.40,+0.50,4660
108/09/17,4966780,418697583,84.40,84.45,84.20,84.25,-0.15,1650
108/09/18,16999486,1442542539,84.40,85.00,84.35,84.95,+0.70,5496
108/09/19,7777364,658987087,84.95,85.15,84.40,84.45,-0.50,2503
108/09/20,8231699,697865048,84.65,84.90,84.65,84.70,+0.25,2092
108/09/23,4369839,369772132,84.65,84.85,84.50,84.50,-0.20,1478
108/09/24,4852012,410605292,84.50,84.85,84.35,84.65,+0.15,1642
108/09/25,3927674,330124238,84.35,84.35,83.90,84.10,-0.55,2438
108/09/26,5194687,438729412,84.45,84.70,84.15,84.30,+0.20,1534
108/09/27,8884695,752473986,84.90,85.20,84.50,84.60,+0.30,1964
108/10/01,9595908,821807362,84.80,86.00,84.80,85.95,+1.35,4149
108/10/02,5653658,484713271,85.60,85.90,85.60,85.65,-0.30,1448
108/10/03,4868237,412892945,84.40,85.10,84.30,84.80,-0.85,1734
108/10/04,3746987,318959376,85.20,85.40,84.75,85.15,+0.35,1128
108/10/07,4140747,353756450,85.40,85.65,85.20,85.45,+0.30,2881
108/10/08,12195435,1054012283,85.85,86.60,85.85,86.50,+1.05,3364
108/10/09,6916829,594801990,86.15,86.20,85.80,85.80,-0.70,1835
108/10/14,9491298,828885815,87.00,87.55,87.00,87.55,+1.75,3957
108/10/15,4377610,383575647,87.55,87.85,87.30,87.70,+0.15,2163
108/10/16,3983672,350582692,88.00,88.15,87.85,88.10,+0.40,2926
108/10/17,2540883,223655954,88.05,88.15,87.80,88.15,+0.05,1408
108/10/18,2815798,248106090,88.15,88.65,87.90,87.95,-0.20,1592
108/10/21,1077652,94700394,87.95,88.00,87.75,87.85,-0.10,1257
108/10/22,3256399,288438607,88.20,88.80,88.20,88.70,+0.85,1639
108/10/23,2580656,228554820,88.70,88.80,88.30,88.45,-0.25,1289
108/10/24,2579559,228735385,88.70,88.80,88.50,88.80,+0.35,1523
108/10/25,7971190,708933934,89.20,89.20,88.60,88.80, 0.00,2550
108/10/28,5009774,446669910,89.25,89.30,89.00,89.20,+0.40,2550
108/10/29,7410985,663510736,89.50,89.65,89.35,89.45,+0.25,2800
108/10/30,5384270,482121683,89.45,89.85,89.30,89.85,+0.40,1803
108/10/31,9458164,854001219,89.90,90.60,89.90,90.10,+0.25,2116
108/11/01,2806778,252465747,90.00,90.20,89.75,90.10, 0.00,1648
108/11/04,6730681,615367052,90.55,92.25,90.55,92.20,+2.10,3034
108/11/05,3966279,367357250,92.40,92.90,92.35,92.90,+0.70,2409
108/11/06,4494319,418107400,92.95,93.35,92.75,93.35,+0.45,2691
108/11/07,3050118,282827556,93.20,93.20,92.35,92.85,-0.50,1940
108/11/08,2890536,267788689,93.00,93.05,92.40,92.55,-0.30,1583
108/11/11,5859344,535835470,92.40,92.45,91.05,91.15,-1.40,2994
108/11/12,2426297,222545554,91.55,92.00,91.55,92.00,+0.85,1594
108/11/13,1935545,176904008,91.55,91.65,91.05,91.45,-0.55,1181
108/11/14,2174281,198947342,91.60,91.80,91.20,91.40,-0.05,1038
108/11/15,2510879,231639658,92.00,92.50,92.00,92.30,+0.90,1536
108/11/18,2087613,193351977,92.50,92.90,92.40,92.90,+0.60,1586
108/11/19,2821624,263329860,92.90,93.60,92.65,93.60,+0.70,1750
108/11/20,7954619,741833623,93.60,93.60,93.10,93.25,-0.35,3259
108/11/21,3283838,302750501,92.30,92.55,91.80,92.50,-0.75,1619
108/11/22,1506544,139445637,92.55,92.75,92.40,92.55,+0.05,931
108/11/25,2520694,234066063,93.00,93.10,92.55,92.60,+0.05,2186
108/11/26,3827480,355795288,92.95,93.30,92.80,92.85,+0.25,2029
108/11/27,1957676,181984052,92.85,93.20,92.75,93.20,+0.35,1107
108/11/28,1352720,125715522,93.25,93.25,92.80,92.95,-0.25,887
108/11/29,5344208,490829372,92.85,92.85,91.45,91.50,-1.45,2592
108/12/02,2068341,190189977,91.95,92.15,91.75,92.05,+0.55,1568
108/12/03,1410794,129802491,91.70,92.20,91.60,92.05, 0.00,807
108/12/04,2310508,211810503,91.85,91.90,91.40,91.70,-0.35,1026
108/12/05,3441050,319239879,92.35,93.00,92.20,92.90,+1.20,1898
108/12/06,3394433,316362892,93.30,93.50,92.75,93.05,+0.15,1691
108/12/09,2912194,272545756,93.20,93.80,93.20,93.65,+0.60,2016
108/12/10,5465431,508711057,93.40,93.40,92.80,93.00,-0.65,1356
108/12/11,1936772,181023950,93.00,93.75,92.95,93.75,+0.75,1512
108/12/12,8420111,805189010,94.35,96.10,94.35,95.85,+2.10,3414
108/12/13,5880136,570464417,96.75,97.40,96.70,96.90,+1.05,3045
108/12/16,4482448,434247973,96.95,97.05,96.65,96.85,-0.05,3153
108/12/17,4703223,458806704,96.75,98.15,96.70,98.15,+1.30,2810
108/12/18,3762355,368980745,98.00,98.30,97.80,98.20,+0.05,2718
108/12/19,2271007,222130098,98.15,98.20,97.55,97.65,-0.55,1774
108/12/20,3353485,325788665,97.55,97.55,96.70,96.95,-0.70,2393
108/12/23,3416729,331574305,97.00,97.30,96.95,97.15,+0.20,2170
108/12/24,1409728,137094824,97.30,97.45,97.20,97.20,+0.05,830
108/12/25,1789167,173900527,97.20,97.45,97.05,97.35,+0.15,1847
108/12/26,3095969,301266167,97.55,97.55,97.10,97.35, 0.00,1119
108/12/27,2978047,291993656,97.60,98.15,97.60,98.00,+0.65,1942
108/12/30,3138762,307621326,98.00,98.25,97.60,97.80,-0.20,1941
108/12/31,4303947,417657710,97.10,97.20,96.95,96.95,-0.85,1852
109/01/02,4882015,476649683,97.05,98.00,97.05,97.65,+0.70,2421
109/01/03,6813547,665657992,98.30,98.70,97.00,97.65, 0.00,3080
109/01/06,9321768,901060879,97.05,97.10,96.40,96.40,-1.25,4809
109/01/07,6328602,607425541,96.45,96.70,95.40,96.10,-0.30,4116
109/01/08,8516995,813733739,95.20,96.20,95.05,95.65,-0.45,5033
109/01/09,7163943,693086421,96.30,97.10,96.30,96.95,+1.30,3879
109/01/10,9071925,882408791,97.50,97.80,96.95,97.30,+0.35,4900
109/01/13,6650898,650806854,97.85,98.10,97.50,98.00,+0.70,2883
109/01/14,11544956,1138704185,98.50,98.85,98.40,98.60,+0.60,6403
109/01/15,10259354,1004716001,98.70,98.70,97.45,97.60,-1.00,5316
109/01/16,8686499,844614108,97.15,97.50,97.00,97.30,-0.30,2646
109/01/17,8121134,791003262,97.70,97.75,97.10,97.30, 0.00,2944
109/01/20,6969945,681688026,97.55,98.00,97.55,97.70,+0.40,3130
109/01/30,32262874,3014149166,95.00,95.00,92.15,92.15,-5.55,16273
109/01/31,22497767,2030143514,90.65,90.65,89.65,89.95,X0.00,11950
109/02/03,15823593,1401640343,88.50,89.15,87.60,89.05,-0.90,7843
109/02/04,8904471,804708649,89.45,90.95,89.20,90.60,+1.55,4851
109/02/05,6701508,609037681,91.00,91.30,90.30,90.85,+0.25,4001
109/02/06,10696477,982277669,91.65,92.30,91.35,92.30,+1.45,4113
109/02/07,9554828,871832328,91.65,91.65,90.95,91.20,-1.10,4992
109/02/10,7308908,661411947,90.00,91.20,89.60,91.00,-0.20,3838
109/02/11,5115402,468988015,91.35,91.95,91.35,91.75,+0.75,3724
109/02/12,5640117,521567062,92.00,92.90,92.00,92.65,+0.90,2845
109/02/13,5754317,534947681,93.00,93.25,92.70,92.80,+0.15,2530
109/02/14,4988165,463738591,92.80,93.25,92.55,92.95,+0.15,2592
109/02/17,6266211,578240762,92.30,92.55,91.95,92.30,-0.65,2983
109/02/18,12529356,1143154993,91.40,91.60,91.00,91.05,-1.25,6041
109/02/19,7947011,730212458,91.15,92.25,91.05,92.10,+1.05,3934
109/02/20,6538336,599664476,92.35,92.50,91.35,91.70,-0.40,2619
109/02/21,5401188,493195200,91.65,91.95,90.95,91.25,-0.45,2963
109/02/24,13571936,1222019338,90.25,90.40,89.70,90.10,-1.15,7797
109/02/25,8840104,796170580,89.50,90.50,89.45,90.35,+0.25,3943
109/02/26,15256003,1362216157,89.15,89.75,88.90,89.45,-0.90,7889
109/02/27,24688054,2190387154,89.35,89.50,88.35,88.65,-0.80,12829
109/03/02,27894641,2437814508,87.50,88.25,86.85,87.35,-1.30,12628
109/03/03,11071900,980838153,88.85,88.95,88.25,88.60,+1.25,5903
109/03/04,8437415,749733154,88.80,89.20,88.40,89.20,+0.60,3541
109/03/05,9785483,881048721,89.80,90.25,89.75,90.20,+1.00,5246
109/03/06,17096376,1515504581,89.65,89.65,88.30,88.35,-1.85,8153
109/03/09,27734426,2389878137,86.80,86.80,85.60,85.85,-2.50,16049
109/03/10,23784345,2031046781,85.00,86.30,84.90,86.30,+0.45,10444
109/03/11,15306570,1315633871,86.45,86.55,85.05,85.30,-1.00,7642
109/03/12,44910246,3702402943,84.50,84.50,81.15,82.15,-3.15,19425
109/03/13,53704860,4165969502,78.00,81.40,75.95,81.00,-1.15,22286
109/03/16,33813951,2652927807,80.00,80.40,76.95,77.30,-3.70,17505
109/03/17,51145832,3843020137,74.30,76.70,74.30,74.85,-2.45,20922
109/03/18,46790503,3463425684,74.95,75.25,72.80,72.80,-2.05,23021
109/03/19,68038340,4709268810,71.00,71.00,67.25,68.55,-4.25,27999
109/03/20,40910533,2966513589,71.00,74.00,70.90,74.00,+5.45,20786
109/03/23,22465117,1599805748,71.00,72.10,69.55,70.80,-3.20,12011
109/03/24,26956843,2009808259,73.85,75.30,73.70,74.25,+3.45,13009
109/03/25,32687820,2515225203,76.80,77.45,76.10,76.85,+2.60,17188
109/03/26,19215688,1477391870,77.40,77.45,76.00,77.20,+0.35,9509
109/03/27,21953901,1706695527,78.30,78.70,76.45,76.60,-0.60,12164
109/03/30,13605883,1021517958,74.70,76.15,74.05,75.85,-0.75,7322
109/03/31,9764000,745847201,76.80,77.20,75.60,76.15,+0.30,5249
109/04/01,9948017,757960266,76.50,76.65,75.85,75.90,-0.25,4967
109/04/06,12207626,935731083,76.95,77.10,75.75,77.05,+1.15,5824
109/04/07,15302038,1200849513,78.50,78.90,78.05,78.50,+1.45,8794
109/04/08,15230698,1205900652,78.50,79.70,78.35,79.60,+1.10,8941
109/04/09,15650105,1242814448,79.85,80.10,78.85,79.25,-0.35,8547
109/04/10,5824779,460693342,79.00,79.35,78.70,79.30,+0.05,3348
109/04/13,7430914,586896106,79.00,79.40,78.55,78.80,-0.50,4389
109/04/14,13121792,1054569152,79.05,80.95,79.05,80.95,+2.15,7743
109/04/15,17361116,1410800897,81.25,81.50,81.00,81.20,+0.25,7137
109/04/16,12409525,1001483225,80.20,81.10,80.05,80.80,-0.40,6925
109/04/17,34532038,2879398225,83.00,84.00,82.70,83.25,+2.45,11524
109/04/20,12336416,1025144071,83.25,83.50,82.80,83.00,-0.25,5638
109/04/21,21082454,1712306057,82.65,82.65,80.50,80.60,-2.40,11037
109/04/22,10896151,871604621,80.00,80.60,79.50,80.60, 0.00,5607
109/04/23,13298948,1078973188,81.15,82.00,80.30,80.90,+0.30,5546
109/04/24,5764752,466004912,80.80,81.00,80.45,80.90, 0.00,3025
109/04/27,13917724,1144296195,82.15,82.60,81.65,82.55,+1.65,5005
109/04/28,7556661,622421135,82.90,82.90,82.00,82.55, 0.00,4044
109/04/29,11874079,992546626,83.05,83.90,82.95,83.70,+1.15,5582
109/04/30,18785156,1597420751,84.45,85.50,84.40,85.50,+1.80,8305
109/05/04,15648380,1296408090,82.40,83.30,82.20,83.00,-2.50,8848
109/05/05,7810636,651512279,83.50,83.80,83.00,83.40,+0.40,3986
109/05/06,6142593,511218824,83.30,83.75,82.60,83.50,+0.10,3610
109/05/07,6140995,514715030,83.50,84.15,83.30,83.85,+0.35,3429
109/05/08,6034013,508981564,84.60,84.75,84.00,84.35,+0.50,3530
109/05/11,6655422,566557718,85.00,85.40,84.70,85.05,+0.70,4065
109/05/12,11549365,970944184,84.60,84.60,83.65,84.05,-1.00,6496
109/05/13,4967165,417187216,83.70,84.40,83.60,84.30,+0.25,2672
109/05/14,8743268,729929358,83.80,83.85,83.20,83.30,-1.00,4975
109/05/15,6190781,518392098,84.05,84.25,83.05,83.85,+0.55,3135
109/05/18,8271703,687412937,83.05,83.45,82.80,83.15,-0.70,4054
109/05/19,5477775,460004900,84.40,84.50,83.65,83.90,+0.75,3225
109/05/20,9894141,830898729,84.00,84.20,83.50,83.80,-0.10,8013
109/05/21,7568047,639149173,84.15,84.80,84.10,84.50,+0.70,3658
109/05/22,13354146,1110886948,83.80,83.90,82.90,82.95,-1.55,8390
109/05/25,5250544,435011428,83.15,83.50,82.15,83.50,+0.55,3380
109/05/26,15454949,1305177905,84.25,84.65,83.85,84.45,+0.95,5465
109/05/27,4589767,387703276,84.70,84.85,84.05,84.35,-0.10,3012
109/05/28,7476909,630228694,84.90,84.90,83.55,83.85,-0.50,3104
109/05/29,5320690,444529073,83.40,84.45,83.00,84.45,+0.60,2851
109/06/01,8365321,709979535,84.45,85.15,84.40,84.90,+0.45,4221
109/06/02,11947060,1019866379,85.00,85.50,85.00,85.30,+0.40,4546
109/06/03,18117244,1567235805,86.15,86.90,86.10,86.80,+1.50,7251
109/06/04,15036553,1315498861,87.50,87.75,87.15,87.60,+0.80,6182
109/06/05,9916582,873460722,87.70,88.35,87.70,88.35,+0.75,5501
109/06/08,15549542,1388746538,88.90,89.80,88.80,89.50,+1.15,7617
109/06/09,11356579,1016232445,89.60,89.80,88.95,89.60,+0.10,4738
109/06/10,10998897,992706489,89.65,90.70,89.55,90.45,+0.85,6189
109/06/11,14179192,1274547880,90.45,90.85,89.00,89.05,-1.40,6785
109/06/12,21563371,1896372312,87.25,88.50,87.10,88.25,-0.80,9065
109/06/15,9573700,839035110,88.10,88.30,86.90,87.00,-1.25,6066
109/06/16,10841047,962708421,88.15,89.20,88.15,88.90,+1.90,5206
109/06/17,11510236,1022814504,89.20,89.20,88.30,89.00,+0.10,9354
109/06/18,5035751,447396539,89.05,89.30,88.35,88.90,-0.10,2385
109/06/19,2333985,207473976,89.00,89.15,88.65,88.85,-0.05,1483
109/06/22,10579456,943788276,88.85,89.70,88.85,89.05,+0.20,3109
109/06/23,8664889,775774053,89.60,90.05,88.80,89.45,+0.40,3040
109/06/24,10061904,907813260,89.80,90.50,89.80,90.00,+0.55,4330
109/06/29,9785007,872080579,89.25,89.60,88.65,89.10,-0.90,5184
109/06/30,8035137,720381822,89.55,89.95,89.40,89.90,+0.80,2697
109/07/01,9979250,904497055,89.95,90.90,89.95,90.50,+0.60,4711
109/07/02,7601474,693803341,90.65,91.50,90.60,91.50,+1.00,4366
109/07/03,14983163,1385847691,92.10,92.75,92.10,92.55,+1.05,6056
109/07/06,14469339,1358063416,93.20,94.30,93.20,94.15,+1.60,8897
109/07/07,13927773,1319126267,95.00,95.50,94.10,94.50,+0.35,6723
109/07/08,11145368,1059607510,94.50,95.40,94.40,95.15,+0.65,5083
109/07/09,7241657,692045803,95.70,95.85,95.15,95.45,+0.30,3549
109/07/10,11502554,1094033243,95.55,95.70,94.60,94.65,-0.80,5770
109/07/13,12054512,1153447842,95.40,96.10,95.25,96.05,+1.40,5984
109/07/14,13480664,1295085558,95.80,96.65,95.70,96.65,+0.60,4715
109/07/15,21315724,2077523237,97.30,97.95,96.70,97.05,+0.40,11931
109/07/16,7632129,735642427,97.00,97.00,95.85,96.10,-0.95,5029
109/07/17,18010470,1751082740,97.05,97.70,96.70,97.20,+1.10,7731
109/07/20,9486407,918916229,97.20,97.35,96.25,97.05,-0.15,6545
109/07/21,24740975,2433422779,97.15,99.10,97.10,98.70,X0.00,12450
109/07/22,7243893,717050857,98.55,99.25,98.35,98.95,+0.25,4151
109/07/23,6008972,592464031,98.85,98.90,98.10,98.85,-0.10,3535
109/07/24,17377622,1724382788,99.00,100.10,98.25,98.50,-0.35,6823
109/07/27,22874174,2356342872,101.80,103.55,101.80,103.30,+4.80,11883
109/07/28,22422761,2379933200,107.25,108.70,103.30,103.60,+0.30,11952
109/07/29,9636665,992523048,102.80,103.80,102.10,102.55,-1.05,4854
109/07/30,6587085,685105923,104.20,105.00,103.30,104.05,+1.50,3693
109/07/31,5314021,551884860,103.90,104.30,103.45,103.80,-0.25,3221
109/08/03,7258914,744236128,103.45,103.50,102.00,102.00,-1.80,4831
109/08/04,4798147,493967922,102.55,103.35,102.55,103.30,+1.30,3057
109/08/05,5106381,531964659,104.10,104.50,103.75,104.30,+1.00,3080
109/08/06,7430095,783441756,105.45,105.95,104.85,105.40,+1.10,4239
109/08/07,6803730,712917364,105.55,105.55,104.30,104.65,-0.75,3541
109/08/10,5905752,622370140,104.10,105.85,104.10,105.60,+0.95,4997
109/08/11,3199141,336459703,105.40,105.65,104.75,104.80,-0.80,2468
109/08/12,5916723,611921693,104.00,104.00,103.00,103.25,-1.55,3418
109/08/13,5461251,570110533,104.70,104.90,104.05,104.25,+1.00,2280
109/08/14,3779950,393960616,103.80,104.50,103.50,104.50,+0.25,2051
109/08/17,5641660,593122510,104.50,105.70,104.25,105.60,+1.10,3812
109/08/18,3745611,393780655,105.70,105.90,104.65,105.00,-0.60,2556
109/08/19,6043314,631939609,105.00,105.45,104.10,104.25,-0.75,5186
109/08/20,18738215,1897013023,103.80,103.80,98.70,100.60,-3.65,11099
109/08/21,8132713,832420919,102.15,103.00,101.70,102.80,+2.20,5138
109/08/24,3718559,383234215,102.85,103.55,102.30,103.10,+0.30,2576
109/08/25,3609809,375149258,103.45,104.35,103.35,103.90,+0.80,2447
109/08/26,2665520,277638503,104.00,104.35,103.60,104.30,+0.40,2573
109/08/27,5706106,599909101,105.10,105.70,104.45,104.55,+0.25,2953
109/08/28,3913299,405257434,103.85,104.25,103.00,103.50,-1.05,2680
109/08/31,5759933,593120338,104.10,104.25,101.80,101.80,-1.70,3452
109/09/01,5735637,587861691,102.45,103.35,101.85,103.35,+1.55,2800
109/09/02,4133083,425506025,103.65,104.05,102.30,103.00,-0.35,2025
109/09/03,5129198,532334317,103.70,104.30,103.20,103.30,+0.30,2346
109/09/04,5916012,604970586,102.00,102.70,101.90,102.55,-0.75,3361
109/09/07,5499657,563619413,102.55,103.05,101.90,102.40,-0.15,3954
109/09/08,4504453,463379909,102.75,103.10,102.45,103.00,+0.60,2719
109/09/09,6274033,637408220,101.75,102.35,101.15,102.30,-0.70,3797
109/09/10,3581337,369033967,102.80,103.35,102.60,103.20,+0.90,2701
109/09/11,2905291,299577717,103.20,103.35,102.80,103.25,+0.05,1919
109/09/14,5753474,599428685,103.50,104.55,103.25,104.55,+1.30,3686
109/09/15,5438768,570384840,104.45,105.20,104.25,104.95,+0.40,3321
109/09/16,14855265,1585216900,106.55,107.00,106.35,106.55,+1.60,6243
109/09/17,8748846,924073883,106.05,106.35,105.10,105.40,-1.15,2813
109/09/18,4951719,521608487,105.40,105.70,104.85,105.30,-0.10,2031
109/09/21,5709735,599969574,105.20,105.90,104.35,104.45,-0.85,2400
109/09/22,6636055,686437756,104.30,104.30,102.95,103.10,-1.35,3984
109/09/23,9454100,930964496,103.50,103.50,102.40,102.95,-0.15,3414
109/09/24,15784773,1591408178,101.55,101.80,100.25,100.45,-2.50,10143
109/09/25,9498930,956362729,100.75,101.45,100.05,100.65,+0.20,5795
109/09/28,6026880,613784969,101.35,102.30,101.00,102.30,+1.65,3799
109/09/29,3759262,386035352,102.75,103.25,102.15,102.55,+0.25,2283
109/09/30,3545485,365486223,102.75,103.45,102.60,103.00,+0.45,2026
109/10/05,5912599,611109577,103.45,104.05,103.00,103.05,+0.05,3406
109/10/06,6875260,716387698,104.00,104.35,103.85,104.25,+1.20,4463
109/10/07,4011139,419191630,104.00,105.00,103.50,104.80,+0.55,3511
109/10/08,13470899,1426719794,105.45,106.35,105.30,106.20,+1.40,7466
109/10/12,9837999,1054361643,106.70,107.70,106.70,107.05,+0.85,6156
109/10/13,5410614,577962340,107.35,107.60,106.20,107.10,+0.05,3278
109/10/14,2562860,273648098,107.05,107.20,106.45,106.70,-0.40,1916
109/10/15,4550154,481080290,106.50,106.50,105.10,105.70,-1.00,2578
109/10/16,3239005,342147843,105.70,106.30,105.10,105.25,-0.45,2646
109/10/19,3459323,367826138,105.65,106.60,105.60,106.60,+1.35,2680
109/10/20,1414032,150155790,106.40,106.45,106.00,106.00,-0.60,1168
109/10/21,8599387,911039411,106.00,106.55,105.65,105.95,-0.05,6578
109/10/22,2158260,228303838,105.70,106.10,105.50,106.10,+0.15,1479
109/10/23,3205830,339926838,106.50,106.65,105.65,106.10, 0.00,1237
109/10/26,2918339,309750999,106.10,106.60,105.80,106.10, 0.00,3402
109/10/27,3438003,362491156,105.75,105.75,105.15,105.50,-0.60,4510
109/10/28,4782251,502747144,105.50,105.50,104.80,105.00,-0.50,4348
109/10/29,7191693,745591107,104.00,104.10,103.25,103.85,-1.15,8301
109/10/30,6564423,677255468,103.55,103.60,102.70,103.00,-0.85,7141
109/11/02,10228786,1050887316,103.15,103.45,102.30,103.40,+0.40,8143
109/11/03,4444060,464333020,104.20,104.85,104.05,104.60,+1.20,4393
109/11/04,5081769,536537006,105.00,106.20,104.70,106.15,+1.55,4542
109/11/05,4331427,459148329,106.20,106.40,105.55,106.05,-0.10,3321
109/11/06,6315479,674047631,106.35,107.05,106.30,106.70,+0.65,7927
109/11/09,11429760,1234448730,107.75,108.40,107.25,108.10,+1.40,7084
109/11/10,4451469,478029991,108.00,108.00,106.80,107.10,-1.00,4098
109/11/11,8631279,935036530,107.10,108.75,107.10,108.75,+1.65,5765
109/11/12,3870766,421927706,109.00,109.40,108.70,108.80,+0.05,3172
109/11/13,3829664,417113986,108.60,109.30,108.45,109.25,+0.45,3049
109/11/16,9421082,1052631798,110.40,112.80,110.40,112.80,+3.55,8277
109/11/17,8297028,945842517,115.00,115.75,113.40,113.60,+0.80,6274
109/11/18,19747534,2254742494,113.60,114.95,113.15,114.35,+0.75,18354
109/11/19,4505205,514299847,114.45,114.55,113.80,114.15,-0.20,3786
109/11/20,4800675,546485967,114.15,114.15,113.35,114.00,-0.15,3751
109/11/23,5800114,668881804,114.65,115.85,114.65,115.45,+1.45,4322
109/11/24,6181698,712360322,115.95,115.95,114.75,114.90,-0.55,4988
109/11/25,4184128,479175012,115.70,115.70,113.90,113.95,-0.95,5005
109/11/26,2561228,293607672,114.05,115.00,114.05,114.85,+0.90,3146
109/11/27,5329935,609955495,114.50,114.85,114.10,114.65,-0.20,3372
109/11/30,9569902,1092174851,114.80,115.15,113.30,113.30,-1.35,7844
109/12/01,5097362,579908169,113.80,114.30,113.35,114.30,+1.00,3856
109/12/02,6132300,706416245,115.00,115.55,114.50,115.40,+1.10,3958
109/12/03,5977208,690191929,115.45,116.10,115.00,115.40, 0.00,3650
109/12/04,12351997,1441028838,115.90,117.45,115.90,117.30,+1.90,5651
109/12/07,6859570,809975765,118.50,118.75,117.50,118.40,+1.10,6523
109/12/08,6401980,760790348,118.45,120.05,117.95,120.05,+1.65,5575
109/12/09,6302763,755414967,120.00,120.20,119.50,120.05, 0.00,5187
109/12/10,8417879,996846199,119.15,119.15,118.05,118.60,-1.45,9233
109/12/11,4798609,567107835,118.80,119.15,117.25,118.75,+0.15,5384
109/12/14,2479991,293305597,118.65,118.65,118.00,118.25,-0.50,3439
109/12/15,9664754,1132041750,117.95,118.00,116.75,117.05,-1.20,9128
109/12/16,13383363,1589857607,117.90,119.30,117.85,119.25,+2.20,13255
109/12/17,3001579,355533497,119.15,119.15,118.00,118.60,-0.65,3369
109/12/18,2585473,305752089,118.55,118.70,118.00,118.20,-0.40,3012
109/12/21,4402203,521717200,118.25,119.40,117.50,119.35,+1.15,4369
109/12/22,5849363,694797654,119.05,119.50,117.85,118.00,-1.35,4923
109/12/23,4246980,500926481,117.85,118.30,117.50,118.15,+0.15,3060
109/12/24,2498996,296457152,118.40,118.85,118.20,118.80,+0.65,2262
109/12/25,2878357,343128324,119.10,119.60,118.60,118.95,+0.15,3097
109/12/28,3495974,418460860,119.05,120.00,119.05,120.00,+1.05,4173
109/12/29,3177140,380694787,120.05,120.20,119.35,119.90,-0.10,2824
109/12/30,5501727,664129018,120.00,121.60,119.90,121.60,+1.70,4169
109/12/31,5845572,713540097,122.15,122.40,121.70,122.25,+0.65,3679
110/01/04,6307525,778088986,122.20,124.50,122.00,124.35,+2.10,5434
110/01/05,4962514,616480760,124.20,124.65,123.75,124.60,+0.25,6179
110/01/06,10859755,1367952768,126.10,127.15,124.10,125.95,+1.35,9245
110/01/07,6863448,877015237,126.55,129.00,126.55,128.90,+2.95,6299
110/01/08,13298515,1733821488,130.60,131.25,129.55,131.20,+2.30,10629
110/01/11,10492804,1375120183,131.20,132.30,130.50,132.30,+1.10,10995
110/01/12,11223083,1484059869,132.30,133.15,131.60,132.10,-0.20,11184
110/01/13,10912897,1465070002,132.75,135.45,132.70,135.30,+3.20,8059
110/01/14,12390589,1660294742,135.00,135.05,133.35,134.05,-1.25,11405
110/01/15,21933080,2983569891,137.15,138.00,134.40,134.50,+0.45,13533
110/01/18,14495824,1937130062,134.60,134.95,132.10,134.40,-0.10,11800
110/01/19,12262208,1675696411,135.20,138.10,135.20,137.95,+3.55,8222
110/01/20,30367315,4202770386,138.10,139.50,137.65,138.20,+0.25,25701
110/01/21,14029981,1984425275,138.40,143.25,138.35,143.00,+4.80,12122
110/01/22,24714046,3413371452,138.20,139.00,135.00,137.45,X0.00,26235
110/01/25,14258565,1931915211,137.20,137.30,134.20,135.60,-1.85,15890
110/01/26,15080041,2016627426,135.55,136.60,131.80,132.85,-2.75,20506
110/01/27,8124071,1082040695,133.30,134.40,132.25,133.05,+0.20,8939
110/01/28,15242813,1983766728,130.00,131.30,129.40,130.35,-2.70,20286
110/01/29,14709917,1910423184,131.60,131.85,128.20,128.20,-2.15,18761
110/03/02,7501387,1010256514,135.50,135.65,133.45,133.45,+0.05,10851
110/03/03,8596895,1154467890,133.75,135.40,132.70,135.40,+1.95,8407
110/03/04,17641322,2341433954,134.35,134.35,131.70,132.75,-2.65,27088
110/03/05,14721332,1927803083,130.05,132.60,129.50,131.95,-0.80,17078
110/03/08,12425275,1646769774,133.75,133.80,131.50,131.85,-0.10,13253
110/03/09,13755992,1797274857,130.55,131.60,129.75,131.35,-0.50,16324
110/03/10,5608897,740047666,132.30,132.60,131.40,131.90,+0.55,8636
110/03/11,9343919,1253580767,132.05,134.95,132.05,134.70,+2.80,8659
110/03/12,5700896,770243301,135.25,135.65,134.50,135.25,+0.55,6513
110/03/15,3852212,519490377,135.25,135.25,134.45,134.90,-0.35,6120
110/03/16,6868571,928771155,135.45,135.65,134.75,135.35,+0.45,7042
110/03/17,6923261,931947167,135.35,135.40,134.00,134.20,-1.15,9793
110/03/18,7050890,954824165,135.10,136.05,134.80,134.90,+0.70,5861
110/03/19,10691849,1419477837,133.45,133.50,132.30,132.80,-2.10,18811
110/03/22,5510347,731825252,132.40,133.60,131.60,133.40,+0.60,7159
110/03/23,6994160,937937176,133.90,134.70,133.60,133.60,+0.20,4759
110/03/24,11082813,1459923222,131.80,132.45,131.30,131.50,-2.10,20959
110/03/25,5186148,681481755,131.10,132.55,130.60,131.95,+0.45,8602
110/03/26,8134654,1087961095,133.05,134.40,132.55,134.35,+2.40,8197
110/03/29,8323344,1128219385,135.20,135.90,135.05,135.45,+1.10,7882
110/03/30,4937584,669668601,135.80,135.95,135.20,135.90,+0.45,5898
110/03/31,7829355,1057200674,135.80,135.80,134.60,134.75,-1.15,8619
110/04/01,7419804,1007813912,135.70,136.05,135.20,135.75,+1.00,6863
110/04/06,9539511,1315017720,138.30,138.30,137.25,137.65,+1.90,10501
110/04/07,4477900,616257780,137.70,137.95,137.15,137.80,+0.15,6799
110/04/08,6467189,890757368,137.35,138.25,136.65,138.25,+0.45,7006
110/04/09,3762585,519688684,138.85,138.90,137.65,137.95,-0.30,5619
110/04/12,6145704,844165036,138.05,138.40,136.65,137.15,-0.80,8315
110/04/13,5823793,804091513,137.20,138.80,137.00,137.15, 0.00,6884
110/04/14,6608307,905363241,137.35,137.90,136.05,137.90,+0.75,7261
110/04/15,7802826,1080396590,138.05,139.05,137.60,139.05,+1.15,7781
110/04/16,11331158,1573488224,138.90,139.25,138.40,139.25,+0.20,8180
110/04/19,8221039,1145154942,139.25,139.75,138.65,139.50,+0.25,6575
110/04/20,4898074,681738871,138.85,139.55,138.80,139.25,-0.25,6290
110/04/21,8098256,1119460883,138.95,138.95,138.00,138.00,-1.25,10126
110/04/22,4152152,574280227,138.55,139.05,137.70,137.90,-0.10,5322
110/04/23,6127836,848868654,137.90,139.15,137.40,139.15,+1.25,5207
110/04/26,12215063,1717301989,140.00,141.35,139.90,141.20,+2.05,11503
110/04/27,6750710,953806604,141.20,141.70,140.80,141.25,+0.05,5929
110/04/28,3106978,436811318,141.25,141.25,140.20,140.40,-0.85,4480
110/04/29,9026319,1276309167,141.00,142.00,140.60,140.60,+0.20,5454
110/05/03,7325314,1015536773,140.40,140.40,138.10,138.25,-2.35,13729
110/05/04,13831267,1893528298,138.25,138.35,135.00,137.05,-1.20,16369
110/05/05,9345225,1276849685,137.05,137.30,135.70,135.75,-1.30,14960
110/05/06,8216084,1121548346,136.30,137.50,135.50,136.95,+1.20,9073
110/05/07,7168292,995811085,138.15,139.45,137.95,139.40,+2.45,6072
110/05/10,4491095,622306962,139.50,139.50,138.10,138.45,-0.95,6694
110/05/11,26853369,3602198584,135.75,135.80,132.60,133.25,-5.20,37645
110/05/12,40085754,5136665616,132.90,132.90,121.20,129.40,-3.85,47641
110/05/13,28100529,3599079125,126.25,130.00,125.00,127.50,-1.90,30520
110/05/14,15790431,2035292037,128.50,130.25,127.85,128.95,+1.45,16237
110/05/17,32505861,4111437455,125.20,128.80,124.70,126.50,-2.45,35528
110/05/18,16612226,2167982126,128.35,132.30,128.00,132.30,+5.80,13448
110/05/19,17193723,2261698330,132.20,132.65,130.50,131.40,-0.90,17676
110/05/20,9780505,1274831292,131.35,131.40,129.70,130.50,-0.90,9207
110/05/21,10248024,1358135228,132.50,133.85,131.30,132.35,+1.85,7006
110/05/24,10375497,1367233343,131.55,132.65,131.15,132.15,-0.20,8922
110/05/25,10326420,1368221026,132.90,134.65,132.90,134.40,+2.25,8064
110/05/26,5246780,705851187,134.85,135.15,133.95,134.50,+0.10,5468
110/05/27,5858001,779436245,133.50,133.70,132.35,133.55,-0.95,6872
110/05/28,9754500,1320088577,134.90,135.90,134.30,135.80,+2.25,7907
110/05/31,10607435,1451843105,135.80,137.55,135.80,137.10,+1.30,7985
110/06/01,5710574,786076633,137.20,138.10,137.20,137.70,+0.60,5200
110/06/02,5118006,702947369,137.80,138.00,136.65,137.70, 0.00,6240
110/06/03,5137777,708745556,137.95,138.45,137.50,137.60,-0.10,5273
110/06/04,3268847,446605239,137.00,137.00,136.30,136.95,-0.65,5297
110/06/07,10994102,1502787769,137.20,137.40,134.65,137.30,+0.35,13872
110/06/08,3021521,413571142,137.30,137.50,136.50,136.50,-0.80,4359
110/06/09,6289449,851835109,136.30,136.30,135.05,135.50,-1.00,8909
110/06/10,6953916,953274453,136.00,137.85,135.80,137.60,+2.10,7526
110/06/11,3427869,473613244,138.10,138.50,137.85,138.10,+0.50,4811
110/06/15,4126481,572346206,138.60,139.00,138.40,138.85,+0.75,6371
110/06/16,7330366,1016261767,138.70,138.95,138.15,138.70,-0.15,7048
110/06/17,3283653,452105710,137.80,138.30,137.15,138.30,-0.40,4057
110/06/18,2249578,310815371,138.85,138.85,137.95,138.00,-0.30,3350
110/06/21,16678832,2255922407,136.90,137.00,134.60,134.70,-3.30,25994
110/06/22,6078865,820657527,135.60,136.05,134.50,134.85,+0.15,9047
110/06/23,6517135,887399669,135.00,137.15,134.80,137.05,+2.20,5282
110/06/24,6289676,861039047,137.05,137.25,136.45,136.70,-0.35,4263
110/06/25,6623437,911180118,137.45,137.95,136.70,136.95,+0.25,6284
110/06/28,4090101,560920233,137.00,137.50,136.50,137.20,+0.25,4724
110/06/29,9131032,1259391696,137.90,138.70,137.30,137.60,+0.40,5881
110/06/30,9756709,1355932363,138.10,139.35,138.05,138.95,+1.35,8757
110/07/01,4680733,649025587,139.00,139.20,138.05,138.30,-0.65,5327
110/07/02,4826430,667110798,138.30,138.50,137.90,138.30, 0.00,4137
110/07/05,7881941,1100359360,138.75,140.00,138.75,139.60,+1.30,8455
110/07/06,6551731,915548456,139.85,140.05,139.45,139.75,+0.15,6171
110/07/07,6776193,942786963,139.60,139.65,138.60,139.00,-0.75,5825
110/07/08,4085141,567119389,139.15,139.50,138.20,138.85,-0.15,4262
110/07/09,7176503,986007526,137.90,137.90,136.95,137.75,-1.10,11004
110/07/12,13736653,1913348729,139.05,140.05,138.55,139.00,+1.25,12106
110/07/13,14007902,1968576900,140.00,141.00,139.95,140.15,+1.15,12312
110/07/14,9604503,1350159685,140.20,141.10,140.15,140.50,+0.35,8329
110/07/15,12338667,1746117456,140.95,141.85,140.80,141.80,+1.30,13045
110/07/16,9507234,1327200973,139.80,140.00,139.05,139.90,-1.90,10629
110/07/19,10856715,1500042445,139.00,139.20,137.55,138.30,-1.60,14186
110/07/20,8443543,1160744460,137.80,138.30,137.05,137.20,-1.10,14659
110/07/21,13271874,1813074896,138.00,138.00,136.10,136.70,X0.00,20448
110/07/22,6243365,862215168,137.80,138.55,137.25,137.65,+0.95,4741
110/07/23,3242961,446860983,138.05,138.30,137.35,137.65, 0.00,4939
110/07/26,12149739,1661811908,137.75,138.05,136.25,136.45,-1.20,17915
110/07/27,10677894,1457154226,136.50,137.05,136.05,136.40,-0.05,12162
110/07/28,31583968,4245231662,136.10,136.10,133.75,134.25,-2.15,38726
110/07/29,10889344,1480352131,135.85,136.60,135.25,136.50,+2.25,7383
110/07/30,4040055,550974846,136.60,136.60,136.00,136.05,-0.45,4798
110/08/02,7376244,1011342122,137.00,138.00,136.05,137.90,+1.85,5273
110/08/03,6224382,859255808,137.95,138.45,137.70,138.45,+0.55,5115
110/08/04,5642671,784584423,138.65,139.30,138.45,139.25,+0.80,5413
110/08/05,5840987,813087525,139.25,139.45,138.85,139.00,-0.25,6400
110/08/06,4031604,558390394,138.90,139.00,137.80,138.80,-0.20,5590
110/08/09,5186503,714762861,138.20,138.55,136.70,138.40,-0.40,5861
110/08/10,2676946,369136949,138.45,138.50,137.50,137.65,-0.75,6027
110/08/11,3867154,529729666,137.35,137.65,136.60,137.20,-0.45,7131
110/08/12,2376688,325349900,137.20,137.25,136.50,136.95,-0.25,4386
110/08/13,7816273,1061673383,136.60,136.85,135.55,135.65,-1.30,16810
110/08/16,11135323,1506240702,135.50,135.75,134.90,135.35,-0.30,14444
110/08/17,13757654,1854533694,135.40,135.50,134.30,134.35,-1.00,20363
110/08/18,22162774,2958372270,133.60,134.95,132.45,134.90,+0.55,20199
110/08/19,28091032,3719709802,134.50,134.50,131.60,131.80,-3.10,41771
110/08/20,16501498,2163648386,132.20,132.80,130.20,130.75,-1.05,20673
110/08/23,6086614,814769062,132.25,134.45,132.15,134.35,+3.60,7827
110/08/24,5086550,685956249,135.20,135.35,134.60,134.75,+0.40,4866
110/08/25,7031858,954442277,135.15,136.10,135.15,136.05,+1.30,6772
110/08/26,7276078,997127716,137.45,138.00,136.35,137.00,+0.95,6899
110/08/27,16875047,2328482421,136.70,138.50,136.45,138.15,+1.15,9673
110/08/30,21974199,3054444066,138.65,139.50,138.45,139.50,+1.35,15333
110/08/31,16604451,2314461154,139.40,140.35,138.10,140.35,+0.85,12191
110/09/01,18843757,2654655259,140.15,141.30,140.05,141.00,+0.65,13396
110/09/02,7218178,1015442778,140.90,141.40,139.90,139.90,-1.10,6517
110/09/03,11543959,1634417680,140.65,142.10,140.45,141.90,+2.00,10027
110/09/06,14283400,2037715398,141.90,143.50,141.60,142.55,+0.65,14230
110/09/07,8413574,1194822412,142.80,142.80,141.45,141.90,-0.65,7538
110/09/08,7239389,1019366042,141.75,142.00,139.95,140.65,-1.25,9015
110/09/09,3194199,447668012,139.65,141.00,139.30,140.30,-0.35,4400
110/09/10,3165128,448120950,140.70,142.10,140.50,141.95,+1.65,5203
110/09/13,3348806,473494037,141.85,141.85,141.15,141.45,-0.50,3899
110/09/14,2513428,356460422,141.85,142.20,141.35,141.60,+0.15,2824
110/09/15,12135597,1709846643,141.30,141.45,140.40,140.75,-0.85,12872
110/09/16,8202035,1150003927,140.80,141.00,139.75,140.10,-0.65,6836
110/09/17,3858456,541563536,140.10,141.05,139.50,140.50,+0.40,3815
110/09/22,25084805,3435002639,137.10,137.60,136.30,137.20,-3.30,28707
110/09/23,5915660,816669288,138.00,138.50,137.60,138.00,+0.80,5666
110/09/24,6297547,877424900,138.80,139.65,138.70,139.65,+1.65,4748
110/09/27,11877695,1660910631,139.85,140.35,139.20,140.00,+0.35,6647
110/09/28,17896339,2484681382,139.25,139.35,138.25,139.00,-1.00,6867
110/09/29,31469085,4284361418,136.90,136.90,135.45,136.00,-3.00,43917
110/09/30,16919613,2303685576,136.30,137.10,135.20,137.05,+1.05,9983
110/10/01,28939270,3888671030,136.30,136.30,133.65,133.95,-3.10,44143
110/10/04,24299469,3240409636,134.70,134.80,132.85,133.15,-0.80,27766
110/10/05,28469257,3753464098,132.00,133.00,130.90,132.95,-0.20,36809
110/10/06,22785877,3024603640,134.00,134.00,132.00,133.00,+0.05,24818
110/10/07,13826376,1866323932,134.05,135.60,133.95,135.35,+2.35,9745
110/10/08,7988089,1075930310,135.65,135.65,133.95,134.20,-1.15,9574
110/10/12,11588565,1533572691,132.70,133.15,131.60,132.85,-1.35,16091
110/10/13,5741940,761389812,133.40,133.60,132.15,132.40,-0.45,9324
110/10/14,3441729,457703545,133.50,133.70,132.50,132.75,+0.35,5211
110/10/15,13728479,1862428212,134.65,136.35,134.30,136.25,+3.50,11985
110/10/18,5450752,743028806,136.70,136.90,135.60,135.85,-0.40,6738
110/10/19,8666121,1186479700,136.20,137.25,136.05,136.95,+1.10,5866
110/10/20,14674356,2008846387,137.05,137.30,136.45,136.60,-0.35,11922
110/10/21,13292564,1823893063,136.70,137.80,136.10,136.10,-0.50,9180
110/10/22,5321361,725081014,136.25,136.75,135.65,136.50,+0.40,4657
110/10/25,7522325,1022937288,136.00,136.70,135.20,136.40,-0.10,7124
110/10/26,10797704,1483480452,136.65,137.75,136.60,137.55,+1.15,9789
110/10/27,7527789,1031896075,136.95,137.55,136.70,137.55, 0.00,5876
110/10/28,4597622,630055512,137.45,137.65,136.60,137.15,-0.40,5081
110/10/29,5145743,699434063,137.05,137.05,135.35,135.80,-1.35,6484
110/11/01,3142335,428929269,136.20,136.75,136.20,136.50,+0.70,3530
110/11/02,4154241,569049842,136.80,137.65,136.15,136.25,-0.25,5150
110/11/03,2399598,328234276,136.40,137.00,136.40,136.60,+0.35,2724
110/11/04,2662461,364046342,137.25,137.50,136.15,136.15,-0.45,4093
110/11/05,11655592,1603293234,137.10,138.20,136.80,138.10,+1.95,11698
110/11/08,7721327,1072307464,138.20,139.20,138.20,139.20,+1.10,8260
110/11/09,12860159,1810403187,140.15,141.20,140.10,140.70,+1.50,11831
110/11/10,5594835,785319940,140.65,140.65,140.00,140.50,-0.20,7203
110/11/11,4600441,640820755,139.10,139.75,138.80,139.25,-1.25,4898
110/11/12,5886568,825588673,139.90,140.80,139.50,139.70,+0.45,5407
110/11/15,6780991,955946488,140.55,141.25,140.55,140.95,+1.25,8393
110/11/16,6013400,849180129,140.95,141.45,140.80,141.20,+0.25,6529
110/11/17,27642686,3911651162,141.30,141.70,141.15,141.65,+0.45,21969
110/11/18,6242847,887241873,141.75,142.55,141.65,142.45,+0.80,7912
110/11/19,6253607,894594272,143.50,143.55,142.65,142.80,+0.35,7531
110/11/22,3868526,551655567,142.70,142.90,142.40,142.45,-0.35,6318
110/11/23,4701595,664821080,142.00,142.00,141.05,141.10,-1.35,6686
110/11/24,3224697,453478983,141.10,141.15,140.15,140.50,-0.60,5362
110/11/25,2612776,366609846,140.50,140.90,140.00,140.45,-0.05,4293
110/11/26,12594105,1745167285,139.55,139.85,137.95,138.15,-2.30,22155
110/11/29,11534852,1593014716,137.60,138.80,137.50,138.15, 0.00,10364
110/11/30,10539304,1460465604,138.80,139.60,137.85,138.00,-0.15,8776
110/12/01,4329326,603377795,138.10,140.50,138.05,140.30,+2.30,5203
110/12/02,9133260,1292045173,140.10,141.95,139.70,141.80,+1.50,9601
110/12/03,4946614,700928903,141.95,142.15,141.10,141.75,-0.05,4496
110/12/06,4060985,573477544,140.70,141.90,140.00,141.35,-0.40,7070
110/12/07,3157948,444889939,141.35,141.80,140.35,141.80,+0.45,4881
110/12/08,11183297,1596995575,143.10,143.60,142.30,142.35,+0.55,9108
110/12/09,4675110,664504401,142.45,142.65,141.70,142.00,-0.35,4259
110/12/10,3436577,487665365,141.80,142.10,141.35,141.95,-0.05,4855
110/12/13,4759881,676100133,142.20,142.45,141.50,141.50,-0.45,5027
110/12/14,5027334,705014383,140.35,140.70,139.95,140.10,-1.40,9424
110/12/15,10117615,1416798965,140.10,140.60,139.70,140.30,+0.20,11074
110/12/16,5763811,816635782,141.35,142.05,141.15,142.05,+1.75,6419
110/12/17,4979845,706093154,141.55,142.00,141.20,141.90,-0.15,5392
110/12/20,4582532,645465862,141.80,141.85,140.30,140.65,-1.25,7866
110/12/21,6716896,951161400,140.70,141.95,140.70,141.85,+1.20,4760
110/12/22,4146304,588113850,141.95,142.00,141.65,141.85, 0.00,3235
110/12/23,14116987,2012988793,142.75,143.20,142.25,142.65,+0.80,5310
110/12/24,12807935,1835254135,143.00,143.60,142.95,143.05,+0.40,8437
110/12/27,6838963,984397159,143.20,144.25,143.10,144.15,+1.10,8693
110/12/28,22888176,3315969575,144.30,145.30,144.30,145.30,+1.15,9328
110/12/29,22807731,3319821967,145.45,146.15,145.05,145.95,+0.65,7510
110/12/30,6421410,935379902,145.95,146.00,145.35,145.50,-0.45,5369
111/01/03,7064552,1034974917,146.00,147.35,146.00,146.40,+0.90,8298
111/01/04,10122789,1507398153,147.70,149.60,147.70,149.60,+3.20,10438
111/01/05,11730618,1755680824,150.10,150.55,149.10,149.30,-0.30,12614
111/01/06,9085138,1342084958,148.30,148.75,147.00,147.90,-1.40,13496
111/01/07,7435645,1095365963,148.30,149.00,146.50,146.60,-1.30,12008
111/01/10,15979639,2346043879,146.00,147.80,145.40,147.55,+0.95,8675
111/01/11,17984061,2655717032,147.60,148.50,146.70,148.30,+0.75,8365
111/01/12,10326119,1541003375,149.35,149.60,148.70,149.55,+1.25,6551
111/01/13,7680333,1152220355,149.55,150.45,149.55,150.30,+0.75,7281
111/01/14,10400081,1560843189,150.80,151.20,149.05,150.30, 0.00,9178
111/01/17,7202412,1093229361,151.10,152.40,151.10,152.00,+1.70,9817
111/01/18,14811991,2242827500,152.20,152.25,150.15,150.30,-1.70,12127
111/01/19,15371288,2288127587,149.00,149.65,148.25,148.50,-1.80,18846
111/01/20,16845120,2499682717,148.50,149.20,147.60,149.10,+0.60,16497
111/01/21,32475644,4649317826,143.90,143.95,142.30,142.65,X0.00,53966
111/01/24,13767241,1965019247,142.10,144.00,141.70,144.00,+1.35,17460
111/01/25,25646145,3632621711,142.55,142.55,141.25,141.65,-2.35,39744
111/01/26,18559075,2629997366,141.15,142.20,141.05,141.55,-0.10,21586
111/02/07,25312461,3593629562,142.60,142.80,141.20,142.30,+0.75,27821
111/02/08,11521967,1648442209,143.30,143.50,142.80,142.90,+0.60,12271
111/02/09,8470497,1211943126,143.50,143.50,142.65,143.40,+0.50,10362
111/02/10,6325130,912680055,143.90,145.05,143.50,145.05,+1.65,9065
111/02/11,4556282,659321520,144.70,145.05,144.05,144.95,-0.10,6376
111/02/14,12907152,1841179721,143.95,143.95,142.20,142.70,-2.25,23175
111/02/15,8139525,1160338475,142.70,143.20,141.95,142.05,-0.65,16664
111/02/16,6906308,995478507,143.90,144.45,143.80,144.40,+2.35,9252
111/02/17,5161916,746195906,144.40,145.00,144.00,144.50,+0.10,7328
111/02/18,4068622,584581991,143.50,144.15,143.05,144.10,-0.40,5997
111/02/21,4807904,689347421,143.45,143.85,142.80,143.80,-0.30,8772
111/02/22,20814988,2943619804,142.60,142.65,140.75,141.85,-1.95,42631
111/02/23,4803500,681745270,141.85,142.40,141.65,142.25,+0.40,8142
111/02/24,32725876,4565434642,141.10,141.10,138.30,138.80,-3.45,67346
111/02/25,24731645,3424810229,139.05,139.20,137.85,138.50,-0.30,43146
111/03/01,8694504,1218632723,139.05,140.80,138.85,140.45,+1.95,12259
111/03/02,6778502,946372757,140.00,140.10,139.20,139.65,-0.80,14073
111/03/03,4742921,664351237,140.50,140.80,139.85,139.95,+0.30,7830
111/03/04,14283278,1977417838,138.50,138.85,137.95,138.45,-1.50,33012
111/03/07,57431892,7712383575,136.90,136.90,133.75,134.00,-4.45,104615
111/03/08,46246906,6098512055,132.45,133.15,131.00,131.15,-2.85,86528
111/03/09,22656321,3007269415,132.20,133.25,132.20,132.50,+1.35,33257
111/03/10,15177320,2065524204,135.20,136.55,135.20,136.35,+3.85,20830
111/03/11,11806594,1591939591,135.85,135.85,134.20,134.40,-1.95,24453
111/03/14,9183817,1235380453,135.00,135.35,134.00,134.40, 0.00,14005
111/03/15,26456827,3486775988,133.15,133.15,131.40,131.65,-2.75,58815
111/03/16,20364324,2682635242,133.20,133.25,131.10,132.20,+0.55,31163
111/03/17,14459851,1962595410,135.45,136.50,135.20,136.40,+4.20,14613
111/03/18,12975464,1765126941,136.60,136.60,135.50,136.10,-0.30,9547
111/03/21,8071045,1108232637,136.80,137.65,136.80,137.00,+0.90,9955
111/03/22,6251029,854443656,136.80,137.00,136.30,136.80,-0.20,6431
111/03/23,10632461,1467263732,137.60,138.35,137.55,138.10,+1.30,10787
111/03/24,4479584,616438268,137.50,138.10,137.05,138.00,-0.10,5982
111/03/25,5074402,701035397,138.40,138.50,137.90,138.20,+0.20,7142
111/03/28,11194840,1523419805,137.00,137.00,135.55,136.70,-1.50,17862
111/03/29,6644012,909712955,137.00,137.20,136.60,136.85,+0.15,6574
111/03/30,8498372,1176292567,138.05,138.70,138.05,138.55,+1.70,8633
111/03/31,3748776,518591902,138.55,138.65,138.10,138.10,-0.45,5426
111/04/01,8220571,1123614950,136.60,136.95,136.15,136.95,-1.15,11446
111/04/06,12266186,1663822127,135.25,136.35,135.00,136.25,-0.70,18875
111/04/07,16680908,2243105321,135.10,135.10,133.80,133.80,-2.45,41548
111/04/08,9480787,1270359704,134.10,134.55,133.75,134.55,+0.75,12982
111/04/11,18450771,2451482093,134.15,134.45,132.20,132.45,-2.10,38851
111/04/12,15367279,2032841606,132.15,132.85,131.60,132.55,+0.10,25468
111/04/13,7246152,975028417,133.40,135.20,133.20,135.05,+2.50,8734
111/04/14,5235079,705835063,135.75,135.75,134.55,134.55,-0.50,7392
111/04/15,22334668,2955902166,132.85,133.05,132.00,132.25,-2.30,37007
111/04/18,19495870,2565078259,132.00,132.25,131.15,131.55,-0.70,33455
111/04/19,9433361,1248058966,132.25,132.95,131.85,132.00,+0.45,11022
111/04/20,7104382,939528194,132.20,132.70,131.65,132.65,+0.65,10235
111/04/21,4226570,562769738,133.25,133.60,132.65,132.75,+0.10,6277
111/04/22,12398307,1626054746,131.40,131.75,130.85,131.60,-1.15,24219
111/04/25,35058202,4525920924,130.00,130.05,128.65,129.25,-2.35,58198
111/04/26,10361395,1339825860,129.75,129.80,128.85,129.25, 0.00,20563
111/04/27,31244250,3953298339,127.00,127.00,126.05,126.55,-2.70,50065
111/04/28,12311754,1559363486,127.35,127.40,125.95,127.10,+0.55,16772
111/04/29,12271215,1582008363,128.90,129.50,128.25,128.75,+1.65,12017
111/05/03,7021550,898507584,128.55,128.70,127.45,127.80,-0.95,16878
111/05/04,10324829,1319173779,128.30,128.45,127.50,127.80, 0.00,14820
111/05/05,6508490,841880402,129.50,129.80,128.95,129.25,+1.45,9252
111/05/06,18804033,2373840312,126.45,126.85,125.95,126.65,-2.60,37094
111/05/09,14256432,1778657382,125.50,125.55,124.50,124.55,-2.10,30644
111/05/10,14865244,1826485304,122.15,124.10,121.55,124.00,-0.55,24937
111/05/11,8458090,1047528803,123.85,124.45,123.30,124.20,+0.20,11241
111/05/12,13693487,1672599238,123.00,123.00,121.20,121.25,-2.95,36619
111/05/13,7332122,894972932,122.10,122.35,121.55,122.35,+1.10,9914
111/05/16,6085859,750214036,123.45,124.00,122.50,123.00,+0.65,11536
111/05/17,4399419,545917041,123.15,124.50,123.15,124.35,+1.35,7213
111/05/18,6600381,829207469,125.35,126.00,125.25,125.70,+1.35,9484
111/05/19,7894711,972266714,123.45,123.80,122.65,123.30,-2.40,15517
111/05/20,3867232,481189963,123.75,124.95,123.65,124.65,+1.35,6285
111/05/23,2859330,357757749,125.30,125.60,124.50,124.90,+0.25,5281
111/05/24,5469914,678348751,125.00,125.20,123.40,123.50,-1.40,10831
111/05/25,2724739,338285381,123.70,124.70,123.45,124.45,+0.95,5121
111/05/26,6240375,771156008,125.00,125.00,122.85,122.90,-1.55,11824
111/05/27,11895801,1491077052,124.15,125.80,124.05,125.50,+2.60,10471
111/05/30,14840687,1896337486,127.25,128.60,127.05,128.55,+3.05,13098
111/05/31,7233052,930745401,128.45,129.80,127.60,129.80,+1.25,8069
111/06/01,6730117,872404015,129.30,130.05,129.00,129.15,-0.65,8809
111/06/02,4721923,604071385,128.45,128.45,127.60,127.80,-1.35,7275
111/06/06,4292361,550968083,128.25,129.00,127.45,128.70,+0.90,8948
111/06/07,5160242,656817533,127.95,127.95,126.85,127.40,-1.30,9097
111/06/08,4110313,529293647,128.50,129.10,128.15,128.80,+1.40,4841
111/06/09,2056798,263676687,128.20,128.50,127.65,128.40,-0.40,3858
111/06/10,4616549,585983475,126.80,127.40,126.40,127.10,-1.30,10027
111/06/13,18437079,2280313744,124.10,124.25,123.45,123.55,-3.55,32400
111/06/14,12474631,1529735542,122.60,123.55,122.10,123.35,-0.20,17066
111/06/15,9373128,1153315986,123.00,123.60,122.65,122.75,-0.60,15559
111/06/16,13116110,1620183258,124.10,125.00,122.25,122.50,-0.25,14401
111/06/17,21263720,2569840589,121.00,121.50,120.40,120.85,-1.65,35146
111/06/20,11621643,1395030566,120.90,120.95,119.50,119.75,-1.10,23697
111/06/21,6691755,812035105,120.95,122.20,120.35,122.20,+2.45,8127
111/06/22,16172586,1939003203,121.70,121.70,119.35,119.50,-2.70,24790
111/06/23,18053581,2134106169,119.80,119.80,117.25,117.90,-1.60,28068
111/06/24,11166572,1324805066,118.65,119.30,117.95,118.15,+0.25,10504
111/06/27,16926661,2049732101,119.80,121.45,119.80,120.95,+2.80,17198
111/06/28,11140021,1333751369,120.80,120.80,119.25,119.80,-1.15,13216
111/06/29,6670681,793045377,118.70,119.55,118.50,118.80,-1.00,10563
111/06/30,22064782,2563829835,117.70,117.80,115.50,115.80,-3.00,36330
111/07/01,36878756,4168809309,115.65,115.65,111.20,111.55,-4.25,51585
111/07/04,27456531,3044859233,111.25,112.20,110.00,110.45,-1.10,28717
111/07/05,17050908,1887614040,112.55,112.95,109.00,111.00,+0.55,21122
111/07/06,16720163,1831687490,111.00,111.05,108.45,108.85,-2.15,28951
111/07/07,13797274,1529508284,109.45,112.15,108.55,112.10,+3.25,13307
111/07/08,10632316,1204020139,113.30,113.90,112.30,113.25,+1.15,13149
111/07/11,8031808,904913578,113.65,113.70,111.85,112.25,-1.00,12407
111/07/12,12036545,1321731606,110.95,110.95,109.15,109.55,-2.70,20560
111/07/13,25339925,2868407778,113.00,113.65,112.60,113.45,+3.90,18017
111/07/14,15117665,1713783782,112.70,114.25,111.80,114.00,+0.55,12765
111/07/15,19084676,2192351516,114.60,115.65,113.75,115.50,+1.50,16864
111/07/18,22677308,2593194353,114.65,114.85,113.95,114.20,X0.00,21124
111/07/19,13479392,1540004175,113.95,114.65,113.60,114.30,+0.10,13416
111/07/20,17257016,1993667626,115.85,116.20,114.70,115.05,+0.75,15086
111/07/21,9016500,1043315930,115.40,116.35,115.00,116.35,+1.30,8960
111/07/22,15904768,1855616035,116.60,117.20,116.30,116.80,+0.45,13658
111/07/25,10845215,1264021428,116.30,116.95,116.00,116.70,-0.10,13409
111/07/26,13077161,1513988792,116.60,116.60,115.30,115.65,-1.05,16321
111/07/27,8102634,939120906,115.50,116.70,115.15,116.70,+1.05,6945
111/07/28,8557891,1004795134,117.85,117.95,116.90,116.90,+0.20,8632
111/07/29,8291615,979364354,118.15,118.50,117.65,118.00,+1.10,8204
111/08/01,9841470,1157739155,118.10,118.10,117.20,117.65,-0.35,8720
111/08/02,18600451,2149115164,116.55,116.55,115.10,115.55,-2.10,22146
111/08/03,8100057,939263431,115.65,116.25,115.50,116.25,+0.70,7600
111/08/04,7108342,826140065,116.35,116.80,115.20,116.55,+0.30,7988
111/08/05,9625538,1143739838,118.00,119.50,117.90,119.50,+2.95,10809
111/08/08,8966011,1066313383,119.00,119.25,118.30,119.25,-0.25,10279
111/08/09,8186879,971998418,118.40,119.50,118.00,119.15,-0.10,9920
111/08/10,7796649,919415561,118.00,118.20,117.50,117.90,-1.25,13624
111/08/11,10957384,1314562900,119.80,120.45,119.60,120.05,+2.15,8947
111/08/12,8598361,1038027809,120.55,121.00,120.30,120.80,+0.75,7656
111/08/15,9837499,1198033224,121.45,122.10,121.25,121.90,+1.10,10575
111/08/16,10114278,1235256112,122.00,122.30,121.90,122.10,+0.20,10769
111/08/17,14115407,1723131119,122.10,122.30,121.80,122.15,+0.05,14681
111/08/18,5637817,683651223,121.40,121.45,120.95,121.35,-0.80,9013
111/08/19,4315583,523948759,121.25,122.00,120.90,121.55,+0.20,7401
111/08/22,8972758,1076431037,120.00,120.25,119.70,119.80,-1.75,19855
111/08/23,11095739,1314798887,118.55,119.00,118.20,118.20,-1.60,18728
111/08/24,7558746,892619974,118.80,118.95,117.65,117.90,-0.30,12385
111/08/25,5143118,611992350,118.50,119.45,118.45,119.00,+1.10,6976
111/08/26,10173674,1219207855,119.85,120.10,119.45,119.60,+0.60,7601
111/08/29,17248914,2007953600,116.25,116.95,116.00,116.55,-3.05,31024
111/08/30,12722112,1482741825,116.55,117.20,116.20,116.75,+0.20,14210
111/08/31,7324798,854472563,115.95,117.60,115.80,117.60,+0.85,8421
111/09/01,23181870,2670144230,115.50,115.60,114.75,115.15,-2.45,41161
111/09/02,15351769,1755500653,115.10,115.10,113.85,113.90,-1.25,29767
111/09/05,9508218,1084987846,114.10,114.75,113.70,114.15,+0.25,14479
111/09/06,6757649,775277096,114.80,115.40,114.25,114.90,+0.75,8756
111/09/07,17431510,1960146749,113.10,113.15,112.10,112.20,-2.70,37500
111/09/08,7535495,849210347,113.05,113.05,112.40,113.00,+0.80,9354
111/09/12,7850900,905418862,115.30,115.65,115.00,115.40,+2.40,10707
111/09/13,4768515,553524212,116.10,116.40,115.75,116.00,+0.60,6854
111/09/14,11875719,1347366608,113.05,113.95,112.80,113.65,-2.35,19904
111/09/15,4051460,460557461,113.50,114.25,113.20,113.85,+0.20,9633
111/09/16,13858212,1558832568,112.65,112.85,112.30,112.55,-1.30,22320
111/09/19,7705465,864575077,112.95,112.95,111.90,112.05,-0.50,15283
111/09/20,5999746,675492164,112.55,113.15,112.25,113.05,+1.00,7093
111/09/21,11672155,1309037173,112.80,112.80,111.80,112.10,-0.95,17348
111/09/22,16093771,1772402603,110.40,110.75,109.50,110.75,-1.35,25277
111/09/23,15826978,1738392677,110.25,110.35,109.35,109.70,-1.05,27136
111/09/26,21804952,2343738865,108.05,108.05,107.15,107.65,-2.05,40858
111/09/27,9580153,1029687583,107.80,107.95,107.00,107.50,-0.15,14707
111/09/28,20345587,2153739170,107.60,107.65,105.25,105.25,-2.25,32676
111/09/29,11208229,1180322655,106.45,106.45,104.60,104.90,-0.35,18926
111/09/30,13648874,1411909885,103.30,103.90,103.00,103.45,-1.45,22436
111/10/03,11975969,1228448047,102.50,103.60,102.05,102.20,-1.25,21869
111/10/04,7833142,819071391,104.55,104.80,104.10,104.80,+2.60,9472
111/10/05,11194438,1200114972,106.50,107.85,106.35,107.25,+2.45,14935
111/10/06,8691035,937261167,107.80,108.00,107.50,108.00,+0.75,9150
111/10/07,9160530,976696727,107.40,107.40,106.10,106.20,-1.80,12082
111/10/11,34441616,3486069852,102.00,102.15,100.50,100.70,-5.50,60659
111/10/12,14465314,1447866459,100.40,100.70,99.55,100.20,-0.50,24580
111/10/13,22325644,2221287940,100.55,100.55,99.00,99.00,-1.20,33100
111/10/14,11783757,1199217211,101.75,102.30,101.10,101.85,+2.85,13154
111/10/17,20644755,2056968004,99.95,100.10,99.05,99.95,-1.90,26913
111/10/18,6617063,666287430,101.50,101.55,99.95,101.10,+1.15,7799
111/10/19,16168656,1619067920,100.80,101.00,99.55,99.75,-1.35,18345
111/10/20,20052215,1965292155,98.20,99.45,97.35,99.20,-0.55,25107
111/10/21,12689251,1258389294,99.30,99.85,98.70,98.90,-0.30,13697
111/10/24,17387205,1726288183,100.75,100.80,98.60,98.60,-0.30,11595
111/10/25,21366539,2076591671,98.60,98.60,96.50,96.70,-1.90,29831
111/10/26,11205246,1090637092,96.85,98.00,96.50,97.60,+0.90,10428
111/10/27,8254594,817258776,98.50,99.35,98.50,99.00,+1.40,8458
111/10/28,12102185,1184927619,98.60,98.60,97.25,97.75,-1.25,16292
111/10/31,10298898,1018326324,98.85,99.35,98.10,99.05,+1.30,7670
111/11/01,8491868,845001137,98.85,99.95,98.80,99.60,+0.55,7547
111/11/02,7245488,722735676,99.60,100.05,99.40,100.00,+0.40,6862
111/11/03,14068192,1387625383,98.50,98.85,98.35,98.70,-1.30,14353
111/11/04,6727808,660289654,98.10,98.95,97.50,98.85,+0.15,8800
111/11/07,12464513,1250474948,99.80,100.85,99.55,100.55,+1.70,13601
111/11/08,10726648,1090564061,101.45,101.95,101.25,101.60,+1.05,10717
111/11/09,19308833,2005296271,102.55,104.50,102.55,104.50,+2.90,13949
111/11/10,15112976,1563929803,103.45,103.85,103.20,103.50,-1.00,14597
111/11/11,35134524,3816107828,108.55,109.00,107.80,109.00,+5.50,24303
111/11/14,18631343,2048246202,109.80,110.40,109.40,110.00,+1.00,14745
111/11/15,34799438,3949308928,111.20,114.95,111.20,114.70,+4.70,30474
111/11/16,24251504,2780841398,115.00,115.75,113.85,114.50,-0.20,22139
111/11/17,13741730,1563715421,113.95,114.65,112.85,114.55,+0.05,12743
111/11/18,10968139,1260274871,114.90,115.85,114.05,114.25,-0.30,9494
111/11/21,8978435,1024589996,114.35,114.65,113.70,113.85,-0.40,8696
111/11/22,5798244,662093232,113.40,115.00,113.05,114.80,+0.95,7049
111/11/23,8224840,950304384,115.65,115.90,115.05,115.60,+0.80,8001
111/11/24,15641447,1817903787,116.00,116.85,115.90,116.70,+1.10,12365
111/11/25,16343906,1907311237,116.65,116.95,116.35,116.70, 0.00,11202
111/11/28,15627449,1790790160,114.60,115.30,113.90,114.35,-2.35,19654
111/11/29,10926996,1249914581,113.85,115.40,113.10,115.40,+1.05,10582
111/11/30,9535815,1105729102,115.10,116.40,114.85,116.35,+0.95,7145
111/12/01,25136792,2986426381,119.20,119.50,118.00,118.35,+2.00,15943
111/12/02,7796015,915125681,117.30,117.95,117.00,117.30,-1.05,9334
111/12/05,12330303,1453977570,117.30,118.50,117.20,117.45,+0.15,13386
111/12/06,10637488,1233830310,116.80,116.80,115.20,115.30,-2.15,18014
111/12/07,8636949,992227828,114.50,115.85,114.20,114.60,-0.70,11453
111/12/08,9682884,1095896374,114.05,114.10,112.45,113.25,-1.35,15434
111/12/09,6394176,733944261,114.00,115.25,113.95,115.00,+1.75,6619
111/12/12,8764346,996031881,114.20,114.20,113.25,113.90,-1.10,10800
111/12/13,6860743,780649790,114.50,114.50,113.25,113.40,-0.50,9245
111/12/14,8037662,921921559,114.10,115.00,114.00,114.80,+1.40,5821
111/12/15,8045621,920687808,114.30,115.05,113.90,114.90,+0.10,7173
111/12/16,12792990,1442269090,112.50,113.30,112.25,113.00,-1.90,20877
111/12/19,6504872,731424488,112.35,112.95,112.00,112.35,-0.65,10865
111/12/20,13446289,1495479453,112.15,112.50,110.05,110.30,-2.05,24270
111/12/21,12203031,1350469821,110.80,111.40,110.30,110.75,+0.45,13065
111/12/22,5166548,580351057,111.75,112.75,111.75,112.60,+1.85,5881
111/12/23,6556232,725974713,110.70,111.05,110.40,110.70,-1.90,13445
111/12/26,4258430,472402011,110.80,111.20,110.70,111.10,+0.40,8121
111/12/27,4269800,477679306,111.40,112.25,111.40,111.60,+0.50,5136
111/12/28,13002156,1428236786,110.50,110.50,109.40,110.00,-1.60,19157
111/12/29,14342647,1562777609,109.20,109.60,108.40,109.50,-0.50,15143
111/12/30,8890361,982130895,110.60,110.75,110.20,110.20,+0.70,7376
112/01/03,15272877,1673263794,109.60,110.90,108.45,110.75,+0.55,13899
112/01/04,14211742,1569704151,110.30,110.80,110.10,110.50,-0.25,11908
112/01/05,12395862,1379134974,111.25,111.70,110.95,111.30,+0.80,10075
112/01/06,11826560,1321964557,111.20,112.20,111.15,111.80,+0.50,9838
112/01/09,15649173,1796709538,114.00,115.80,113.90,115.80,+4.00,16946
112/01/10,12427863,1442160806,115.95,116.40,115.75,116.25,+0.45,13729
112/01/11,15849620,1841541741,116.65,116.75,115.90,116.35,+0.10,9631
112/01/12,10249887,1189043911,116.50,116.60,115.65,115.85,-0.50,9044
112/01/13,28912072,3396535255,118.50,118.60,116.95,117.20,+1.35,15940
112/01/16,28203249,3334058723,118.10,118.55,118.00,118.10,+0.90,20855
112/01/17,14600817,1723846104,118.35,118.35,117.80,118.10, 0.00,16373
112/01/30,44330389,5335880299,120.80,121.00,120.00,120.70,X0.00,31199
112/01/31,22474562,2681531250,120.60,120.60,118.30,118.30,-2.40,23552
112/02/01,6903171,821124932,119.10,119.45,118.45,119.00,+0.70,8921
112/02/02,16194958,1956007315,120.30,121.10,120.25,121.00,+2.00,15931
112/02/03,9934984,1200856481,120.95,121.20,120.20,121.00, 0.00,10997
112/02/06,14297030,1709758781,120.10,120.10,119.25,119.25,-1.75,25811
112/02/07,8787291,1045314027,119.10,119.25,118.55,119.00,-0.25,13540
112/02/08,9239321,1114132382,120.10,120.95,120.00,120.85,+1.85,8739
112/02/09,5032245,607543546,120.50,121.00,120.30,120.90,+0.05,7141
112/02/10,6572526,794912205,120.90,121.10,120.60,121.00,+0.10,9368
112/02/13,4149906,499573936,120.70,120.90,119.90,120.75,-0.25,8262
112/02/14,7965786,968395750,121.25,121.80,121.25,121.65,+0.90,8497
112/02/15,13852368,1653181275,119.95,120.25,118.80,118.85,-2.80,33160
112/02/16,11233273,1349768658,119.30,120.50,119.30,120.30,+1.45,14038
112/02/17,8960233,1064028251,119.30,119.30,118.40,118.75,-1.55,22127
112/02/20,6230136,741121308,118.55,119.35,118.10,119.00,+0.25,11499
112/02/21,4772315,567003197,119.00,119.10,118.55,118.95,-0.05,9128
112/02/22,12041784,1414076263,117.50,117.75,117.10,117.65,-1.30,24996
112/02/23,6448658,768858699,117.95,119.80,117.95,119.40,+1.75,8273
112/02/24,5828709,695430436,119.90,120.10,118.80,118.80,-0.60,9038
112/03/01,7996077,945839757,117.30,119.45,116.85,119.35,+0.55,14283
112/03/02,3750827,446314792,119.35,119.35,118.30,119.25,-0.10,7974
112/03/03,3341290,399317811,119.80,120.10,119.20,119.35,+0.10,6234
112/03/06,9805282,1180244684,120.15,120.90,119.90,120.50,+1.15,13204
112/03/07,7894646,955038720,120.55,121.40,120.20,121.30,+0.80,10888
112/03/08,6752736,811622845,120.50,120.60,119.80,120.30,-1.00,12824
112/03/09,3505542,422340774,120.75,120.80,120.20,120.20,-0.10,6100
112/03/10,15018299,1778354150,118.85,118.95,118.00,118.30,-1.90,36674
112/03/13,19295272,2287800081,117.95,119.10,117.40,118.80,+0.50,23098
112/03/14,12145943,1427615281,117.55,117.95,117.15,117.50,-1.30,25237
112/03/15,12613249,1487783616,118.40,118.70,117.45,117.60,+0.10,16012
112/03/16,16683826,1950310995,117.20,117.40,116.50,117.05,-0.55,26799
112/03/17,11087333,1312228564,117.85,118.95,117.80,118.95,+1.90,10331
112/03/20,7527505,889553151,118.95,119.05,117.85,118.10,-0.85,12258
112/03/21,3732049,442410377,118.50,118.75,118.20,118.65,+0.55,5260
112/03/22,15003597,1807359927,119.45,120.90,119.45,120.90,+2.25,14407
112/03/23,16090498,1955072279,120.65,122.30,120.45,121.85,+0.95,13085
112/03/24,13919981,1697778467,122.00,122.30,121.55,122.20,+0.35,10776
112/03/27,11001040,1336572588,121.75,121.90,121.20,121.45,-0.75,13372
112/03/28,10125868,1219702746,120.95,121.15,120.20,120.40,-1.05,10337
112/03/29,3255113,392661248,120.65,121.05,120.15,120.60,+0.20,4859
112/03/30,11586756,1404541104,121.40,121.70,120.75,121.20,+0.60,9046
112/03/31,15218318,1853800317,121.70,122.35,121.40,121.60,+0.40,11286
112/04/06,8076540,975648621,120.85,121.00,120.20,121.00,-0.60,15029
112/04/07,4623088,559443394,121.25,121.45,120.80,121.00, 0.00,6781
112/04/10,4503497,545831612,121.25,121.65,120.90,121.00, 0.00,10059
112/04/11,6233410,753799317,121.00,121.15,120.40,120.85,-0.15,7741
112/04/12,3247078,391083845,120.85,120.85,120.15,120.55,-0.30,8438
112/04/13,7509494,899888595,120.05,120.15,119.50,119.50,-1.05,20441
112/04/14,3289954,396239471,120.00,120.90,119.85,120.65,+1.15,5326
112/04/17,6061114,728092733,120.35,120.50,119.80,120.35,-0.30,10622
112/04/18,5183750,621931940,120.35,120.40,119.75,119.95,-0.40,8973
112/04/19,8700172,1037538973,120.00,120.05,118.80,119.05,-0.90,22007
112/04/20,7081813,841412699,118.85,119.40,118.40,118.90,-0.15,14761
112/04/21,5326801,633413325,119.45,119.55,118.50,118.60,-0.30,11296
112/04/24,7308582,863114882,117.80,118.50,117.70,118.15,-0.45,16153
112/04/25,21039325,2465027235,118.30,118.30,116.55,116.60,-1.55,50500
112/04/26,14209529,1647263712,116.55,116.60,115.65,116.10,-0.50,27918
112/04/27,10274310,1192417644,116.05,116.65,115.50,116.00,-0.10,16910
112/04/28,6023403,705691455,116.85,117.55,116.85,117.40,+1.40,8752
112/05/02,5572977,655524087,117.45,118.00,117.10,117.70,+0.30,9964
112/05/03,4652271,544828139,117.35,117.35,116.80,117.20,-0.50,13074
112/05/04,3888293,455688616,117.00,117.50,116.70,117.50,+0.30,6451
112/05/05,2550129,300346321,117.70,118.05,117.40,117.80,+0.30,7918
112/05/08,6287398,746027147,118.50,118.90,118.35,118.55,+0.75,8772
112/05/09,4828179,573008011,118.60,119.00,118.30,118.90,+0.35,5793
112/05/10,4685154,553250294,118.80,118.80,117.65,117.80,-1.10,14060
112/05/11,4031551,475242643,118.25,118.45,117.55,117.55,-0.25,9465
112/05/12,4251764,497565809,117.15,117.50,116.75,117.20,-0.35,10633
112/05/15,4584892,536438630,116.95,117.35,116.65,117.20, 0.00,11605
112/05/16,8154133,966494663,117.90,119.00,117.85,118.60,+1.40,8206
112/05/17,26759613,3216484995,118.65,120.70,118.65,120.55,+1.95,19879
112/05/18,23085737,2818081711,121.80,122.40,121.60,122.15,+1.60,18679
112/05/19,34913145,4278148441,122.60,122.85,122.20,122.50,+0.35,15521
112/05/22,18271130,2235344218,122.50,122.65,122.10,122.30,-0.20,13613
112/05/23,12550223,1533549326,122.30,122.65,121.80,122.20,-0.10,9154
112/05/24,11115015,1349345830,121.65,121.80,121.10,121.60,-0.60,11398
112/05/25,12032587,1479717457,123.00,123.40,122.45,123.05,+1.45,12230
112/05/26,25082491,3153789783,125.00,126.05,125.00,125.95,+2.90,22847
112/05/29,15208057,1929832310,127.45,127.55,126.50,126.75,+0.80,12780
112/05/30,12627196,1600974723,126.75,127.05,126.45,126.75, 0.00,11246
112/05/31,9229280,1162014425,126.70,126.70,125.15,126.15,-0.60,8924
112/06/01,4231123,529306119,125.35,125.60,124.90,125.15,-1.00,9059
112/06/02,8412015,1064911699,125.80,127.00,125.80,126.75,+1.60,8688
112/06/05,6813168,862022046,126.75,126.80,126.25,126.35,-0.40,12612
112/06/06,6877372,872451559,126.35,127.25,126.15,126.70,+0.35,8845
112/06/07,12723827,1627013314,127.00,128.25,127.00,128.10,+1.40,13016
112/06/08,5592606,712598286,127.90,128.20,126.55,126.85,-1.25,11699
112/06/09,5862280,749792405,127.50,128.20,127.40,127.80,+0.95,6506
112/06/12,14318994,1847755997,128.50,129.30,128.50,129.00,+1.20,15620
112/06/13,24673560,3237838070,130.20,131.95,130.20,131.55,+2.55,20840
112/06/14,7065011,928061839,131.40,131.60,131.00,131.50,-0.05,9345
112/06/15,11515134,1517768461,131.55,132.00,131.50,131.90,+0.40,11361
112/06/16,7586911,997115026,131.80,131.80,131.10,131.55,-0.35,10734
112/06/19,6339672,831339915,130.95,131.50,130.55,131.25,-0.30,9046
112/06/20,6966617,910631085,131.10,131.25,130.35,130.55,-0.70,11014
112/06/21,26907844,3512494232,130.55,131.05,130.25,130.55, 0.00,19627
112/06/26,7961459,1033662089,130.35,130.35,129.40,129.75,-0.80,14775
112/06/27,7065960,911566544,129.15,129.55,128.70,128.90,-0.85,11856
112/06/28,5943784,767169941,129.35,129.70,128.80,129.10,+0.20,6875
112/06/29,6037292,781610723,129.75,130.50,128.90,129.05,-0.05,8210
112/06/30,7504016,964915657,128.80,129.10,128.30,129.10,+0.05,11593
112/07/03,6979683,910555077,129.60,130.70,129.60,130.70,+1.60,9688
112/07/04,5919797,774846909,130.75,131.15,130.55,131.00,+0.30,6440
112/07/05,5405909,706996255,131.00,131.20,130.40,130.80,-0.20,10839
112/07/06,18056472,2319934035,129.70,129.70,127.70,127.90,-2.90,35216
112/07/07,8691413,1108433002,127.55,128.30,127.10,127.70,-0.20,15852
112/07/10,8506247,1087197872,128.10,128.50,127.00,127.45,-0.25,15866
112/07/11,4784843,616545942,128.00,129.20,128.00,129.20,+1.75,7165
112/07/12,3615026,467234931,129.30,129.45,128.85,129.45,+0.25,5255
112/07/13,16226020,2133901327,131.30,131.90,130.85,130.90,+1.45,11990
112/07/14,15492527,2045651027,131.45,132.50,131.45,132.25,+1.35,12488
112/07/17,15718027,2074554911,132.00,132.20,131.75,132.00,-0.25,14370
112/07/18,11349805,1476866383,131.00,131.00,129.70,129.85,X0.00,13808
112/07/19,14711894,1904179858,130.15,130.50,128.75,128.75,-1.10,13734
112/07/20,4065413,526047896,129.05,129.70,129.00,129.35,+0.60,6617
112/07/21,14040621,1783482811,127.40,127.40,126.50,127.20,-2.15,26081
112/07/24,10275826,1306214864,127.00,127.65,126.60,127.25,+0.05,13810
112/07/25,7215119,928837067,127.70,129.20,127.70,128.85,+1.60,9939
112/07/26,4653101,599322518,129.10,129.20,128.35,128.50,-0.35,7505
112/07/27,4193242,542308226,129.15,129.50,129.00,129.50,+1.00,5407
112/07/28,2941994,380885090,129.40,129.90,129.00,129.50, 0.00,5786
112/07/31,7751452,1003262971,130.30,130.65,128.25,128.80,-0.70,11911
112/08/01,4681935,605687341,129.00,129.55,128.85,129.45,+0.65,5568
112/08/02,13214168,1691372960,129.40,129.45,127.45,127.85,-1.60,25553
112/08/04,7590841,965724465,127.25,127.50,126.90,127.25,-0.60,17688
112/08/07,4928020,632072444,127.65,128.70,127.55,128.50,+1.25,9990
112/08/08,11518036,1462740267,128.10,128.20,126.40,127.00,-1.50,22299
112/08/09,3923514,498949221,126.80,127.65,126.65,127.20,+0.20,6570
112/08/10,12013887,1520233956,126.90,127.00,126.30,126.40,-0.80,24030
112/08/11,8352738,1057052710,127.00,127.35,126.15,126.30,-0.10,14891
112/08/14,24758060,3085645422,125.65,125.70,124.10,124.50,-1.80,45116
112/08/15,8064361,1007886002,125.25,125.45,124.60,124.70,+0.20,13972
112/08/16,19265218,2386950619,124.15,124.40,123.60,124.05,-0.65,28773
112/08/17,10203696,1262107790,123.60,124.65,122.90,124.60,+0.55,14568
112/08/18,8329354,1033129605,124.20,124.80,123.70,123.85,-0.75,15609
112/08/21,11056378,1364733615,124.20,124.45,123.00,123.00,-0.85,22157
112/08/22,3869049,479695909,124.00,124.35,123.70,124.00,+1.00,5903
112/08/23,6976770,870807674,124.00,125.15,124.00,124.85,+0.85,6513
112/08/24,7038124,892217306,126.40,127.10,126.25,127.00,+2.15,9358
112/08/25,8003807,1000262751,125.50,125.50,124.50,124.55,-2.45,19366
112/08/28,4490279,563092008,124.85,125.70,124.75,125.35,+0.80,5969
112/08/29,6680673,837437077,126.00,126.05,124.70,126.05,+0.70,5747
112/08/30,5913148,748785529,126.75,127.05,126.10,126.60,+0.55,5496
112/08/31,4631756,582873215,126.55,126.55,125.50,125.70,-0.90,7284
112/09/01,3298119,415112581,125.50,126.30,125.10,125.90,+0.20,5596
112/09/04,3707169,468203099,125.90,126.80,125.60,126.75,+0.85,7338
112/09/05,3941418,497786566,126.55,126.60,126.05,126.45,-0.30,8573
112/09/06,7625626,961803907,126.60,126.70,125.85,126.00,-0.45,9559
112/09/07,6411794,801664974,125.30,125.50,124.70,124.85,-1.15,17083
112/09/08,6199055,769574529,124.10,124.50,123.85,124.30,-0.55,14188
112/09/11,9428969,1166557903,124.45,124.50,123.40,123.80,-0.50,24971
112/09/12,2805462,349339590,124.10,125.05,123.85,125.05,+1.25,6181
112/09/13,3406028,426207684,125.20,125.60,124.70,125.20,+0.15,6039
112/09/14,7617917,963664074,125.90,126.95,125.55,126.95,+1.75,8115
112/09/15,6105752,776049821,127.00,127.35,126.75,127.35,+0.40,9240
112/09/18,7560656,953950294,126.60,126.60,125.85,126.00,-1.35,12370
112/09/19,4357933,547352485,125.85,126.05,125.35,125.45,-0.55,8893
112/09/20,6502123,811431441,125.05,125.20,124.50,124.75,-0.70,13555
112/09/21,23194776,2852690919,123.80,123.85,122.65,122.75,-2.00,42629
112/09/22,10344025,1266304522,122.45,122.80,122.05,122.65,-0.10,17251
112/09/25,4337416,534903153,122.75,123.75,122.75,123.55,+0.90,9173
112/09/26,11388965,1392938598,122.65,123.00,122.00,122.10,-1.45,27278
112/09/27,7068444,862259747,121.85,122.30,121.55,122.15,+0.05,11732
112/09/28,5881478,720853929,122.75,123.15,122.05,122.65,+0.50,8062
112/10/02,6751292,838587439,123.60,124.50,123.60,124.25,+1.60,9457
112/10/03,5464302,676825581,123.95,124.15,123.45,123.50,-0.75,9863
112/10/04,12322148,1500309693,122.10,122.20,121.35,121.90,-1.60,23810
112/10/05,4410768,543373343,122.40,123.65,122.40,123.65,+1.75,8646
112/10/06,5059285,627964218,123.80,124.30,123.80,124.10,+0.45,6632
112/10/11,14193410,1790523768,125.90,126.40,125.85,126.25,+2.15,15854
112/10/12,14896995,1891391381,126.50,127.35,126.30,127.30,+1.05,12866
112/10/13,6625556,841318386,127.00,127.40,126.50,126.95,-0.35,7770
112/10/16,8160811,1028565397,126.30,126.30,125.70,126.25,-0.70,12161
112/10/17,7017073,888838340,126.70,127.00,126.40,126.55,+0.30,4946
112/10/18,10455744,1309803222,126.25,126.25,124.80,124.80,-1.75,12920
112/10/19,8052218,1005789594,124.40,125.20,124.40,124.85,+0.05,5999
112/10/20,4697636,585353175,124.75,125.45,123.90,125.40,+0.55,8889
112/10/23,8728531,1081610006,124.85,124.85,123.55,123.85,-1.55,17221
112/10/24,7671925,946216726,123.80,123.95,122.70,123.95,+0.10,12393
112/10/25,4229277,526223763,124.20,124.90,124.20,124.20,+0.25,6992
112/10/26,24072723,2932698311,121.85,122.40,121.60,121.75,-2.45,41829
112/10/27,4413646,540170286,122.15,122.75,122.10,122.30,+0.55,8453
112/10/30,9793200,1196075934,122.40,122.85,121.75,122.00,-0.30,14083
112/10/31,11952747,1453195970,122.40,122.45,121.10,121.15,-0.85,23607
112/11/01,4851033,590621617,122.00,122.15,121.25,121.75,+0.60,9873
112/11/02,10198429,1264950789,123.15,124.50,123.15,124.50,+2.75,9411
112/11/03,9126443,1142874376,125.00,125.60,124.70,125.45,+0.95,10102
112/11/06,16723502,2122057421,126.55,127.20,126.35,126.55,+1.10,18001
112/11/07,6787466,858536486,126.50,126.80,126.10,126.50,-0.05,6880
112/11/08,11598430,1474341891,126.65,127.45,126.50,127.20,+0.70,10111
112/11/09,6557452,833538185,126.90,127.40,126.65,127.25,+0.05,6909
112/11/10,4553684,576769594,126.70,126.85,126.40,126.75,-0.50,8757
112/11/13,26195241,3377923072,129.25,129.60,128.50,128.70,+1.95,17363
112/11/14,20924489,2705445757,129.20,129.60,128.95,129.00,+0.30,14287
112/11/15,23631311,3088480462,130.90,131.00,130.05,130.55,+1.55,19145
112/11/16,18984999,2481132692,130.80,131.20,130.30,130.60,+0.05,13230
112/11/17,27988384,3673563109,130.60,131.50,130.55,131.00,+0.40,14272
112/11/20,8981513,1174727729,131.05,131.05,130.45,130.95,-0.05,9185
112/11/21,29656930,3927372905,131.45,132.70,131.45,132.55,+1.60,20483
112/11/22,6466066,850217906,131.25,131.80,131.15,131.35,-1.20,8435
112/11/23,6536128,857653472,131.35,131.45,130.75,131.30,-0.05,6940
112/11/24,13467831,1768269652,131.30,131.65,131.05,131.20,-0.10,4898
112/11/27,9897650,1294524691,131.20,131.85,130.10,130.35,-0.85,13117
112/11/28,9871026,1294408032,130.40,131.80,130.30,131.25,+0.90,8229
112/11/29,6856869,901479551,131.30,132.20,131.05,131.15,-0.10,6371
112/11/30,11141866,1461693142,131.30,131.50,130.65,131.35,+0.20,7269
112/12/01,5597363,735215490,131.00,131.80,130.80,131.80,+0.45,7516
112/12/04,4696605,616828082,131.80,132.00,130.90,131.30,-0.50,8297
112/12/05,5239029,681967654,130.60,130.60,129.90,130.35,-0.95,11762
112/12/06,7348212,961804130,130.40,131.40,130.40,130.80,+0.45,6585
112/12/07,3015451,392931187,130.60,130.65,130.00,130.00,-0.80,7413
112/12/08,13264049,1741413382,131.15,131.60,130.90,131.05,+1.05,7072
112/12/11,3510751,459990205,131.05,131.35,130.65,131.20,+0.15,9233
112/12/12,5725775,754266762,131.90,132.05,131.35,131.50,+0.30,5918
112/12/13,3169648,417085408,131.60,131.80,131.40,131.55,+0.05,5792
112/12/14,32957343,4385238569,132.65,133.45,132.50,133.15,+1.60,16680
112/12/15,18914190,2533436503,133.65,134.20,133.65,133.70,+0.55,13945
112/12/18,7066751,942681477,133.65,133.90,132.60,133.90,+0.20,9533
112/12/19,5870488,781918732,133.80,133.80,132.75,133.40,-0.50,8618
112/12/20,6963954,930578824,133.55,133.85,133.40,133.75,+0.35,7452
112/12/21,5619016,743838778,132.20,132.70,132.05,132.60,-1.15,7953
112/12/22,6358269,844967698,132.60,133.10,132.60,132.95,+0.35,4882
112/12/25,8406012,1122521003,133.00,133.80,132.95,133.50,+0.55,8464
112/12/26,17326648,2325240676,133.50,134.40,133.50,134.25,+0.75,11845
112/12/27,30857192,4177189577,134.40,135.90,134.35,135.75,+1.50,16671
112/12/28,15353146,2085248437,135.75,136.00,135.45,135.75, 0.00,9803
112/12/29,13407035,1819068025,135.70,136.00,135.35,135.45,-0.30,7710
113/01/02,6283610,848793104,135.60,135.95,134.65,134.90,-0.55,10013
113/01/03,14783894,1963126583,133.70,133.90,132.30,132.55,-2.35,25258
113/01/04,4838660,641202865,132.55,132.75,132.30,132.50,-0.05,7094
113/01/05,4566320,604475455,132.55,132.95,132.10,132.15,-0.35,12744
113/01/08,9657556,1285524342,133.00,133.60,132.75,132.75,+0.60,9876
113/01/09,5906880,787405208,133.85,133.95,132.75,133.00,+0.25,6499
113/01/10,7249096,959855308,132.40,132.65,132.00,132.30,-0.70,13348
113/01/11,5852556,777172314,132.45,133.25,132.35,132.85,+0.55,7305
113/01/12,6877839,911710806,132.20,133.05,131.95,132.65,-0.20,9482
113/01/15,12566534,1673280222,133.30,133.55,132.65,133.00,+0.35,12513
113/01/16,23016099,3029504121,132.05,132.30,131.10,131.65,-1.35,23835
113/01/17,39219163,5016755779,130.00,130.00,127.30,127.45,X0.00,50897
113/01/18,7535303,965672293,127.90,128.55,127.90,128.30,+0.85,11151
113/01/19,26897126,3553992205,131.70,133.10,131.10,132.90,+4.60,18390
113/01/22,13443533,1799399654,133.80,134.35,133.35,133.80,+0.90,12583
113/01/23,7339835,982801681,133.90,134.25,133.50,134.05,+0.25,8187
113/01/24,14554385,1953259376,134.15,134.40,133.95,134.00,-0.05,8606
113/01/25,27224110,3687022852,135.05,135.70,134.90,135.65,+1.65,20635
113/01/26,16456940,2234146555,135.65,135.95,135.30,135.65, 0.00,11391
113/01/29,27291722,3720069370,135.65,136.65,135.60,136.50,+0.85,14077
113/01/30,9944399,1356292111,136.35,136.65,136.05,136.15,-0.35,8051
113/01/31,7320760,985961198,135.25,135.30,134.35,134.35,-1.80,11931
113/02/01,8812920,1180328029,134.35,134.50,133.60,134.35, 0.00,9600
113/02/02,9178958,1238629170,135.00,135.20,134.65,135.10,+0.75,6764
113/02/05,17961425,2439229519,135.10,136.20,135.00,135.95,+0.85,16536
113/02/15,44444918,6313384766,142.20,142.70,141.40,142.35,+6.40,44592
113/02/16,18273199,2589642250,142.35,142.35,141.20,141.30,-1.05,14623
113/02/19,9632521,1357473487,141.00,141.25,140.60,141.10,-0.20,12669
113/02/20,13875231,1965919655,140.55,142.00,140.40,141.65,+0.55,11241
113/02/21,12860271,1817231233,141.40,141.50,141.05,141.20,-0.45,13387
113/02/22,13160126,1875242859,142.95,143.05,141.85,142.80,+1.60,13559
113/02/23,19974323,2872323988,143.45,144.10,143.30,143.75,+0.95,17595
113/02/26,10368883,1491081396,143.70,144.00,143.00,143.95,+0.20,12614
113/02/27,6507934,933504679,143.95,144.20,142.65,143.35,-0.60,10372
113/02/29,7372502,1055974598,143.00,143.95,142.70,143.30,-0.05,10899
113/03/01,9019098,1292041933,143.55,143.95,142.80,142.80,-0.50,11396
113/03/04,25733539,3766826897,145.00,147.20,144.85,146.95,+4.15,23900
113/03/05,17270419,2557952404,147.75,148.55,147.35,148.15,+1.20,18112
113/03/06,17232812,2554806448,147.00,149.05,146.40,148.85,+0.70,14657
113/03/07,31117921,4732119017,151.00,153.00,150.75,152.30,+3.45,25573
113/03/08,30512569,4733555354,155.60,156.45,153.00,154.45,+2.15,27381
113/03/11,13908138,2131482853,153.85,154.20,152.55,152.90,-1.55,19953
113/03/12,15457256,2377895105,152.20,154.60,152.10,154.50,+1.60,13566
113/03/13,13431850,2088230077,155.55,156.15,154.95,155.25,+0.75,12114
113/03/14,8777345,1361442129,154.90,155.80,154.30,155.10,-0.15,9671
113/03/15,9218845,1418850825,154.30,154.75,153.00,153.00,-2.10,14662
113/03/18,18434059,2836201013,153.00,154.50,153.00,154.40,+1.40,11959
113/03/19,8872114,1365460173,153.40,154.55,153.00,154.05,-0.35,8199
113/03/20,10441824,1609185340,154.20,155.30,153.00,153.20,-0.85,11445
113/03/21,21131978,3315155281,155.55,157.70,155.55,157.40,+4.20,21103
113/03/22,7163593,1126524179,157.50,158.25,156.50,157.20,-0.20,8945
113/03/25,9052498,1426632970,157.20,158.00,156.95,157.50,+0.30,10534
113/03/26,7011591,1106518323,158.30,159.20,156.40,157.60,+0.10,10423
113/03/27,4644158,730810486,157.40,157.85,156.90,157.65,+0.05,5803
113/03/28,3438375,539015594,157.30,157.30,155.90,156.90,-0.75,7097
113/03/29,8255237,1302182597,156.90,158.40,156.90,157.90,+1.00,7944
113/04/01,5727780,904051439,158.20,158.75,157.25,157.40,-0.50,9814
113/04/02,7924481,1261718566,158.45,159.65,158.40,159.65,+2.25,11341
113/04/03,5042947,799119313,158.65,158.90,157.80,158.55,-1.10,10098
113/04/08,6124837,976164820,158.65,159.85,158.55,159.45,+0.90,12306
113/04/09,9043462,1465418271,160.00,163.35,159.90,163.25,+3.80,15355
113/04/10,5731265,933773619,162.75,163.30,162.45,163.00,-0.25,12106
113/04/11,4677727,758087448,162.05,162.50,161.65,162.50,-0.50,9606
113/04/12,6129174,994740991,162.60,162.80,161.95,162.10,-0.40,7404
113/04/15,8727145,1397288443,160.25,160.55,159.60,160.00,-2.10,20071
113/04/16,18674686,2914071977,158.30,158.30,154.75,155.65,-4.35,39767
113/04/17,8077871,1267652543,155.95,157.70,155.90,157.40,+1.75,10186
113/04/18,6903163,1087753112,156.35,158.95,155.80,158.95,+1.55,8741
113/04/19,33785973,5120010612,154.10,154.15,149.50,150.90,-8.05,63456
113/04/22,9992734,1505959931,150.40,151.75,149.70,150.45,-0.45,18339
113/04/23,5718650,868908321,152.15,152.45,151.30,151.90,+1.45,7971
113/04/24,8082060,1258539965,154.00,156.50,154.00,156.35,+4.45,9579
113/04/25,5279800,811673254,154.10,154.45,153.25,153.50,-2.85,13893
113/04/26,6054296,945852784,156.00,156.80,155.50,156.00,+2.50,7970
113/04/29,8135962,1289630787,157.30,159.10,157.30,158.80,+2.80,10501
113/04/30,4792141,761950562,158.60,159.35,158.25,158.25,-0.55,6586
113/05/02,6666498,1042279767,157.35,157.35,156.00,156.15,-2.10,12625
113/05/03,5935465,936184397,158.55,158.65,156.45,156.95,+0.80,6876
113/05/06,9032607,1441651437,159.00,160.15,159.00,159.20,+2.25,12931
113/05/07,6699483,1072604883,160.25,160.55,159.50,160.10,+0.90,9146
113/05/08,6345930,1017586029,160.00,160.80,159.65,160.70,+0.60,7563
113/05/09,5285856,850455689,160.75,161.25,160.40,160.50,-0.20,5952
113/05/10,10192376,1644984436,161.25,162.10,160.55,161.65,+1.15,11494
113/05/13,9642900,1576521176,163.35,163.90,162.95,163.30,+1.65,12460
113/05/14,8291028,1358012114,163.20,164.45,162.70,164.40,+1.10,9897
113/05/15,15243403,2541851885,165.60,167.85,165.50,166.65,+2.25,18162
113/05/16,12586120,2119619590,168.95,169.75,167.10,167.45,+0.80,12459
113/05/17,5039743,842406145,167.55,167.70,166.70,167.25,-0.20,8291
113/05/20,7278652,1212643672,167.25,167.40,165.30,167.20,-0.05,13023
113/05/21,4588315,764313254,166.40,167.15,165.85,167.00,-0.20,6790
113/05/22,6928097,1171910569,167.20,170.00,167.20,170.00,+3.00,10448
113/05/23,6656188,1137393249,170.30,171.45,170.00,171.30,+1.30,11169
113/05/24,3877932,660238032,169.30,170.80,169.30,170.60,-0.70,6487
113/05/27,6149922,1062472354,171.75,173.40,171.75,172.95,+2.35,12001
113/05/28,5835433,1009317540,172.95,173.40,172.50,173.20,+0.25,8245
113/05/29,7402741,1268475158,172.45,172.50,170.55,170.85,-2.35,14406
113/05/30,10376879,1745935737,168.00,169.00,167.70,167.90,-2.95,23558
113/05/31,9114336,1525397907,168.25,168.90,166.00,166.00,-1.90,18205
113/06/03,9475689,1600550183,168.65,169.75,167.30,169.55,+3.55,12509
113/06/04,8753452,1465081642,168.75,168.75,166.50,166.85,-2.70,18696
113/06/05,4935163,827016285,167.40,168.80,166.15,168.45,+1.60,11328
113/06/06,18069198,3139162083,172.75,174.60,172.65,174.20,+5.75,19789
113/06/07,7113014,1229550638,173.30,173.40,172.40,172.85,-1.35,10518
113/06/11,11261872,1954032447,173.15,174.25,172.90,173.30,+0.45,12407
113/06/12,8173366,1431691938,173.30,176.45,173.30,176.40,+3.10,11978
113/06/13,16739748,2995817069,178.90,180.50,177.80,178.95,+2.55,17606
113/06/14,6902361,1236103031,178.95,180.00,177.80,180.00,+1.05,11630
113/06/17,8638429,1551547565,179.20,180.45,178.80,180.00, 0.00,14693
113/06/18,7029339,1284103308,182.50,183.05,182.00,183.00,+3.00,12087
113/06/19,26118499,4893505250,184.75,188.90,184.75,187.95,+4.95,27903
113/06/20,11887892,2243620224,187.95,189.75,187.80,189.75,+1.80,15551
113/06/21,10830757,2036270941,187.10,189.20,186.95,188.60,-1.15,17027
113/06/24,14671365,2705763066,186.50,186.50,183.55,184.00,-4.60,32170
113/06/25,13774562,2513790496,181.95,183.90,180.80,183.90,-0.10,20594
113/06/26,9269483,1718526283,184.95,186.10,184.25,185.35,+1.45,11194
113/06/27,6508242,1199247562,183.60,185.30,183.40,185.30,-0.05,8578
113/06/28,4455951,830033644,185.30,187.40,184.65,186.45,+1.15,7487
113/07/01,7681395,1437551892,186.55,188.05,186.25,186.60,+0.15,11579
113/07/02,5882791,1090850183,185.95,186.75,184.50,185.35,-1.25,11238
113/07/03,6787428,1270770925,187.60,187.60,186.40,187.60,+2.25,8862
113/07/04,13513209,2592032676,190.60,192.65,190.60,192.50,+4.90,17096
113/07/05,10250583,1969313776,192.60,192.85,191.55,191.80,-0.70,14725
113/07/08,17999450,3538290906,191.90,198.50,191.85,197.85,+6.05,20267
113/07/09,16177507,3201844493,197.45,200.05,195.45,197.65,-0.20,18605
113/07/10,7807965,1537696021,196.95,198.40,195.00,198.35,+0.70,16630
113/07/11,10435774,2105367679,200.65,202.80,200.00,202.75,+4.40,15095
113/07/12,16267539,3207781338,198.20,198.35,196.00,196.35,-6.40,43004
113/07/15,10323853,2034933297,197.65,198.10,196.10,196.70,+0.35,16684
113/07/16,13731487,2710925011,196.55,199.00,196.00,196.85,X0.00,16165
113/07/17,15694924,3059326947,196.40,196.50,193.60,194.10,-2.75,31123
113/07/18,19796818,3754498885,188.60,190.90,188.20,190.60,-3.50,39463
113/07/19,18436231,3456363627,188.75,189.00,186.20,186.25,-4.35,43183
113/07/22,23474914,4268806758,185.40,185.40,180.05,180.70,-5.55,48514
113/07/23,13180830,2437876621,183.70,186.30,183.70,186.30,+5.60,18100
113/07/26,29164975,5210021472,178.05,179.45,177.10,179.00,-7.30,61517
113/07/29,10574343,1915739406,181.80,182.00,179.95,180.60,+1.60,16228
113/07/30,14007149,2507019649,179.25,181.30,177.50,180.60, 0.00,22564
113/07/31,9530148,1715165757,178.85,181.15,178.60,180.85,+0.25,12645
113/08/01,14525195,2671260519,185.00,185.10,182.70,184.00,+3.15,14649
113/08/02,32816025,5798178503,178.15,178.90,174.70,174.70,-9.30,68966
113/08/05,61002329,9893076101,166.65,166.65,158.40,158.75,-15.95,111467
113/08/06,65342352,10883521675,167.30,170.40,160.80,167.50,+8.75,54758
113/08/07,32751044,5650132811,169.85,174.75,169.00,174.15,+6.65,29003
113/08/08,26852782,4585081468,171.05,172.40,169.00,170.55,-3.60,29484
113/08/09,24121860,4242663929,175.00,176.90,174.50,175.85,+5.30,21088
113/08/12,18188036,3246767115,177.25,179.80,177.25,178.05,+2.20,18552
113/08/13,11257895,2010945566,179.30,179.50,178.00,178.50,+0.45,12862
113/08/14,19282599,3487274230,180.35,181.85,179.95,180.75,+2.25,16415
113/08/15,12003834,2160883722,180.60,181.00,179.05,179.35,-1.40,16847
113/08/16,13980972,2561360342,183.00,183.65,182.35,183.40,+4.05,17837
113/08/19,9763635,1795724975,183.50,184.70,183.15,183.65,+0.25,13639
113/08/20,11135615,2053096490,184.60,185.20,183.70,183.75,+0.10,12633
113/08/21,12259979,2233167204,183.00,183.05,181.45,181.80,-1.95,17575
113/08/22,5716778,1035514934,182.10,182.60,180.35,180.85,-0.95,11371
113/08/23,8316460,1497506580,179.00,181.35,178.90,180.95,+0.10,11394
113/08/26,11798725,2149783996,182.40,183.40,180.80,181.25,+0.30,13941
113/08/27,5626648,1014124826,180.40,180.90,179.75,180.45,-0.80,8817
113/08/28,5848299,1061370161,180.50,183.00,179.85,183.00,+2.55,8787
113/08/29,11314146,2040580617,179.50,181.15,179.15,180.50,-2.50,15918
113/08/30,8281952,1501858594,180.95,182.05,180.65,181.35,+0.85,9587
113/09/02,8406621,1522822665,181.90,182.45,180.50,180.85,-0.50,11557
113/09/03,9951882,1796839463,181.00,181.50,179.70,180.05,-0.80,10334
113/09/04,34040370,5856531211,171.00,173.80,170.00,171.25,-8.80,76198
113/09/05,9617832,1667185291,172.85,174.65,171.75,172.30,+1.05,19940
113/09/06,8941475,1556560053,173.00,174.90,171.85,174.75,+2.45,13003
113/09/09,16353482,2796547163,170.40,172.10,170.30,172.05,-2.70,27362
113/09/10,9866281,1698214149,173.40,173.40,171.15,172.35,+0.30,16346
113/09/11,5427964,933696240,172.35,172.50,171.50,171.85,-0.50,11868
113/09/12,16337565,2900529886,176.10,178.65,176.10,178.30,+6.45,15442
113/09/13,4775976,852453956,179.00,179.35,177.85,178.40,+0.10,8283
113/09/16,6206362,1109655765,178.60,179.20,178.30,178.75,+0.35,11707
113/09/18,9649985,1713884250,178.50,179.10,176.55,177.85,-0.90,14610
113/09/19,8553792,1532937205,178.00,180.20,177.00,180.15,+2.30,10740
113/09/20,14311332,2620276842,183.10,184.10,182.45,182.45,+2.30,16087
113/09/23,8294604,1519352609,182.55,183.65,182.55,183.25,+0.80,9881
113/09/24,10476465,1921213429,183.20,185.00,182.10,185.00,+1.75,12024
113/09/25,12464313,2339725240,187.70,188.00,187.35,187.75,+2.75,15933
113/09/26,17369543,3290621957,189.60,190.00,188.75,189.30,+1.55,15267
113/09/27,11999510,2280157942,190.20,191.25,188.60,188.90,-0.40,15599
113/09/30,14461065,2678744441,186.55,187.20,183.95,183.95,-4.95,32756
113/10/01,9883064,1816503951,183.90,184.60,183.35,183.60,-0.35,12966
113/10/04,9244059,1702224459,184.00,185.30,183.00,183.60, 0.00,11633
113/10/07,13993911,2620896326,185.80,188.20,185.80,188.15,+4.55,16827
113/10/08,9953432,1856111985,186.95,187.35,185.50,187.25,-0.90,13785
113/10/09,11860866,2249761001,189.00,190.20,189.00,189.00,+1.75,13173
113/10/11,13197709,2531453621,189.05,192.80,189.05,192.15,+3.15,19523
113/10/14,10725917,2062002537,192.10,192.90,190.95,192.30,+0.15,13790
113/10/15,15738243,3078566625,193.00,196.60,193.00,196.40,+4.10,21261
113/10/16,18604770,3594464975,192.45,195.30,191.65,193.00,-3.40,22549
113/10/17,9936801,1916758932,194.00,194.10,191.90,193.30,+0.30,11424
113/10/18,33596096,6693832518,199.30,200.20,197.25,198.10,+4.80,28236
113/10/21,13716495,2730957583,199.05,199.95,198.00,198.05,-0.05,14559
113/10/22,8995727,1768962781,197.20,197.30,195.35,197.30,-0.75,14274
113/10/23,10050673,1970225174,196.70,196.90,195.65,196.00,-1.30,16526
113/10/24,8642395,1691119396,196.00,196.70,194.50,194.80,-1.20,13537
113/10/25,12961246,2539355383,195.00,196.55,195.00,196.40,+1.60,14768
113/10/28,11929580,2342986159,197.90,198.15,194.95,196.05,-0.35,15575
113/10/29,26008937,4977323977,193.25,193.25,190.20,191.50,-4.55,42384
113/10/30,14531256,2800185309,192.95,194.05,191.50,191.80,+0.30,15214
113/11/01,21072030,3965634116,186.15,190.55,185.95,190.50,-1.30,31562
113/11/04,7681874,1474449161,191.05,193.20,190.80,192.95,+2.45,11801
113/11/05,10565332,2040466889,191.55,194.70,191.40,193.65,+0.70,14343
113/11/06,17354391,3397786573,194.05,198.05,193.50,195.20,+1.55,18071
113/11/07,13976813,2750927967,194.90,198.05,194.50,197.45,+2.25,14323
113/11/08,13571143,2705315142,199.40,200.00,198.70,199.00,+1.55,16136
113/11/11,12949097,2560817180,198.85,199.10,196.80,199.10,+0.10,17586
113/11/12,28057434,5468639517,195.20,195.85,194.00,194.00,-5.10,39491
113/11/13,9953901,1922523282,193.85,194.00,192.50,192.75,-1.25,18957
113/11/14,13318035,2545708981,192.30,192.50,190.10,191.00,-1.75,27052
113/11/15,7809314,1498319372,192.05,192.85,190.85,192.35,+1.35,12724
113/11/18,14637016,2782796886,191.45,191.70,189.60,189.65,-2.70,30023
113/11/19,7932841,1521783388,190.70,192.95,190.20,192.25,+2.60,10221
113/11/20,12509186,2397920219,192.80,193.35,190.75,191.45,-0.80,18191
113/11/21,17071862,3229874487,190.00,190.15,188.60,189.35,-2.10,29777
113/11/22,8291408,1596363592,191.10,193.20,191.10,193.05,+3.70,9571
113/11/25,8215118,1589824232,194.70,194.75,192.25,192.35,-0.70,12809
113/11/26,12427002,2355927309,190.10,190.30,188.80,189.85,-2.50,25427
113/11/27,15890418,2989774035,189.15,189.45,187.00,187.10,-2.75,41258
113/11/28,14338446,2672826402,187.00,187.10,185.45,186.80,-0.30,27682
113/11/29,8696529,1622080954,184.95,188.00,184.50,187.25,+0.45,14805
113/12/02,11039116,2105997780,188.50,191.70,188.50,191.70,+4.45,17051
113/12/03,10613810,2062838140,194.30,194.85,193.75,194.30,+2.60,14838
113/12/04,6981025,1360361466,194.70,195.45,194.05,195.45,+1.15,11599
113/12/05,8091796,1588234113,195.75,196.60,195.65,196.50,+1.05,15278
113/12/06,7203008,1411191752,196.50,196.70,195.00,195.75,-0.75,12998
113/12/09,4897438,959977330,196.15,196.25,195.70,196.00,+0.25,9793
113/12/10,4950048,966839709,195.75,196.45,194.55,194.60,-1.40,14250
113/12/11,7388704,1427429869,193.00,194.25,192.60,192.90,-1.70,18025
113/12/12,5328062,1039959396,194.90,195.75,194.45,195.15,+2.25,7996
113/12/13,4804284,936677363,194.65,195.60,194.10,195.30,+0.15,8334
113/12/16,7781281,1531123945,197.00,197.65,195.75,196.10,+0.80,14824
113/12/17,9712168,1918075240,197.10,198.05,196.75,197.10,+1.00,10942
113/12/18,6885343,1354882552,196.80,197.85,195.60,197.10, 0.00,9838
113/12/19,14093163,2737184393,194.35,194.80,193.55,194.40,-2.70,25190
113/12/20,12318276,2374265742,193.75,193.75,192.00,192.60,-1.80,31645
113/12/23,11989317,2355441818,194.70,197.30,194.50,197.25,+4.65,17111
113/12/24,8651119,1714309024,198.50,199.10,197.50,197.80,+0.55,10906
113/12/25,6345182,1256839477,198.50,198.50,197.45,198.40,+0.60,11290
113/12/26,5000930,991798012,198.40,198.50,198.00,198.25,-0.15,7692
113/12/27,7419893,1473166055,197.60,199.05,197.30,198.90,+0.65,10934
113/12/30,8999312,1783577316,198.15,198.65,197.65,197.80,-1.10,11214
113/12/31,8290222,1625749078,196.70,196.90,195.60,195.75,-2.05,11738
114/01/02,14166530,2749829175,195.65,195.65,193.25,194.05,-1.70,31266
114/01/03,7453437,1461802474,196.00,196.95,195.20,196.00,+1.95,10588
114/01/06,26355410,5292043270,198.65,202.30,198.60,202.15,+6.15,34845
114/01/07,16788119,3443887469,204.95,206.00,204.25,204.40,+2.25,19592
114/01/08,12435236,2513950378,202.65,203.35,201.05,201.35,-3.05,17431
114/01/09,9097699,1819154055,200.20,201.15,199.00,199.05,-2.30,18459
114/01/10,9049013,1797943690,199.00,199.55,198.00,199.00,-0.05,19280
114/01/13,23384365,4565969494,199.00,199.00,194.10,194.40,-4.60,52476
114/01/14,11499417,2243491830,194.70,195.90,194.05,195.60,+1.20,15424
114/01/15,18681935,3630590932,196.00,196.00,193.75,194.10,-1.50,32605
114/01/16,16107492,3194706441,197.90,199.50,197.40,198.05,+3.95,15522
114/01/17,15650604,3065950866,197.00,197.35,194.40,196.30,X0.00,16641
114/01/20,7861450,1558092202,197.15,198.65,197.15,198.30,+2.00,13583
114/01/21,11024727,2185037920,197.30,199.20,196.70,198.70,+0.40,11705
114/01/22,13730665,2759777870,200.30,201.70,200.30,201.30,+2.60,18273
114/02/03,64929799,12468670503,192.30,193.00,190.65,192.70,-8.60,152822
114/02/04,20895891,4052034043,193.65,194.55,193.05,193.85,+1.15,34108
114/02/05,16043648,3163809227,195.75,197.80,195.75,196.80,+2.95,22885
114/02/06,11822167,2338213453,198.00,198.40,197.10,197.65,+0.85,18509
114/02/07,6126992,1212818127,197.65,198.60,197.10,198.55,+0.90,13873
114/02/10,18366301,3613707048,198.20,198.20,196.10,196.30,-2.25,44790
114/02/11,5419925,1071645166,197.50,198.50,197.00,197.50,+1.20,12095
114/02/12,7415810,1466223019,198.00,198.65,197.00,197.20,-0.30,15416
114/02/13,15306893,3006548197,197.30,197.40,195.55,196.35,-0.85,25922
114/02/14,26452171,5136323011,195.15,195.15,193.50,194.00,-2.35,69782
114/02/17,12309880,2415311176,194.75,196.95,194.75,196.95,+2.95,21505
114/02/18,8791794,1734030140,197.90,197.90,196.60,197.65,+0.70,18529
114/02/19,12820440,2531376761,197.65,197.90,197.00,197.30,-0.35,23441
114/02/20,15504294,3036131580,196.95,196.95,195.10,196.55,-0.75,35876
114/02/21,9097283,1795160598,196.50,197.95,195.90,197.95,+1.40,16607
114/02/24,14227193,2788014198,196.15,196.40,195.50,196.20,-1.75,37877
114/02/25,31389673,6070255996,194.00,194.05,192.60,193.65,-2.55,88376
114/02/26,19951637,3853695188,192.90,194.70,191.90,194.70,+1.05,37866
114/02/27,22169864,4279513662,194.95,194.95,192.35,192.50,-2.20,72029
114/03/03,65048097,12215218709,188.80,189.00,186.80,188.05,-4.45,167213
114/03/04,33496023,6232920254,185.00,187.25,184.65,186.80,-1.25,88274
114/03/05,14197516,2682191707,188.00,189.50,188.00,189.25,+2.45,31187
114/03/06,16564779,3116364519,189.35,189.35,187.35,188.10,-1.15,47087
114/03/07,20206452,3764109128,186.80,187.00,185.80,186.35,-1.75,62764
114/03/10,22718416,4206999678,186.35,186.35,184.35,185.25,-1.10,62413
114/03/11,39156166,7080180542,180.75,182.10,179.10,182.00,-3.25,103437
114/03/12,14291157,2614844140,182.10,184.40,181.60,182.80,+0.80,33262
114/03/13,15273148,2792686680,185.20,185.85,181.05,181.10,-1.70,48999
114/03/14,14434475,2605408836,181.10,181.15,179.55,180.50,-0.60,44627
114/03/17,12068530,2202388924,182.55,183.50,181.60,182.05,+1.55,26331
114/03/18,8548696,1563309131,183.10,183.85,182.35,182.80,+0.75,16975
114/03/19,13887518,2515675574,182.60,182.65,180.10,180.55,-2.25,47201
114/03/20,8174843,1499883058,182.45,184.45,182.45,184.45,+3.90,16217
114/03/21,8012408,1467436546,184.00,184.00,182.50,182.95,-1.50,19309
114/03/24,7931135,1452153508,184.40,184.40,182.30,182.75,-0.20,17479
114/03/25,8367367,1544811823,184.65,185.50,184.00,184.65,+1.90,16044
114/03/26,7266932,1339869111,185.20,185.40,183.85,184.50,-0.15,15574
114/03/27,20131926,3638675995,181.50,181.60,180.45,181.00,-3.50,55820
114/03/28,23684306,4228868765,179.15,179.30,178.00,179.20,-1.80,79495
114/03/31,43779527,7579944355,173.60,174.25,172.20,172.75,-6.45,130516
114/04/01,13028846,2284423833,173.60,176.55,173.60,176.30,+3.55,30395
114/04/02,11506862,2032740660,176.85,177.35,176.00,176.00,-0.30,25430
114/04/07,29578872,4685331802,158.40,158.40,158.40,158.40,-17.60,110835
114/04/08,88850426,13617537740,151.20,157.45,150.55,153.25,-5.15,155906
114/04/09,83829139,12545864892,152.50,154.15,145.00,146.20,-7.05,167496
114/04/10,6081831,977956987,160.80,160.80,160.80,160.80,+14.60,8425
114/04/11,51081199,8202752084,157.25,164.55,155.35,164.55,+3.75,77370
114/04/14,47341078,7858911823,168.50,168.70,163.50,163.70,-0.85,79217
114/04/15,19827286,3265491048,164.05,165.50,163.30,165.35,+1.65,37396
114/04/16,27131302,4408343222,163.80,163.80,161.40,162.35,-3.00,64314
114/04/17,20055649,3217845954,161.30,161.30,159.45,160.55,-1.80,41908
114/04/18,11985828,1932161023,161.40,161.80,160.60,160.90,+0.35,28258
114/04/21,17835479,2837544386,160.75,160.75,158.50,158.60,-2.30,52059
114/04/22,21039511,3298295836,157.55,157.90,155.95,155.95,-2.65,55872
114/04/23,16545775,2677643864,160.30,163.10,160.30,162.85,+6.90,26829
114/04/24,14351450,2335488916,163.90,164.05,161.30,161.90,-0.95,29832
114/04/25,18651089,3100147680,166.20,166.95,165.50,165.75,+3.85,31456
114/04/28,12807837,2140130704,166.80,167.50,166.80,167.15,+1.40,21747
114/04/29,11555125,1934243380,167.15,168.00,166.50,167.80,+0.65,18940
114/04/30,10178792,1712143049,167.85,169.00,167.50,168.60,+0.80,20944
114/05/02,15243499,2627600250,172.00,173.50,171.50,173.50,+4.90,28658
114/05/05,33624386,5771537482,174.60,174.60,169.90,171.95,-1.55,46170
114/05/06,29982445,5126154837,169.95,172.10,169.35,171.00,-0.95,30431
114/05/07,13869395,2371470073,171.80,172.50,169.95,170.35,-0.65,18052
114/05/08,10291384,1774490460,172.05,173.20,171.60,172.60,+2.25,13827
114/05/09,13675596,2376716685,172.70,174.95,172.35,174.75,+2.15,18963
114/05/12,14200267,2507567763,175.50,177.00,175.50,176.70,+1.95,25113
114/05/13,21040721,3783370955,180.85,181.10,178.85,178.85,+2.15,26124
114/05/14,23824282,4337610111,181.85,182.90,181.35,182.90,+4.05,27782
114/05/15,12236511,2235290336,182.90,182.90,182.00,182.50,-0.40,26025
114/05/16,10104457,1846369717,182.25,183.20,181.70,183.00,+0.50,16289
114/05/19,10637473,1929029854,182.65,182.65,180.35,180.45,-2.55,32608
114/05/20,5829657,1057784486,181.85,182.40,180.50,180.80,+0.35,15097
114/05/21,14373334,2627429657,180.90,183.85,180.90,183.60,+2.80,20351
114/05/22,9075501,1644871371,182.05,182.05,180.60,181.60,-2.00,19190
114/05/23,7223824,1307753124,182.75,182.80,180.20,180.85,-0.75,18671
114/05/26,14332324,2592059727,180.65,181.50,180.30,180.65,-0.20,17437
114/05/27,13688341,2448437615,180.65,180.65,178.00,179.05,-1.60,38236
114/05/28,8703534,1562194559,180.90,181.35,178.30,179.35,+0.30,17323
114/05/29,9749184,1754874194,181.50,181.70,179.30,179.75,+0.40,16687
114/06/02,21228875,3738759521,178.00,178.05,175.25,175.90,-3.85,71584
114/06/03,7697062,1367269242,177.50,178.80,177.00,177.15,+1.25,17315
114/06/04,12228053,2210092453,179.30,181.30,179.15,181.30,+4.15,18859
114/06/05,10845068,1974428124,182.00,182.65,181.50,181.65,+0.35,20850
114/06/06,8750467,1590916800,181.90,182.40,181.50,181.95,+0.30,15534
114/06/09,14115012,2592771731,183.40,184.05,183.05,183.70,+1.75,23612
114/06/10,31483080,5908431532,184.90,188.90,184.90,188.65,+4.95,48271
114/06/18,252639825,12002805591,47.50,47.72,47.14,47.57,+0.41,197610
114/06/19,173652638,8194338293,47.50,47.55,47.02,47.10,-0.47,151016
114/06/20,84926293,3983083439,47.10,47.16,46.69,47.03,-0.07,91592
114/06/23,107319197,4985373428,46.54,46.66,46.28,46.64,-0.39,106274
114/06/24,56021848,2656903152,47.30,47.49,47.30,47.49,+0.85,38901
114/06/25,79951752,3838838285,47.90,48.18,47.89,48.18,+0.69,49610
114/06/26,79097206,3821783656,48.30,48.45,48.17,48.24,+0.06,46674
114/06/27,95810636,4616631122,48.32,48.37,48.00,48.29,+0.05,38294
114/06/30,60476067,2923441387,48.37,48.42,48.24,48.36,+0.07,33764
114/07/01,77081298,3767256390,48.38,49.15,48.38,48.64,+0.28,50311
114/07/02,76741186,3729185639,48.57,48.75,48.38,48.65,+0.01,34114
114/07/03,62689710,3093443822,49.35,49.60,49.26,49.32,+0.67,36206
114/07/04,77050522,3779678053,49.40,49.49,48.83,48.86,-0.46,67575
114/07/07,82143364,3989308273,48.82,48.82,48.44,48.57,-0.29,67559
114/07/08,52542933,2541114698,48.45,48.51,48.21,48.35,-0.22,46080
114/07/09,39626824,1929534522,48.35,48.99,48.27,48.85,+0.50,25372
114/07/10,54779575,2699439933,49.00,49.47,48.99,49.41,+0.56,37631
114/07/11,46214252,2288749447,49.36,49.63,49.28,49.62,+0.21,31976
114/07/14,65170727,3216296277,49.59,49.59,49.21,49.33,-0.29,53055
114/07/15,69996070,3487327916,49.35,50.10,49.33,50.00,+0.67,43255
114/07/16,92296251,4662017863,50.15,50.70,50.15,50.40,+0.40,54882
114/07/17,89861784,4541576740,50.60,50.80,50.30,50.70,+0.30,38758
114/07/18,107920505,5549464817,51.40,51.60,51.30,51.45,+0.75,50816
114/07/21,78953424,4016645105,51.10,51.10,50.75,50.90,X0.00,61723
114/07/22,92162175,4682585212,50.90,51.30,50.45,50.55,-0.35,69929
114/07/23,65118595,3301594296,50.60,50.85,50.55,50.70,+0.15,39883
114/07/24,80703644,4113939185,51.00,51.10,50.80,51.00,+0.30,30768
114/07/25,40414405,2058578155,51.00,51.10,50.80,50.90,-0.10,33313
114/07/28,53609331,2737539484,51.20,51.40,50.90,51.05,+0.15,33617
114/07/29,107016033,5401314116,51.05,51.05,50.25,50.45,-0.60,83702
114/07/30,84052507,4280957316,50.80,51.10,50.65,51.00,+0.55,31386
114/07/31,83010418,4262147126,51.10,51.60,51.10,51.55,+0.55,34626
114/08/01,103281333,5266354394,50.80,51.20,50.65,51.10,-0.45,89437
114/08/04,88936360,4503157892,50.65,50.80,50.40,50.80,-0.30,68549
114/08/05,48253208,2474210259,51.25,51.45,51.05,51.45,+0.65,33010
114/08/06,51398358,2620193433,51.10,51.10,50.85,51.00,-0.45,51603
114/08/07,127953769,6696844466,51.65,52.60,51.65,52.45,+1.45,54665
114/08/08,61743128,3237110911,52.55,52.60,52.30,52.45, 0.00,42035
114/08/11,74255676,3905732299,52.35,53.10,52.05,52.85,+0.40,56445
114/08/12,60122164,3172099727,52.85,53.00,52.55,52.90,+0.05,52316
114/08/13,78177118,4158180656,53.15,53.40,52.95,53.35,+0.45,52299
114/08/14,59818527,3176226503,53.20,53.30,52.95,53.15,-0.20,52019
114/08/15,55175623,2926754479,53.15,53.30,52.80,53.15, 0.00,45703
114/08/18,48004775,2551608212,52.95,53.35,52.80,53.30,+0.15,36622
114/08/19,31232902,1661670987,53.30,53.30,53.05,53.20,-0.10,33052
114/08/20,241376498,12542811400,52.55,52.60,51.50,51.70,-1.50,275433
114/08/21,76525276,3972622579,51.75,52.10,51.75,52.00,+0.30,58092
114/08/22,47853232,2477655860,52.05,52.10,51.65,51.75,-0.25,55715
114/08/25,64451775,3394192356,52.45,52.95,52.35,52.70,+0.95,38694
114/08/26,42402036,2228387849,52.55,52.85,52.30,52.75,+0.05,30369
114/08/27,91463591,4849859263,53.00,53.15,52.90,53.00,+0.25,31919
114/08/28,61856984,3260077199,52.80,52.90,52.50,52.50,-0.50,47190
114/08/29,37614042,1979279914,52.80,52.95,52.50,52.50, 0.00,28006
114/09/01,82748402,4299875144,52.15,52.45,51.75,52.00,-0.50,96546
114/09/02,34866736,1819209221,52.30,52.50,51.95,52.00, 0.00,31108
114/09/03,41247523,2144431268,51.90,52.20,51.75,51.95,-0.05,31488
114/09/04,38611419,2027526211,52.55,52.70,52.25,52.30,+0.35,22657
114/09/05,38976905,2057938532,52.70,52.90,52.65,52.85,+0.55,31389
114/09/08,61781569,3297972688,53.40,53.55,53.25,53.35,+0.50,40208
114/09/09,57948913,3114990525,53.55,53.95,53.50,53.90,+0.55,37968
114/09/10,75585424,4140354162,54.40,55.00,54.40,54.95,+1.05,51692
114/09/11,87937880,4892216242,55.55,55.90,55.25,55.45,+0.50,63289
114/09/12,59101728,3303299908,55.75,56.00,55.70,56.00,+0.55,36831
114/09/15,56031630,3133893488,56.00,56.05,55.80,56.00, 0.00,59230
114/09/16,65388179,3705092621,56.15,56.85,56.15,56.75,+0.75,48144
114/09/17,70590054,3980499506,56.60,56.60,56.25,56.35,-0.40,76500
114/09/18,45899106,2597748047,56.50,56.95,56.25,56.95,+0.60,37903
114/09/19,74098514,4216285864,57.00,57.10,56.60,57.00,+0.05,47867
114/09/22,59170020,3377484467,57.00,57.40,56.75,57.40,+0.40,53723
114/09/23,92241987,5370469463,57.85,58.60,57.85,58.45,+1.05,65359
114/09/24,95128957,5555757681,58.70,58.95,58.10,58.40,-0.05,81505
114/09/25,59962136,3488154911,58.35,58.40,58.00,58.20,-0.20,64838
114/09/26,170962034,9763617791,57.90,57.90,56.85,57.25,-0.95,199148
114/09/30,64586624,3728927072,57.55,57.90,57.55,57.80,+0.55,47696
114/10/01,77291614,4503366313,57.90,58.75,57.90,58.10,+0.30,59386
114/10/02,73803137,4361065414,59.00,59.25,58.85,59.20,+1.10,45593
114/10/03,76083554,4545707938,59.20,60.10,59.05,60.05,+0.85,58010
114/10/07,138001575,8474594769,61.00,61.70,60.90,61.70,+1.65,98359
114/10/08,119706336,7282646193,61.00,61.15,60.60,61.15,-0.55,117731
114/10/09,76478634,4720554315,61.85,61.95,61.50,61.60,+0.45,62822
114/10/13,277610574,16788141527,59.90,61.00,59.60,61.00,-0.60,257909
114/10/14,163441296,10048295024,61.85,62.15,60.65,60.70,-0.30,129817
114/10/15,101918261,6245523944,61.00,61.80,60.60,61.80,+1.10,69593
114/10/16,115801585,7243965563,62.10,63.00,62.10,63.00,+1.20,69793
114/10/17,166191884,10319476518,62.05,62.30,61.90,62.05,-0.95,150480
114/10/20,105854638,6661383731,62.35,63.20,62.15,63.10,+1.05,71439
114/10/21,128793394,8163510301,63.40,63.65,63.05,63.20,+0.10,81028
114/10/22,124303290,7767140110,62.60,62.85,62.25,62.70,-0.50,129615
114/10/23,166688171,10363437208,62.10,62.40,61.75,62.35,-0.35,93117
114/10/27,104776108,6669961671,63.75,63.90,63.45,63.80,+1.45,64536
114/10/28,99770041,6330563186,63.55,63.70,63.20,63.35,-0.45,102903
114/10/29,67414369,4326680379,63.70,64.45,63.70,64.40,+1.05,50482
114/10/30,95106510,6125525659,64.60,64.80,64.00,64.40, 0.00,77635
114/10/31,55956524,3616991558,64.60,64.80,64.40,64.75,+0.35,44302
114/11/03,140157410,9004715647,64.45,64.80,63.90,64.15,-0.60,154188
114/11/04,88131032,5658007897,64.50,64.85,63.85,63.95,-0.20,90876
114/11/05,229413552,14391151897,62.95,63.15,62.30,63.15,-0.80,276109
114/11/06,68680372,4349732858,63.35,63.50,63.15,63.30,+0.15,57358
114/11/07,111187957,6952850646,62.65,62.75,62.40,62.55,-0.75,136880
114/11/10,83130868,5234605606,62.80,63.35,62.60,63.35,+0.80,61928
114/11/11,79723934,5046877473,63.65,63.70,62.85,62.90,-0.45,85077
114/11/12,62620173,3947348693,62.95,63.30,62.75,63.20,+0.30,55267
114/11/13,80483242,5053859324,62.80,62.95,62.60,62.90,-0.30,89344
114/11/14,223192943,13766027280,61.65,61.90,61.40,61.70,-1.20,277389
114/11/17,91925734,5696893851,62.00,62.20,61.80,61.90,+0.20,85395
114/11/18,264956405,16077471840,61.30,61.30,60.30,60.45,-1.45,354183
114/11/19,151383859,9097742490,60.15,60.50,59.90,60.05,-0.40,198226
114/11/20,84027889,5187294354,61.55,61.95,61.35,61.90,+1.85,61552
114/11/21,327691489,19593794724,60.10,60.15,59.50,59.85,-2.05,410104
114/11/24,162722018,9712201417,60.10,60.10,59.45,59.55,-0.30,155513
114/11/25,64411018,3893075835,60.70,60.75,60.10,60.35,+0.80,51135
114/11/26,75793554,4646516112,61.10,61.50,61.00,61.35,+1.00,49069
114/11/27,53852335,3333400290,61.80,62.10,61.65,61.90,+0.55,39232
114/11/28,68386478,4252497861,61.95,62.40,61.85,62.35,+0.45,37281
114/12/01,103003085,6350023506,61.80,61.95,61.40,61.50,-0.85,105261
114/12/02,43152711,2670762886,61.80,62.20,61.65,61.70,+0.20,33675
114/12/03,46546830,2900511764,62.40,62.50,62.10,62.30,+0.60,34300
114/12/04,40655322,2530843780,62.40,62.50,62.00,62.20,-0.10,35535
114/12/05,47277037,2958378181,62.45,62.75,62.35,62.75,+0.55,44751
114/12/08,78686347,4991038407,63.00,63.70,62.95,63.70,+0.95,60124
114/12/09,50671148,3225750796,63.80,63.85,63.55,63.60,-0.10,49273
114/12/10,66717948,4264783464,63.70,64.20,63.65,64.05,+0.45,51254
114/12/11,101197570,6442627838,64.30,64.50,63.20,63.35,-0.70,110925
114/12/12,60240146,3825611936,63.55,63.80,63.30,63.45,+0.10,49189
114/12/15,114939409,7203513013,62.50,62.85,62.40,62.80,-0.65,134546
114/12/16,169375708,10494294870,62.10,62.25,61.70,62.25,-0.55,211332
114/12/17,98504980,6122747371,62.15,62.45,61.85,61.90,-0.35,86356
114/12/18,117973409,7287940742,61.80,62.10,61.55,61.90, 0.00,87078
114/12/19,81027467,5067295440,62.40,62.75,62.35,62.50,+0.60,41675
114/12/22,93882538,5942586403,63.30,63.45,63.05,63.40,+0.90,52777
114/12/23,101867829,6483053926,63.50,63.80,63.50,63.70,+0.30,44429
114/12/24,64106420,4094914827,63.95,64.05,63.75,63.85,+0.15,41909
114/12/26,70816194,4556213637,64.20,64.50,64.10,64.40,+0.55,54305
114/12/29,86510015,5628464300,64.65,65.35,64.60,65.25,+0.85,63528
114/12/30,61058197,3970585296,64.90,65.30,64.75,65.15,-0.10,54458
114/12/31,71868485,4709518474,65.10,65.85,64.90,65.60,+0.45,52512
115/01/02,81135717,5396295605,66.00,67.00,65.80,66.95,+1.35,69896
115/01/05,232910010,16163783922,68.10,70.05,68.05,69.50,+2.55,141745
115/01/06,130176548,9090693014,69.45,70.40,68.95,70.40,+0.90,94772
115/01/07,122267721,8554349889,70.40,70.45,69.70,69.85,-0.55,132657
115/01/08,74866080,5233314685,69.65,70.35,69.40,70.10,+0.25,65275
115/01/09,113278257,7882596065,69.80,70.25,68.90,69.85,-0.25,117481
115/01/12,84346348,5928941344,70.50,70.55,70.05,70.35,+0.50,74258
115/01/13,103565147,7323170787,71.10,71.20,70.30,70.70,+0.35,77504
115/01/14,86322515,6115431229,70.95,71.10,70.65,70.75,+0.05,67445
115/01/15,97455363,6856607422,70.70,70.70,70.15,70.65,-0.10,122171
115/01/16,101069992,7242693243,71.75,72.10,71.20,72.00,+1.35,80151
115/01/19,122970595,8839245132,71.70,72.80,71.45,72.60,+0.60,107729
115/01/20,111046335,8024448821,71.90,72.65,71.85,72.60, 0.00,99563
115/01/21,173683092,12502883011,71.80,72.50,71.70,71.85,-0.75,203410
115/01/22,101703005,7306066892,71.90,72.05,71.60,71.80,X0.00,92128
115/01/23,70983017,5116365718,72.10,72.30,71.80,72.25,+0.45,49675
115/01/26,87992466,6373835828,72.25,72.65,72.20,72.25, 0.00,72487
115/01/27,73059634,5322600617,72.40,73.15,72.35,73.05,+0.80,53680
115/01/28,90901846,6711076738,73.55,74.20,73.50,74.20,+1.15,67825
115/01/29,119914950,8867286368,74.40,74.50,73.50,73.75,-0.45,121772
115/01/30,175275799,12738811404,73.15,73.20,72.30,72.60,-1.15,241546
115/02/02,234325396,16687566456,71.55,71.75,70.90,71.50,-1.10,332048
115/02/03,73734001,5367935502,73.00,73.05,72.40,72.95,+1.45,60314
115/02/04,59733704,4346370749,72.40,73.15,72.30,72.90,-0.05,55518
115/02/05,107575796,7742810789,72.05,72.25,71.75,72.00,-0.90,175926
115/02/06,110883112,7920520483,71.40,72.25,70.80,71.90,-0.10,134413
115/02/09,122340661,9050873718,74.05,74.15,73.75,73.95,+2.05,81342
115/02/10,102315945,7703131124,74.65,75.50,74.60,75.50,+1.55,80773
115/02/11,120639150,9275271308,75.90,77.45,75.90,77.20,+1.70,118568
115/02/23,227936939,17749552954,78.45,78.45,77.20,77.40,+0.20,220396
115/02/24,150367766,11848589798,77.95,79.65,77.85,79.40,+2.00,117830
115/02/25,167423484,13565896459,80.35,81.80,80.25,81.10,+1.70,141615
115/02/26,133517321,10841079880,81.25,81.50,80.80,81.15,+0.05,133768
115/03/02,224651381,18053460439,79.50,80.80,79.15,80.35,-0.80,297372
115/03/03,324317518,25713110082,80.05,80.40,78.65,78.75,-1.60,516152
115/03/04,505217770,38471650068,77.40,77.45,75.50,75.60,-3.15,711329
115/03/05,207004644,16090040992,78.30,78.85,76.70,77.40,+1.80,204272
115/03/06,151611764,11638160681,76.80,77.30,76.30,76.85,-0.55,179651
115/03/09,542230074,39488306757,73.15,73.60,71.65,73.60,-3.25,658991
115/03/10,173870150,13134447601,75.90,76.25,74.30,75.20,+1.60,180826
115/03/11,151798656,11785499671,76.30,78.50,76.10,78.20,+3.00,104693
